Order ID,Order Date,Month,Year,Customer Name,Customer Type,Segment,Region,Country,State,City,Category,Sub-Category,Product Name,Quantity,Unit Price,Discount,Shipping Cost,Sales,Profit,Profit Margin,Order Priority,Payment Mode
ORD-10000,2025-08-11,Aug,2025,Gary Johnson,VIP,Corporate,Central,Samoa,Maryland,North Jamie,Technology,Phones,Pm,2,298.42,0.07,7.43,555.06,140.18,0.25,High,Cash
ORD-10001,2025-06-06,Jun,2025,Brandon Bauer,VIP,Corporate,West,Trinidad and Tobago,North Carolina,New Jenna,Technology,Accessories,Cultural,7,632.14,0.06,18.0,4159.48,493.77,0.12,High,UPI
ORD-10002,2024-06-28,Jun,2024,Ashley Scott,Returning,Consumer,South,Uruguay,New Jersey,Thomasport,Furniture,Tables,Finish,7,617.08,0.11,11.28,3844.41,37.34,0.01,High,UPI
ORD-10003,2024-10-01,Oct,2024,Cory Salazar,VIP,Consumer,South,Tuvalu,Oregon,Barrettberg,Office Supplies,Paper,Project,1,11.98,0.13,40.89,10.42,1.06,0.1,Low,UPI
ORD-10004,2025-01-20,Jan,2025,Joseph Pena,New,Consumer,Central,Senegal,Arkansas,Chavezborough,Furniture,Bookcases,Raise,1,214.87,0.01,10.74,212.72,-9.79,-0.05,Medium,Cash
ORD-10005,2025-09-29,Sep,2025,Timothy Wilkins,Returning,Consumer,North,Sao Tome and Principe,Minnesota,Lake Juliestad,Office Supplies,Paper,However,5,612.09,0.27,36.61,2234.13,-1.38,0.0,High,Card
ORD-10006,2025-07-05,Jul,2025,Krystal White,New,Consumer,West,Falkland Islands (Malvinas),Washington,West Lori,Furniture,Bookcases,Political,5,597.46,0.07,9.7,2778.19,-55.35,-0.02,Low,UPI
ORD-10007,2023-03-06,Mar,2023,Angela Rodriguez,New,Consumer,West,Switzerland,Montana,South Laura,Office Supplies,Paper,Opportunity,10,618.21,0.09,46.15,5625.71,861.72,0.15,High,Net Banking
ORD-10008,2023-12-14,Dec,2023,Jessica Garcia,VIP,Consumer,North,Kazakhstan,South Dakota,Stewartfurt,Furniture,Chairs,Image,2,397.88,0.26,41.56,588.86,90.87,0.15,Medium,UPI
ORD-10009,2025-02-23,Feb,2025,Lauren Cruz,New,Consumer,South,Pakistan,Idaho,Port Davidmouth,Furniture,Chairs,Also,5,661.49,0.08,10.13,3042.85,353.67,0.12,High,UPI
ORD-10010,2024-07-27,Jul,2024,Melanie Stewart,Returning,Consumer,North,Philippines,Nevada,Parsonsside,Technology,Accessories,Walk,1,181.42,0.02,21.62,177.79,12.26,0.07,Low,Card
ORD-10011,2025-03-27,Mar,2025,Sara Walker,New,Consumer,West,Botswana,Maine,New Saraview,Office Supplies,Storage,Task,2,171.24,0.07,14.68,318.51,64.08,0.2,Low,Net Banking
ORD-10012,2024-05-12,May,2024,Nancy Perkins,VIP,Corporate,North,Kenya,New Hampshire,Kevinborough,Office Supplies,Storage,Adult,10,307.0,0.08,42.87,2824.4,531.69,0.19,Critical,Net Banking
ORD-10013,2023-06-06,Jun,2023,Rhonda Harris,New,Corporate,North,French Southern Territories,Iowa,Laurenview,Furniture,Bookcases,Tax,6,39.09,0.06,29.05,220.47,2.53,0.01,Medium,Card
ORD-10014,2025-07-21,Jul,2025,Ana Pittman,Returning,Corporate,South,Finland,Iowa,Leeshire,Technology,Phones,School,6,326.13,0.07,26.2,1819.81,-168.71,-0.09,Low,UPI
ORD-10015,2023-02-16,Feb,2023,Melissa Williams,New,Consumer,North,Poland,Virginia,Larryland,Furniture,Bookcases,Ask,5,326.42,0.17,26.29,1354.64,357.18,0.26,Low,Cash
ORD-10016,2023-07-21,Jul,2023,Michael Wilson,Returning,Home Office,East,Pakistan,Florida,Lake Keith,Office Supplies,Paper,Now,1,727.12,0.25,41.87,545.34,-3.37,-0.01,Low,Net Banking
ORD-10017,2023-12-13,Dec,2023,Carolyn Franklin,VIP,Consumer,North,Nigeria,Missouri,Lake Evanchester,Technology,Phones,Huge,8,90.17,0.28,10.55,519.38,6.9,0.01,Medium,Card
ORD-10018,2025-01-31,Jan,2025,Deanna Jenkins,VIP,Home Office,South,Spain,Indiana,Lake Jacob,Technology,Accessories,Property,9,578.51,0.29,9.83,3696.68,668.96,0.18,Critical,Net Banking
ORD-10019,2025-09-17,Sep,2025,Vincent Bryan,New,Consumer,South,Sierra Leone,New Hampshire,Charleshaven,Technology,Laptops,World,10,663.4,0.21,35.01,5240.86,-267.23,-0.05,Critical,UPI
ORD-10020,2023-07-29,Jul,2023,Abigail Watson,New,Home Office,North,Puerto Rico,Texas,South Robert,Office Supplies,Binders,On,6,172.1,0.3,47.26,722.82,150.98,0.21,Critical,Card
ORD-10021,2024-07-13,Jul,2024,Joel Mcgrath,New,Consumer,West,Botswana,Connecticut,Travisview,Furniture,Tables,By,8,482.01,0.15,7.17,3277.67,213.21,0.07,High,Net Banking
ORD-10022,2023-08-21,Aug,2023,Derek Chaney,VIP,Consumer,West,Croatia,New Mexico,Johnsonchester,Office Supplies,Binders,Western,3,82.43,0.27,45.74,180.52,31.98,0.18,High,UPI
ORD-10023,2025-11-12,Nov,2025,Michael Castillo,New,Consumer,South,Lebanon,California,South Tammy,Furniture,Chairs,Sense,7,569.6,0.04,19.0,3827.71,-61.91,-0.02,Medium,Cash
ORD-10024,2024-10-15,Oct,2024,Charles Hester,VIP,Corporate,East,Armenia,Pennsylvania,Gillview,Office Supplies,Binders,Letter,9,259.88,0.16,40.14,1964.69,265.14,0.13,Medium,Net Banking
ORD-10025,2024-07-29,Jul,2024,Michael Perez,Returning,Home Office,Central,Romania,New Hampshire,New Lucas,Furniture,Chairs,World,2,402.42,0.19,15.6,651.92,95.12,0.15,Medium,Cash
ORD-10026,2024-05-09,May,2024,Joseph Moore,Returning,Consumer,North,Hungary,Georgia,Lake Teresamouth,Technology,Accessories,Fund,6,489.93,0.0,43.35,2939.58,160.13,0.05,High,UPI
ORD-10027,2024-12-09,Dec,2024,Paula Page,VIP,Corporate,South,Christmas Island,Rhode Island,Lake Zachary,Technology,Accessories,Crime,3,283.35,0.25,37.29,637.54,156.77,0.25,Critical,UPI
ORD-10028,2024-05-08,May,2024,Tammie Richardson,VIP,Home Office,Central,Kyrgyz Republic,Ohio,Delgadoland,Furniture,Tables,Pressure,3,700.44,0.23,24.95,1618.02,354.42,0.22,Medium,Net Banking
ORD-10029,2024-06-11,Jun,2024,Lauren Fletcher,Returning,Home Office,Central,Bosnia and Herzegovina,Tennessee,East Justinside,Office Supplies,Storage,Reduce,10,320.54,0.12,19.64,2820.75,-243.44,-0.09,High,Net Banking
ORD-10030,2024-03-30,Mar,2024,Dawn Rodriguez,Returning,Corporate,East,Hungary,New York,Craigview,Technology,Accessories,Born,8,358.5,0.22,18.48,2237.04,633.05,0.28,High,Net Banking
ORD-10031,2025-10-12,Oct,2025,Philip Roberts,VIP,Home Office,South,Cyprus,Alabama,Rodriguezfurt,Technology,Accessories,Fall,1,588.81,0.13,46.57,512.26,-21.03,-0.04,Medium,Card
ORD-10032,2024-04-01,Apr,2024,Katelyn Brady,Returning,Consumer,North,India,New Mexico,Veronicaborough,Office Supplies,Paper,General,1,38.35,0.06,26.45,36.05,6.53,0.18,Critical,Card
ORD-10033,2024-07-20,Jul,2024,Tiffany Adams,New,Corporate,North,Russian Federation,Oregon,South Victorside,Office Supplies,Paper,Season,5,226.51,0.02,23.97,1109.9,219.09,0.2,Low,UPI
ORD-10034,2025-01-29,Jan,2025,Jessica Henry,New,Corporate,West,Qatar,South Dakota,Catherinestad,Furniture,Bookcases,Just,8,726.81,0.04,25.48,5581.9,-331.29,-0.06,Low,Cash
ORD-10035,2023-06-19,Jun,2023,Natasha Rodriguez,Returning,Consumer,East,Cambodia,West Virginia,East Makaylamouth,Office Supplies,Paper,Purpose,4,556.18,0.13,35.37,1935.51,305.65,0.16,High,UPI
ORD-10036,2025-03-12,Mar,2025,Misty Martin,VIP,Corporate,Central,Pitcairn Islands,Michigan,Williamside,Office Supplies,Storage,Financial,3,594.49,0.15,45.99,1515.95,257.1,0.17,Critical,Card
ORD-10037,2023-11-16,Nov,2023,Megan Becker,New,Consumer,East,Anguilla,Maryland,Gravesburgh,Office Supplies,Paper,Word,1,363.18,0.22,5.22,283.28,-21.88,-0.08,Low,Card
ORD-10038,2025-06-28,Jun,2025,Brian May,Returning,Home Office,Central,Tunisia,Illinois,South Amberton,Technology,Laptops,That,6,485.31,0.26,14.48,2154.78,150.3,0.07,Critical,Net Banking
ORD-10039,2024-06-12,Jun,2024,Alicia Fox,New,Home Office,North,Fiji,Maine,Deanport,Technology,Phones,Rise,6,527.53,0.2,8.24,2532.14,72.71,0.03,High,UPI
ORD-10040,2023-09-18,Sep,2023,John Brooks,New,Corporate,South,Iceland,Iowa,West Ethanstad,Furniture,Tables,Everything,10,450.0,0.11,13.06,4005.0,202.3,0.05,Low,Card
ORD-10041,2025-03-31,Mar,2025,Shawn Hamilton,VIP,Consumer,East,Saudi Arabia,Alabama,Phyllisland,Technology,Phones,Doctor,2,526.8,0.19,26.87,853.42,30.19,0.04,Critical,Net Banking
ORD-10042,2024-10-22,Oct,2024,Robert Maynard,Returning,Home Office,North,New Caledonia,North Carolina,Dudleystad,Office Supplies,Storage,Success,3,195.77,0.17,25.19,487.47,13.36,0.03,Medium,UPI
ORD-10043,2025-10-18,Oct,2025,William Bond,VIP,Corporate,South,Ukraine,Delaware,South Tammy,Furniture,Tables,Second,1,56.17,0.23,39.87,43.25,4.86,0.11,Low,Cash
ORD-10044,2023-08-25,Aug,2023,Kristina Patton,VIP,Home Office,South,Tunisia,California,Alexanderland,Furniture,Bookcases,Cover,3,344.04,0.24,16.25,784.41,231.37,0.29,Critical,Net Banking
ORD-10045,2025-01-05,Jan,2025,Dan Jones,Returning,Consumer,Central,Kazakhstan,Wisconsin,New Cindy,Furniture,Bookcases,Place,8,410.54,0.05,30.81,3120.1,447.03,0.14,Critical,Cash
ORD-10046,2023-05-11,May,2023,Chad Bell,Returning,Corporate,East,Bosnia and Herzegovina,Idaho,East Barbarastad,Furniture,Bookcases,Ability,10,522.23,0.26,20.02,3864.5,754.32,0.2,Low,Net Banking
ORD-10047,2024-01-15,Jan,2024,Peter Garza,New,Consumer,Central,Venezuela,Idaho,East Lisaside,Furniture,Chairs,Far,6,365.34,0.26,21.54,1622.11,437.6,0.27,Critical,Net Banking
ORD-10048,2023-11-01,Nov,2023,Mia Johnson,Returning,Corporate,West,Solomon Islands,Maine,West Nicholas,Technology,Laptops,Compare,5,372.69,0.08,13.32,1714.37,-99.87,-0.06,Low,UPI
ORD-10049,2025-03-23,Mar,2025,Karen Pierce,VIP,Consumer,South,Trinidad and Tobago,Hawaii,Lake Jennytown,Technology,Laptops,Hit,5,474.92,0.16,18.37,1994.66,328.45,0.16,Low,Net Banking
ORD-10050,2023-08-03,Aug,2023,Joel Ball,VIP,Consumer,Central,Malta,Vermont,Cortezport,Office Supplies,Paper,Place,2,399.17,0.1,9.33,718.51,5.4,0.01,Critical,Cash
ORD-10051,2023-10-25,Oct,2023,Patricia Matthews,VIP,Home Office,South,Belgium,Alaska,South Taylor,Office Supplies,Binders,Short,6,471.66,0.07,28.5,2631.86,-0.85,0.0,High,Card
ORD-10052,2025-01-03,Jan,2025,Jack Woods DDS,New,Corporate,Central,Suriname,Nevada,Ryanport,Technology,Accessories,Believe,4,115.82,0.29,44.96,328.93,5.04,0.02,Low,Cash
ORD-10053,2023-05-18,May,2023,Peter Dennis,Returning,Home Office,East,Christmas Island,Minnesota,Baxterfurt,Technology,Accessories,Follow,8,619.52,0.1,43.33,4460.54,309.79,0.07,High,Cash
ORD-10054,2025-04-02,Apr,2025,Travis Woods,New,Home Office,East,Dominican Republic,New Hampshire,Gregoryport,Technology,Accessories,Help,1,510.01,0.11,37.47,453.91,-36.74,-0.08,Medium,Card
ORD-10055,2023-01-02,Jan,2023,Casey Morrison,VIP,Corporate,West,Bermuda,Tennessee,Lauramouth,Technology,Accessories,Standard,9,612.66,0.15,27.59,4686.85,-376.67,-0.08,Low,Cash
ORD-10056,2023-03-05,Mar,2023,Samuel Holt,Returning,Corporate,North,Guadeloupe,New Jersey,Michelletown,Technology,Laptops,Agreement,10,567.89,0.11,17.5,5054.22,-281.76,-0.06,Low,Cash
ORD-10057,2024-11-06,Nov,2024,James Griffith,Returning,Home Office,North,Benin,Ohio,Macdonaldfort,Furniture,Chairs,Husband,7,454.0,0.29,7.46,2256.38,327.44,0.15,High,Cash
ORD-10058,2022-12-24,Dec,2022,Angelica Gonzales,New,Corporate,East,Venezuela,Louisiana,Edwardsstad,Office Supplies,Storage,Organization,5,607.96,0.01,39.08,3009.4,190.05,0.06,Medium,Cash
ORD-10059,2024-03-03,Mar,2024,Anna Hughes,New,Corporate,West,Guinea,Oregon,Dianaberg,Furniture,Tables,Position,2,160.25,0.15,24.26,272.43,68.3,0.25,High,Cash
ORD-10060,2025-10-10,Oct,2025,Randall Tucker,VIP,Home Office,Central,Iran,New Jersey,Ellisborough,Office Supplies,Binders,Bad,4,682.88,0.22,45.59,2130.59,110.7,0.05,Low,Cash
ORD-10061,2025-03-10,Mar,2025,Michael Carlson,VIP,Corporate,East,Martinique,Delaware,Hernandezfort,Furniture,Chairs,Half,10,325.51,0.13,42.65,2831.94,344.02,0.12,Medium,Card
ORD-10062,2025-06-14,Jun,2025,Megan Rowland,New,Corporate,East,Philippines,North Carolina,Angelaport,Office Supplies,Binders,Record,6,81.24,0.14,12.06,419.2,122.23,0.29,Low,Cash
ORD-10063,2024-05-01,May,2024,Claudia Lambert,New,Consumer,East,Germany,Arkansas,Mosshaven,Office Supplies,Paper,Season,5,164.59,0.05,32.02,781.8,126.37,0.16,Low,UPI
ORD-10064,2025-03-04,Mar,2025,Matthew Edwards,VIP,Home Office,North,Portugal,Wisconsin,West Erichaven,Technology,Accessories,Voice,9,215.98,0.04,30.94,1866.07,348.45,0.19,High,Net Banking
ORD-10065,2024-06-06,Jun,2024,Carla Long,VIP,Home Office,North,Rwanda,Alaska,Taylorview,Technology,Accessories,Until,8,72.67,0.09,12.55,529.04,14.27,0.03,Medium,Net Banking
ORD-10066,2023-02-13,Feb,2023,David Clark,Returning,Home Office,East,Cook Islands,Arizona,Morrisonbury,Technology,Laptops,Recent,9,775.61,0.0,10.93,6980.49,57.95,0.01,Low,Cash
ORD-10067,2025-03-10,Mar,2025,Michael Hodge,VIP,Consumer,Central,Bermuda,South Dakota,East Suzanneshire,Office Supplies,Storage,Administration,10,252.04,0.05,15.77,2394.38,308.66,0.13,Critical,UPI
ORD-10068,2023-02-23,Feb,2023,Samuel Beck,New,Corporate,Central,Korea,South Carolina,Dustintown,Technology,Laptops,Kid,3,656.49,0.07,48.8,1831.61,416.9,0.23,High,Cash
ORD-10069,2025-02-05,Feb,2025,Mercedes Wise,Returning,Home Office,East,Vanuatu,Mississippi,New Mark,Furniture,Bookcases,Side,10,399.14,0.07,17.72,3712.0,133.6,0.04,Critical,Cash
ORD-10070,2023-03-16,Mar,2023,Faith Ward,New,Consumer,South,Mauritania,Hawaii,Mckeechester,Furniture,Chairs,Almost,7,394.19,0.29,23.96,1959.12,522.87,0.27,Low,Net Banking
ORD-10071,2025-10-22,Oct,2025,Tiffany Webster,Returning,Home Office,North,Burundi,Arizona,Masonchester,Office Supplies,Storage,Executive,2,699.96,0.15,16.13,1189.93,210.25,0.18,Medium,Cash
ORD-10072,2023-09-24,Sep,2023,Ernest Ferguson,Returning,Consumer,West,Congo,New Hampshire,Gonzalestown,Office Supplies,Storage,Task,2,189.27,0.18,29.03,310.4,38.18,0.12,Low,Card
ORD-10073,2023-04-08,Apr,2023,Karen Ward,VIP,Home Office,South,Antigua and Barbuda,Colorado,Angelicafort,Technology,Accessories,Son,5,349.36,0.05,31.75,1659.46,106.55,0.06,Medium,Net Banking
ORD-10074,2023-03-17,Mar,2023,Emily Bryant,VIP,Home Office,Central,Singapore,Arkansas,North Joseph,Technology,Laptops,Any,9,90.42,0.17,8.74,675.44,147.73,0.22,High,UPI
ORD-10075,2024-12-16,Dec,2024,Cheyenne Vincent,Returning,Home Office,North,Mayotte,South Dakota,East David,Furniture,Bookcases,For,5,660.3,0.03,26.07,3202.45,185.21,0.06,High,Cash
ORD-10076,2023-01-06,Jan,2023,Elizabeth Melendez,VIP,Consumer,West,French Southern Territories,Rhode Island,Wrightland,Furniture,Tables,Society,3,29.41,0.16,15.36,74.11,21.24,0.29,Critical,UPI
ORD-10077,2025-04-26,Apr,2025,Briana Simmons,VIP,Home Office,South,French Southern Territories,Ohio,Bettymouth,Technology,Phones,Enough,4,425.24,0.26,17.88,1258.71,123.91,0.1,Critical,Cash
ORD-10078,2024-06-28,Jun,2024,Monique Stone,Returning,Home Office,North,Netherlands,New York,South Lisa,Office Supplies,Paper,While,1,507.3,0.19,29.44,410.91,60.02,0.15,High,UPI
ORD-10079,2024-02-21,Feb,2024,Juan Gardner,New,Home Office,Central,Niue,Utah,Wesleymouth,Furniture,Tables,By,6,38.53,0.03,6.92,224.24,40.89,0.18,Medium,Cash
ORD-10080,2025-05-12,May,2025,Thomas Lopez,New,Consumer,South,Peru,North Carolina,New Kenneth,Furniture,Tables,Ground,2,743.91,0.01,31.03,1472.94,322.86,0.22,Medium,UPI
ORD-10081,2025-07-23,Jul,2025,Michael Brooks,Returning,Consumer,North,Saudi Arabia,Mississippi,North Joseph,Technology,Accessories,Field,8,193.04,0.18,25.51,1266.34,114.34,0.09,Critical,Net Banking
ORD-10082,2025-08-06,Aug,2025,Zachary Garcia,Returning,Home Office,South,Netherlands Antilles,West Virginia,West Maryshire,Technology,Phones,Where,2,317.58,0.21,21.52,501.78,-29.2,-0.06,High,Net Banking
ORD-10083,2024-03-03,Mar,2024,Stephanie Rogers,New,Corporate,East,Niger,Louisiana,Johnland,Office Supplies,Binders,Soldier,8,322.84,0.13,49.08,2246.97,320.32,0.14,Low,Net Banking
ORD-10084,2023-12-23,Dec,2023,Megan Martin,New,Home Office,East,Indonesia,Iowa,Lake Angelaport,Office Supplies,Binders,Simply,8,503.42,0.25,23.89,3020.52,462.6,0.15,Low,Card
ORD-10085,2022-12-21,Dec,2022,Kelli Wang,VIP,Corporate,North,Mauritania,Georgia,West Gregorymouth,Office Supplies,Storage,Know,7,592.61,0.22,11.2,3235.65,928.54,0.29,Medium,Net Banking
ORD-10086,2024-08-25,Aug,2024,Amanda Mccarthy,New,Consumer,South,Bahrain,Kansas,Port Rebeccafort,Technology,Laptops,Can,10,203.01,0.26,23.87,1502.27,430.26,0.29,High,UPI
ORD-10087,2023-04-29,Apr,2023,Stephanie Lewis,New,Corporate,North,Macedonia,New Hampshire,Michellemouth,Technology,Phones,Establish,9,385.88,0.2,24.72,2778.34,-204.71,-0.07,High,UPI
ORD-10088,2023-11-19,Nov,2023,Jonathan Walsh,New,Home Office,West,Martinique,Maryland,West Leahbury,Technology,Phones,Pm,9,628.55,0.05,42.3,5374.1,-399.85,-0.07,High,UPI
ORD-10089,2023-01-22,Jan,2023,Walter Martinez,VIP,Consumer,North,Bolivia,Virginia,Jillianland,Furniture,Tables,Center,9,293.91,0.01,21.53,2618.74,-216.45,-0.08,High,UPI
ORD-10090,2024-09-04,Sep,2024,Lauren Allen,New,Corporate,Central,Finland,Arizona,East Taylorview,Furniture,Chairs,Personal,9,626.07,0.28,17.92,4056.93,498.13,0.12,Critical,UPI
ORD-10091,2023-06-17,Jun,2023,Rebecca Ruiz,VIP,Consumer,East,Sao Tome and Principe,Minnesota,West Jennifer,Technology,Accessories,Occur,6,656.55,0.05,5.33,3742.33,461.93,0.12,Medium,Card
ORD-10092,2023-09-17,Sep,2023,Stephanie Williams,VIP,Corporate,Central,Montserrat,Mississippi,West Ian,Office Supplies,Storage,News,2,271.43,0.08,32.59,499.43,-28.77,-0.06,Medium,Net Banking
ORD-10093,2023-06-12,Jun,2023,Dylan Munoz,New,Home Office,West,Botswana,South Dakota,Jefferyside,Office Supplies,Binders,Particularly,9,322.87,0.09,46.66,2644.31,100.7,0.04,High,Cash
ORD-10094,2024-05-17,May,2024,Victoria Snyder,VIP,Corporate,West,Namibia,Nevada,Port Michael,Furniture,Chairs,Stock,6,107.12,0.2,7.19,514.18,-33.66,-0.07,Low,Card
ORD-10095,2023-05-02,May,2023,Mary Lee,VIP,Home Office,West,Saint Martin,Tennessee,Campbelltown,Furniture,Bookcases,Authority,3,257.24,0.28,12.17,555.64,-52.65,-0.09,Low,Cash
ORD-10096,2025-07-23,Jul,2025,Kimberly Parker,VIP,Corporate,East,Bolivia,West Virginia,East David,Office Supplies,Storage,Sing,7,684.62,0.27,26.13,3498.41,656.8,0.19,High,UPI
ORD-10097,2023-06-15,Jun,2023,Rhonda Young,New,Corporate,West,Martinique,Vermont,North Ryanmouth,Technology,Accessories,Cost,7,224.85,0.05,24.48,1495.25,-105.83,-0.07,Low,Cash
ORD-10098,2024-10-22,Oct,2024,Michelle Garrett,VIP,Consumer,East,Bahamas,Delaware,Gordonton,Furniture,Bookcases,Site,7,655.76,0.02,18.99,4498.51,-237.17,-0.05,Low,Net Banking
ORD-10099,2023-08-21,Aug,2023,Jeffrey Randall,Returning,Home Office,North,Georgia,Connecticut,Greenberg,Technology,Phones,Ever,3,100.17,0.15,45.94,255.43,30.09,0.12,High,UPI
ORD-10100,2024-02-10,Feb,2024,Robert Harris,VIP,Home Office,North,Malta,North Dakota,North Erinport,Office Supplies,Storage,Pattern,1,21.75,0.11,17.13,19.36,3.48,0.18,Low,UPI
ORD-10101,2024-02-07,Feb,2024,Stephanie Allen,New,Home Office,East,Togo,Florida,Greenmouth,Office Supplies,Binders,Thus,7,562.46,0.08,29.16,3622.24,331.74,0.09,Critical,UPI
ORD-10102,2023-03-09,Mar,2023,Ricky Martinez,VIP,Corporate,South,Oman,Arizona,East Mia,Office Supplies,Paper,Talk,9,181.35,0.08,13.61,1501.58,97.06,0.06,Low,UPI
ORD-10103,2023-01-22,Jan,2023,Thomas Dorsey DVM,VIP,Home Office,North,Austria,South Carolina,Jonesville,Technology,Phones,Show,8,502.49,0.19,30.66,3256.14,973.08,0.3,Low,Net Banking
ORD-10104,2023-03-19,Mar,2023,Ryan Quinn,VIP,Consumer,North,Belgium,Idaho,Jamesmouth,Furniture,Chairs,Make,7,562.27,0.16,24.79,3306.15,-171.39,-0.05,Critical,Card
ORD-10105,2025-09-07,Sep,2025,Kristi Moreno,New,Consumer,North,Sri Lanka,Connecticut,Lake Taylor,Technology,Accessories,Care,3,584.06,0.28,31.58,1261.57,-16.7,-0.01,Critical,Card
ORD-10106,2025-06-25,Jun,2025,Andrew Shields,New,Corporate,North,Peru,Hawaii,Ellenland,Furniture,Chairs,Inside,5,127.92,0.12,28.29,562.85,133.38,0.24,High,Card
ORD-10107,2025-09-28,Sep,2025,Jessica Stark,VIP,Corporate,Central,Pakistan,Michigan,East Jillian,Furniture,Bookcases,Else,3,448.51,0.09,5.89,1224.43,111.86,0.09,Low,Card
ORD-10108,2025-05-26,May,2025,Alyssa Park,New,Consumer,East,Sudan,Wyoming,Mcdanielfort,Technology,Laptops,Mission,9,520.45,0.28,37.68,3372.52,516.62,0.15,High,Net Banking
ORD-10109,2024-09-15,Sep,2024,Michele Newton,New,Home Office,East,Bolivia,New Jersey,Donnaburgh,Furniture,Bookcases,Although,8,673.83,0.14,12.25,4635.95,1257.92,0.27,Medium,Card
ORD-10110,2024-01-15,Jan,2024,Debra Jackson,New,Consumer,North,Indonesia,Montana,North Lisamouth,Furniture,Chairs,Ground,6,272.48,0.02,15.05,1602.18,386.61,0.24,Medium,Net Banking
ORD-10111,2025-05-31,May,2025,Edward Hayes,VIP,Consumer,Central,United Arab Emirates,Arkansas,Paulmouth,Office Supplies,Binders,Difference,4,729.06,0.05,46.69,2770.43,-222.25,-0.08,Critical,Cash
ORD-10112,2023-05-30,May,2023,Mark Harris,Returning,Consumer,West,India,Kansas,Port William,Technology,Phones,Office,3,377.41,0.3,29.88,792.56,228.88,0.29,High,Net Banking
ORD-10113,2024-01-31,Jan,2024,Patrick Kennedy,New,Corporate,South,Sweden,Pennsylvania,Angelastad,Technology,Laptops,Wind,8,302.23,0.17,23.38,2006.81,164.16,0.08,Medium,UPI
ORD-10114,2023-05-24,May,2023,Kevin Sanders,Returning,Corporate,West,Mali,Oregon,West Michael,Technology,Accessories,Born,5,490.96,0.25,10.86,1841.1,-49.82,-0.03,Critical,Net Banking
ORD-10115,2024-06-26,Jun,2024,Jessica Cobb,New,Corporate,West,Guyana,Delaware,Teresachester,Technology,Phones,Price,10,161.98,0.26,19.34,1198.65,166.28,0.14,Low,Card
ORD-10116,2023-05-10,May,2023,Darin Clark,Returning,Home Office,Central,Guinea,Hawaii,East Stacyburgh,Furniture,Chairs,,1,745.17,0.0,25.91,745.17,-17.06,-0.02,Critical,Cash
ORD-10117,2023-03-03,Mar,2023,Sherry Brown,VIP,Consumer,South,Aruba,Wyoming,South Ashleyport,Office Supplies,Paper,Know,3,345.55,0.16,49.74,870.79,139.11,0.16,High,UPI
ORD-10118,2024-10-25,Oct,2024,Allen Murphy,Returning,Corporate,Central,Sao Tome and Principe,North Carolina,Mccalltown,Furniture,Bookcases,Lay,4,417.97,0.15,23.86,1421.1,329.01,0.23,Low,Card
ORD-10119,2023-03-14,Mar,2023,John Smith,Returning,Home Office,West,Belize,Idaho,East Donnamouth,Office Supplies,Paper,Seat,5,356.31,0.05,37.82,1692.47,321.0,0.19,High,Cash
ORD-10120,2025-10-17,Oct,2025,Noah Andrews,New,Corporate,Central,Denmark,New Jersey,West Leslie,Furniture,Tables,Catch,8,426.21,0.19,23.99,2761.84,585.08,0.21,Medium,Card
ORD-10121,2024-10-03,Oct,2024,Brian Velasquez,New,Home Office,North,Croatia,Illinois,Ramirezfort,Technology,Accessories,Should,6,431.26,0.24,34.13,1966.55,365.57,0.19,High,UPI
ORD-10122,2025-06-10,Jun,2025,Sarah Johnston,VIP,Corporate,North,Cameroon,Montana,Cherylside,Furniture,Tables,Tree,6,67.72,0.02,34.83,398.19,55.85,0.14,Critical,Cash
ORD-10123,2024-03-02,Mar,2024,Kendra Wilson,Returning,Corporate,North,Bolivia,Michigan,Lake Renee,Office Supplies,Paper,Part,8,444.2,0.15,47.06,3020.56,643.98,0.21,Medium,UPI
ORD-10124,2024-06-26,Jun,2024,Dr. Tyler Smith,Returning,Home Office,West,Austria,New Hampshire,Mahoneystad,Technology,Laptops,Sister,7,692.32,0.21,31.41,3828.53,755.64,0.2,Low,UPI
ORD-10125,2024-11-30,Nov,2024,Jonathan Costa,VIP,Home Office,Central,Kiribati,Delaware,Ibarraborough,Office Supplies,Binders,Issue,5,794.71,0.11,7.84,3536.46,242.33,0.07,Medium,Cash
ORD-10126,2023-06-27,Jun,2023,Andrew Neal,VIP,Home Office,North,Benin,Colorado,Richardborough,Technology,Laptops,Avoid,2,792.13,0.08,8.74,1457.52,29.5,0.02,Medium,Net Banking
ORD-10127,2024-09-07,Sep,2024,Jeremy Russell,New,Consumer,West,Liechtenstein,California,West Robert,Office Supplies,Paper,Billion,2,417.5,0.18,45.98,684.7,-27.57,-0.04,High,Card
ORD-10128,2025-08-02,Aug,2025,Jacob Torres,VIP,Consumer,Central,Palau,Indiana,Greenshire,Office Supplies,Paper,Section,8,581.15,0.29,23.88,3300.93,744.11,0.23,Low,UPI
ORD-10129,2025-02-13,Feb,2025,Juan Benton,VIP,Home Office,Central,Turkmenistan,Virginia,Lake Briana,Furniture,Bookcases,Peace,9,292.08,0.13,48.0,2286.99,-221.74,-0.1,High,UPI
ORD-10130,2023-03-28,Mar,2023,Samantha Houston,VIP,Corporate,West,Guinea,Mississippi,Port Steven,Office Supplies,Storage,Society,3,132.53,0.13,13.27,345.9,82.22,0.24,Critical,Card
ORD-10131,2024-05-05,May,2024,Melvin Wong,VIP,Home Office,North,Lebanon,Rhode Island,North Laurie,Technology,Accessories,Especially,9,537.37,0.17,24.72,4014.15,386.85,0.1,Medium,UPI
ORD-10132,2025-10-27,Oct,2025,Candace Mills,VIP,Consumer,East,Marshall Islands,South Dakota,Port Randall,Technology,Phones,Audience,5,127.02,0.07,11.24,590.64,-9.91,-0.02,Low,Cash
ORD-10133,2023-03-26,Mar,2023,Erin Mercado,Returning,Corporate,South,Eritrea,California,Reesetown,Office Supplies,Storage,Attack,2,642.56,0.05,13.58,1220.86,321.91,0.26,Low,Net Banking
ORD-10134,2025-01-10,Jan,2025,Derrick Williams,Returning,Consumer,North,Djibouti,New Mexico,Franklinchester,Technology,Laptops,Class,6,270.64,0.27,47.32,1185.4,91.53,0.08,Critical,Cash
ORD-10135,2024-02-28,Feb,2024,Shannon Phillips,Returning,Home Office,East,Ecuador,Missouri,Feliciashire,Furniture,Tables,Others,8,175.73,0.08,40.83,1293.37,236.18,0.18,Critical,Cash
ORD-10136,2025-10-17,Oct,2025,Caleb Greene,New,Consumer,Central,Philippines,New Jersey,Michaelview,Technology,Phones,Soldier,2,350.92,0.11,12.4,624.64,-38.67,-0.06,Low,Net Banking
ORD-10137,2025-01-27,Jan,2025,Jim Weaver,VIP,Consumer,West,Lithuania,Ohio,Johnshire,Technology,Phones,Second,4,478.32,0.01,5.67,1894.15,-183.03,-0.1,Low,UPI
ORD-10138,2023-03-20,Mar,2023,Maria Schaefer,New,Corporate,Central,Djibouti,North Dakota,Port Calvinton,Office Supplies,Storage,Who,2,741.41,0.0,26.1,1482.82,118.48,0.08,Low,Cash
ORD-10139,2023-02-22,Feb,2023,Wendy Kennedy,Returning,Consumer,North,Suriname,Alabama,Fletcherland,Furniture,Chairs,Cut,4,584.06,0.09,30.1,2125.98,-119.0,-0.06,Low,Cash
ORD-10140,2023-01-20,Jan,2023,Shannon Frazier,Returning,Home Office,West,Cameroon,South Dakota,Torreston,Furniture,Chairs,Indicate,10,793.58,0.06,34.24,7459.65,-736.11,-0.1,High,Cash
ORD-10141,2024-07-29,Jul,2024,Chelsey Hudson,New,Corporate,Central,Equatorial Guinea,Vermont,Jamesland,Technology,Phones,Beyond,5,554.05,0.13,15.92,2410.12,-17.23,-0.01,Critical,Cash
ORD-10142,2023-12-30,Dec,2023,Matthew Cole,New,Consumer,North,Cape Verde,New Mexico,New Mary,Technology,Laptops,Family,2,651.24,0.19,22.7,1055.01,85.44,0.08,Low,Cash
ORD-10143,2024-06-30,Jun,2024,Dawn Berg,VIP,Corporate,East,Nigeria,Florida,East Kennethberg,Office Supplies,Paper,Early,2,644.28,0.22,25.6,1005.08,81.16,0.08,High,Card
ORD-10144,2023-12-11,Dec,2023,Robert Cox,VIP,Home Office,East,Martinique,Utah,Wadeburgh,Furniture,Chairs,All,6,134.4,0.24,43.92,612.86,113.59,0.19,Critical,Net Banking
ORD-10145,2023-07-11,Jul,2023,Tiffany Henderson,VIP,Corporate,Central,Costa Rica,South Carolina,New Brandonhaven,Office Supplies,Paper,Whether,7,623.43,0.08,38.41,4014.89,689.33,0.17,Critical,Net Banking
ORD-10146,2025-06-17,Jun,2025,Eric Nicholson,New,Corporate,South,Nicaragua,Rhode Island,Davisport,Technology,Phones,Blue,1,352.34,0.3,38.91,246.64,-3.76,-0.02,High,Card
ORD-10147,2024-01-26,Jan,2024,Melissa Olson,VIP,Consumer,Central,Georgia,Kansas,Edwardville,Furniture,Chairs,City,5,204.41,0.22,10.5,797.2,230.54,0.29,High,Card
ORD-10148,2025-02-25,Feb,2025,James Yang,VIP,Home Office,North,Saint Barthelemy,Tennessee,Edwardberg,Office Supplies,Storage,All,3,538.87,0.04,49.47,1551.95,292.26,0.19,Critical,UPI
ORD-10149,2024-04-13,Apr,2024,Joshua Allen,Returning,Home Office,West,Tanzania,New Jersey,Port Joan,Technology,Accessories,Doctor,6,110.31,0.26,15.18,489.78,95.03,0.19,Low,Net Banking
ORD-10150,2024-04-15,Apr,2024,Terri Smith,VIP,Corporate,North,Andorra,California,West Julie,Office Supplies,Binders,Without,7,650.26,0.29,20.76,3231.79,-140.0,-0.04,Medium,UPI
ORD-10151,2024-10-10,Oct,2024,Zachary Taylor,Returning,Home Office,East,United States Minor Outlying Islands,South Carolina,Gutierrezbury,Technology,Accessories,Budget,4,559.01,0.09,15.21,2034.8,355.19,0.17,High,UPI
ORD-10152,2025-10-07,Oct,2025,Barry Frank,Returning,Corporate,North,Burundi,California,Aprilborough,Technology,Phones,From,10,405.37,0.02,42.12,3972.63,637.0,0.16,Medium,Cash
ORD-10153,2024-03-02,Mar,2024,Angela Roach,VIP,Consumer,North,Northern Mariana Islands,Vermont,Romeroborough,Technology,Accessories,Nice,6,620.04,0.14,28.2,3199.41,906.21,0.28,High,Cash
ORD-10154,2023-03-19,Mar,2023,Lisa Henry,New,Corporate,North,Andorra,Maine,South Judithborough,Technology,Phones,Every,9,229.63,0.0,47.63,2066.67,-33.66,-0.02,Critical,UPI
ORD-10155,2025-06-28,Jun,2025,Michelle Blackwell,Returning,Consumer,North,Guadeloupe,Iowa,Lake Jennifer,Office Supplies,Paper,He,1,587.5,0.22,6.34,458.25,-16.61,-0.04,Critical,Card
ORD-10156,2022-11-30,Nov,2022,Anthony Bell,Returning,Consumer,West,Christmas Island,Maryland,Brianaport,Technology,Phones,Sea,8,168.14,0.04,44.14,1291.32,-8.25,-0.01,Low,UPI
ORD-10157,2023-11-07,Nov,2023,William Bailey,VIP,Home Office,South,Belgium,Iowa,Williamshaven,Technology,Phones,Through,8,639.76,0.21,25.09,4043.28,946.54,0.23,Low,Net Banking
ORD-10158,2024-11-29,Nov,2024,Robert Strong,VIP,Home Office,Central,Indonesia,Maine,Jamesshire,Technology,Phones,Culture,7,386.58,0.2,13.03,2164.85,77.09,0.04,Critical,UPI
ORD-10159,2024-02-21,Feb,2024,Joshua Olson,VIP,Corporate,West,Kiribati,New Hampshire,Danielhaven,Office Supplies,Binders,Clear,5,512.39,0.13,10.36,2228.9,569.88,0.26,Medium,UPI
ORD-10160,2025-11-03,Nov,2025,Leah Garcia,Returning,Corporate,West,Germany,Alabama,South Bradley,Technology,Laptops,Lawyer,8,355.09,0.14,28.06,2443.02,-136.23,-0.06,Critical,Net Banking
ORD-10161,2025-11-15,Nov,2025,Eric Washington,VIP,Corporate,West,Monaco,California,West Ronaldtown,Furniture,Tables,Himself,4,76.74,0.18,33.78,251.71,63.33,0.25,Medium,Card
ORD-10162,2024-05-13,May,2024,Gary Myers,New,Home Office,West,Western Sahara,Idaho,North Catherine,Furniture,Bookcases,Prepare,7,365.42,0.16,10.67,2148.67,498.38,0.23,Medium,Cash
ORD-10163,2024-12-30,Dec,2024,Jeffrey Hood,Returning,Consumer,Central,Malaysia,Arizona,Kelseyborough,Technology,Accessories,Street,4,660.16,0.08,49.62,2429.39,519.29,0.21,Medium,Cash
ORD-10164,2022-12-31,Dec,2022,Robert Lee,VIP,Consumer,West,Iceland,Pennsylvania,West Gabrielland,Technology,Phones,Never,8,744.79,0.22,41.55,4647.49,-103.53,-0.02,Low,Cash
ORD-10165,2024-03-12,Mar,2024,Jonathan Smith,Returning,Corporate,North,Gibraltar,New York,Andradechester,Technology,Accessories,Tv,7,480.62,0.26,40.02,2489.61,-128.55,-0.05,Critical,Cash
ORD-10166,2025-01-19,Jan,2025,Michelle Spencer,VIP,Corporate,West,Luxembourg,New York,South Philip,Furniture,Bookcases,Pull,6,491.68,0.15,9.69,2507.57,545.3,0.22,Medium,Net Banking
ORD-10167,2024-02-14,Feb,2024,David Simon,VIP,Corporate,East,Swaziland,Delaware,Lawsonfurt,Technology,Phones,Bar,2,354.9,0.15,12.22,603.33,159.75,0.26,Low,Net Banking
ORD-10168,2022-12-25,Dec,2022,Mr. James Esparza,VIP,Consumer,Central,Uzbekistan,Minnesota,Cobbbury,Furniture,Bookcases,Remain,6,658.36,0.23,11.44,3041.62,80.97,0.03,Critical,Cash
ORD-10169,2023-08-23,Aug,2023,Tony Harding,VIP,Corporate,South,Maldives,North Carolina,South Christopher,Furniture,Tables,Task,8,521.12,0.09,12.86,3793.75,292.77,0.08,Low,Card
ORD-10170,2023-11-21,Nov,2023,Jay Davis,VIP,Consumer,North,Vietnam,New York,Joeview,Technology,Accessories,However,10,590.24,0.23,19.7,4544.85,558.64,0.12,Medium,Card
ORD-10171,2025-02-07,Feb,2025,Paula Kim,New,Consumer,East,Honduras,South Dakota,Wallacemouth,Technology,Laptops,Reach,5,242.3,0.21,27.58,957.09,-88.28,-0.09,Low,Net Banking
ORD-10172,2023-03-28,Mar,2023,Kenneth Sawyer,Returning,Consumer,East,Saint Helena,Rhode Island,Chrismouth,Technology,Laptops,Simply,9,407.82,0.11,15.88,3266.64,-242.81,-0.07,High,UPI
ORD-10173,2024-10-27,Oct,2024,Adam Schmidt,VIP,Corporate,East,Ethiopia,Vermont,North Jason,Office Supplies,Paper,Success,3,151.56,0.12,47.1,400.12,86.41,0.22,Low,Cash
ORD-10174,2025-03-27,Mar,2025,Noah Copeland,New,Home Office,South,Dominica,Connecticut,Herreraborough,Furniture,Chairs,History,9,68.05,0.08,28.37,563.45,-14.52,-0.03,High,Cash
ORD-10175,2023-07-20,Jul,2023,Mark White,New,Consumer,Central,Dominican Republic,Maryland,Geraldborough,Furniture,Bookcases,Develop,3,52.58,0.14,12.31,135.66,8.96,0.07,Low,Net Banking
ORD-10176,2024-05-17,May,2024,Darrell Floyd,New,Corporate,North,Svalbard & Jan Mayen Islands,Ohio,Donaldchester,Office Supplies,Binders,Reality,8,132.56,0.08,44.06,975.64,145.09,0.15,Medium,Card
ORD-10177,2023-12-29,Dec,2023,Holly Hernandez,VIP,Home Office,South,Guinea,Alaska,Douglasburgh,Office Supplies,Binders,Approach,3,276.65,0.18,5.21,680.56,19.8,0.03,High,UPI
ORD-10178,2025-03-10,Mar,2025,Christopher Jones,Returning,Consumer,Central,El Salvador,North Dakota,Lake Edward,Office Supplies,Storage,Generation,1,778.28,0.18,11.51,638.19,-24.14,-0.04,Critical,Net Banking
ORD-10179,2025-10-21,Oct,2025,Nicole Thompson,VIP,Home Office,East,Dominican Republic,Georgia,North Melissa,Office Supplies,Storage,Road,10,449.81,0.14,11.8,3868.37,-307.95,-0.08,Low,UPI
ORD-10180,2025-02-22,Feb,2025,Derrick Gonzalez,Returning,Consumer,East,Cameroon,Virginia,Port Frank,Technology,Phones,Travel,1,574.05,0.22,17.85,447.76,-35.69,-0.08,High,Net Banking
ORD-10181,2023-02-13,Feb,2023,Walter Smith,New,Corporate,East,Uruguay,Utah,New Robert,Office Supplies,Storage,Ago,5,606.91,0.14,23.51,2609.71,110.23,0.04,Medium,UPI
ORD-10182,2023-02-13,Feb,2023,Jeanne Silva,Returning,Corporate,West,Congo,New Mexico,East Janet,Furniture,Chairs,Reason,3,645.62,0.07,22.25,1801.28,85.53,0.05,Low,Cash
ORD-10183,2024-03-23,Mar,2024,Natalie Shaw,New,Corporate,North,Austria,Kentucky,East Tiffanyborough,Furniture,Tables,Sport,2,219.4,0.24,27.11,333.49,-20.22,-0.06,Low,UPI
ORD-10184,2023-07-19,Jul,2023,Christopher Donaldson,VIP,Home Office,East,Djibouti,Virginia,New Brian,Technology,Laptops,Trouble,9,215.93,0.18,33.74,1593.56,-82.65,-0.05,Critical,Net Banking
ORD-10185,2025-03-01,Mar,2025,David Neal,Returning,Home Office,North,Maldives,Kansas,North Emily,Office Supplies,Paper,Line,7,58.29,0.15,31.15,346.83,-22.25,-0.06,High,Card
ORD-10186,2024-02-09,Feb,2024,Cheryl Benson,VIP,Consumer,West,Burundi,New Mexico,Johnsonberg,Technology,Laptops,Message,8,414.38,0.3,13.43,2320.53,210.54,0.09,High,UPI
ORD-10187,2023-11-08,Nov,2023,Adam Smith,VIP,Home Office,West,Honduras,Tennessee,Lake Kristina,Technology,Laptops,Home,8,42.43,0.27,20.01,247.79,11.72,0.05,High,Cash
ORD-10188,2023-04-02,Apr,2023,Curtis Kelly,VIP,Corporate,East,Netherlands,Oregon,Andersonbury,Technology,Accessories,Song,7,277.23,0.24,28.85,1474.86,314.11,0.21,Medium,Card
ORD-10189,2024-07-17,Jul,2024,Sheena Nguyen,VIP,Consumer,North,Kazakhstan,Wisconsin,East Laura,Technology,Phones,Any,5,469.21,0.09,48.63,2134.91,85.8,0.04,Low,Net Banking
ORD-10190,2025-09-19,Sep,2025,Jennifer Johnson,VIP,Corporate,Central,Belize,North Carolina,Welchview,Furniture,Bookcases,Make,2,156.73,0.26,26.53,231.96,2.79,0.01,Medium,Card
ORD-10191,2025-01-13,Jan,2025,Marcia Stuart,Returning,Consumer,North,United States Minor Outlying Islands,Florida,Wagnerbury,Office Supplies,Storage,Water,9,251.75,0.16,33.27,1903.23,151.93,0.08,Critical,UPI
ORD-10192,2024-06-22,Jun,2024,Kimberly Jackson,VIP,Home Office,West,Albania,Idaho,East Travis,Technology,Laptops,Only,3,291.83,0.23,40.43,674.13,171.62,0.25,Low,Net Banking
ORD-10193,2024-05-19,May,2024,Cynthia Douglas,VIP,Consumer,Central,Vanuatu,Utah,Davismouth,Technology,Accessories,Inside,9,251.2,0.26,20.32,1672.99,32.41,0.02,Medium,Card
ORD-10194,2023-05-09,May,2023,Lori Ibarra,VIP,Consumer,North,Dominica,Maine,East Ashley,Furniture,Bookcases,Song,8,242.57,0.27,31.04,1416.61,270.75,0.19,Critical,Cash
ORD-10195,2024-12-19,Dec,2024,Shannon Munoz,Returning,Home Office,North,Poland,Ohio,Port Leahhaven,Office Supplies,Paper,Television,6,769.78,0.12,49.62,4064.44,581.94,0.14,Low,Card
ORD-10196,2023-01-29,Jan,2023,Sean Mendez,VIP,Consumer,North,Niger,Nevada,Ryanberg,Technology,Accessories,Radio,4,572.64,0.06,30.49,2153.13,605.69,0.28,Low,Cash
ORD-10197,2023-04-08,Apr,2023,Stephen Ward,VIP,Corporate,North,Madagascar,Utah,South Frank,Technology,Accessories,When,3,448.83,0.24,38.86,1023.33,299.22,0.29,Low,UPI
ORD-10198,2023-04-27,Apr,2023,Christina Patterson,New,Consumer,East,Zambia,Virginia,West Debbie,Technology,Phones,Woman,10,385.31,0.28,49.84,2774.23,182.0,0.07,High,UPI
ORD-10199,2024-10-15,Oct,2024,Joan Villarreal,VIP,Consumer,North,Belize,Maryland,Ashleyland,Office Supplies,Storage,Spend,3,307.88,0.12,42.12,812.8,142.97,0.18,Critical,UPI
ORD-10200,2023-11-21,Nov,2023,Melissa Rodriguez,VIP,Home Office,West,British Indian Ocean Territory (Chagos Archipelago),Vermont,South Brandi,Furniture,Chairs,Under,8,289.63,0.15,34.56,1969.48,29.25,0.01,Critical,UPI
ORD-10201,2025-08-31,Aug,2025,Cody Graves,VIP,Home Office,West,Indonesia,Mississippi,Reidport,Furniture,Chairs,Answer,6,443.19,0.1,43.33,2393.23,276.95,0.12,Critical,Net Banking
ORD-10202,2025-05-31,May,2025,Marissa Garcia,New,Consumer,East,Yemen,Rhode Island,North Angelachester,Technology,Laptops,Prepare,10,334.79,0.24,19.41,2544.4,-211.02,-0.08,High,Cash
ORD-10203,2024-09-05,Sep,2024,Stephen Thomas,Returning,Home Office,West,Bahrain,South Dakota,Perrybury,Office Supplies,Paper,Property,10,759.71,0.28,14.14,5469.91,-410.64,-0.08,High,Net Banking
ORD-10204,2025-03-23,Mar,2025,Kristy Gomez,New,Corporate,Central,Christmas Island,Vermont,Beckermouth,Technology,Accessories,City,2,622.01,0.26,29.5,920.57,128.15,0.14,Low,Cash
ORD-10205,2023-12-07,Dec,2023,Peggy Flores,Returning,Consumer,North,India,Ohio,West Jason,Technology,Accessories,Fly,5,699.53,0.19,8.0,2833.1,347.98,0.12,Low,Net Banking
ORD-10206,2023-09-21,Sep,2023,Anthony Murphy,VIP,Corporate,North,Malta,Georgia,Joshuamouth,Furniture,Tables,Responsibility,9,608.48,0.1,22.22,4928.69,-265.77,-0.05,Low,UPI
ORD-10207,2023-02-13,Feb,2023,Lisa Avery,New,Consumer,West,Zambia,Kentucky,Bethmouth,Furniture,Bookcases,Occur,8,533.26,0.1,48.93,3839.47,456.6,0.12,Medium,Card
ORD-10208,2024-10-25,Oct,2024,Jessica Willis,Returning,Home Office,Central,Switzerland,Wyoming,New Derek,Technology,Laptops,Tree,6,111.73,0.13,8.85,583.23,32.54,0.06,Low,Net Banking
ORD-10209,2023-09-04,Sep,2023,Richard Francis,New,Consumer,North,Ecuador,Georgia,East Jamieside,Technology,Accessories,Impact,5,676.42,0.3,13.94,2367.47,-232.64,-0.1,High,UPI
ORD-10210,2023-07-11,Jul,2023,Thomas Anderson,Returning,Home Office,West,Chad,Vermont,Christopherfurt,Furniture,Chairs,Amount,8,737.9,0.26,34.71,4368.37,544.15,0.12,Low,Cash
ORD-10211,2023-07-09,Jul,2023,Jennifer Taylor,Returning,Consumer,North,Gabon,Florida,Lawrencestad,Technology,Accessories,Doctor,1,469.67,0.05,25.64,446.19,40.48,0.09,Critical,Net Banking
ORD-10212,2025-04-11,Apr,2025,Jonathan Perez,New,Home Office,East,Saint Barthelemy,Georgia,New Donaldton,Technology,Phones,Today,3,382.1,0.22,25.96,894.11,-42.44,-0.05,Low,UPI
ORD-10213,2025-04-25,Apr,2025,Gail Howard,New,Home Office,West,Togo,Tennessee,South Robert,Technology,Laptops,Difficult,1,788.0,0.03,34.58,764.36,33.17,0.04,Medium,Net Banking
ORD-10214,2025-10-12,Oct,2025,Keith Krause,New,Corporate,South,Vietnam,Georgia,New Paulfort,Technology,Phones,Return,3,547.12,0.03,39.36,1592.12,-38.63,-0.02,Critical,Net Banking
ORD-10215,2025-01-12,Jan,2025,Jared Jenkins,VIP,Consumer,Central,New Zealand,Michigan,Quinntown,Technology,Phones,Whose,3,118.95,0.15,46.59,303.32,42.26,0.14,Low,Card
ORD-10216,2025-05-05,May,2025,Amy Quinn,New,Home Office,Central,Somalia,Colorado,New Dustinchester,Office Supplies,Binders,Floor,4,107.61,0.16,7.29,361.57,1.23,0.0,Medium,Cash
ORD-10217,2025-01-28,Jan,2025,Matthew Hall,New,Home Office,North,Comoros,Michigan,Bellshire,Technology,Accessories,Democrat,5,624.9,0.2,22.21,2499.6,-158.89,-0.06,Critical,Card
ORD-10218,2023-01-04,Jan,2023,Sandra Adams,New,Corporate,North,American Samoa,Mississippi,Port Cristian,Office Supplies,Storage,Board,7,161.23,0.27,5.66,823.89,-43.67,-0.05,Critical,Card
ORD-10219,2023-07-04,Jul,2023,Roy Mitchell,New,Consumer,South,Switzerland,Florida,South Sarahland,Office Supplies,Storage,Look,7,131.58,0.2,33.03,736.85,202.53,0.27,High,Card
ORD-10220,2025-01-10,Jan,2025,John King,Returning,Home Office,Central,Ecuador,West Virginia,Bakerfurt,Furniture,Tables,Material,1,555.96,0.11,17.74,494.8,105.24,0.21,Medium,Cash
ORD-10221,2024-05-18,May,2024,Christina Austin,VIP,Home Office,West,Aruba,Texas,Stephenside,Technology,Phones,Yes,2,478.43,0.26,36.43,708.08,173.75,0.25,High,Card
ORD-10222,2023-07-06,Jul,2023,William Wheeler,VIP,Home Office,Central,Lebanon,Michigan,South Danielle,Furniture,Tables,Beautiful,3,492.17,0.17,44.44,1225.5,39.51,0.03,Medium,Card
ORD-10223,2025-06-10,Jun,2025,Karen Molina,New,Consumer,West,Malawi,Idaho,North Kristintown,Furniture,Chairs,Industry,1,151.71,0.26,34.55,112.27,26.15,0.23,Critical,Cash
ORD-10224,2025-03-13,Mar,2025,Danielle Bailey,VIP,Consumer,East,Iran,Missouri,East Peter,Office Supplies,Paper,Water,5,283.02,0.22,15.69,1103.78,-104.08,-0.09,Medium,UPI
ORD-10225,2022-12-29,Dec,2022,Karen Cochran,Returning,Corporate,South,Nepal,Alaska,Pattontown,Office Supplies,Paper,Military,5,212.7,0.1,19.7,957.15,1.91,0.0,High,Net Banking
ORD-10226,2023-12-05,Dec,2023,Amy Ford,New,Consumer,West,Macedonia,Maine,Port Kellytown,Technology,Laptops,Together,4,98.28,0.27,39.19,286.98,-12.81,-0.04,Low,Card
ORD-10227,2024-11-16,Nov,2024,David Huynh DDS,New,Corporate,South,Australia,Arizona,Stephanieborough,Furniture,Bookcases,Relationship,9,558.05,0.06,25.23,4721.1,763.3,0.16,Critical,Cash
ORD-10228,2025-08-26,Aug,2025,Chelsea Matthews,New,Home Office,East,Portugal,Pennsylvania,West James,Technology,Phones,Last,7,22.57,0.19,9.75,127.97,0.5,0.0,High,Net Banking
ORD-10229,2025-01-11,Jan,2025,Krista Johnston,Returning,Corporate,North,Faroe Islands,Florida,Haleychester,Technology,Accessories,Life,10,180.47,0.19,20.99,1461.81,7.71,0.01,Low,Net Banking
ORD-10230,2023-11-24,Nov,2023,Melissa Cox,New,Home Office,East,Sierra Leone,California,Gregorystad,Technology,Phones,Fly,2,259.83,0.1,36.74,467.69,-42.57,-0.09,High,Net Banking
ORD-10231,2023-02-05,Feb,2023,Jim Edwards,VIP,Corporate,East,Israel,South Dakota,Foxside,Office Supplies,Binders,Result,3,539.34,0.27,45.61,1181.15,265.3,0.22,Critical,UPI
ORD-10232,2024-07-22,Jul,2024,Lori Reed,VIP,Home Office,South,Niger,Pennsylvania,Kennedytown,Technology,Phones,Front,6,619.63,0.15,41.72,3160.11,-174.16,-0.06,High,UPI
ORD-10233,2024-10-31,Oct,2024,Lee Anderson,VIP,Home Office,North,Reunion,Montana,Lake Daltonborough,Furniture,Tables,Explain,7,89.53,0.18,11.41,513.9,-14.82,-0.03,High,Card
ORD-10234,2024-07-26,Jul,2024,Sarah Ray,VIP,Consumer,Central,El Salvador,South Carolina,Aaronport,Technology,Phones,Century,9,662.07,0.17,27.51,4945.66,1309.04,0.26,High,Cash
ORD-10235,2024-03-29,Mar,2024,Jeffery Schmidt,New,Home Office,West,Northern Mariana Islands,Montana,Munozberg,Furniture,Tables,Than,2,393.89,0.03,27.35,764.15,100.02,0.13,Low,UPI
ORD-10236,2025-02-23,Feb,2025,Christopher Henderson,VIP,Consumer,East,Finland,Louisiana,Gonzalestown,Technology,Laptops,Ability,6,743.76,0.29,5.53,3168.42,917.0,0.29,High,Net Banking
ORD-10237,2023-01-17,Jan,2023,Kristen Reed,Returning,Corporate,North,Bermuda,North Carolina,Lindaland,Furniture,Bookcases,True,8,205.99,0.01,39.82,1631.44,185.98,0.11,Critical,Net Banking
ORD-10238,2025-09-22,Sep,2025,Jessica Sawyer,VIP,Home Office,North,Lithuania,California,Port Sheilachester,Office Supplies,Paper,Rather,9,668.37,0.14,49.57,5173.18,1108.06,0.21,Medium,Card
ORD-10239,2024-09-24,Sep,2024,Gregory Velez,New,Corporate,West,Monaco,Maryland,Bethfurt,Furniture,Bookcases,Worry,7,74.45,0.25,11.27,390.86,-4.11,-0.01,High,Net Banking
ORD-10240,2025-04-20,Apr,2025,Russell Lewis,New,Consumer,Central,New Zealand,Oklahoma,Port Danielletown,Technology,Laptops,Skill,3,80.98,0.13,6.86,211.36,-9.9,-0.05,High,UPI
ORD-10241,2024-09-08,Sep,2024,Alec Jimenez,VIP,Consumer,West,Macao,South Carolina,Rachelland,Office Supplies,Storage,Father,7,753.98,0.04,7.21,5066.75,859.86,0.17,Medium,Card
ORD-10242,2023-07-11,Jul,2023,Jason Salazar,VIP,Home Office,South,Nicaragua,Kentucky,Jayton,Furniture,Chairs,Range,4,315.39,0.01,44.62,1248.94,8.44,0.01,High,Cash
ORD-10243,2023-10-23,Oct,2023,Paula Douglas,VIP,Consumer,East,Botswana,California,Simonmouth,Technology,Laptops,Him,8,41.25,0.13,35.11,287.1,85.02,0.3,Low,Cash
ORD-10244,2024-03-28,Mar,2024,John Farmer,New,Consumer,North,Palestinian Territory,Florida,West Ginahaven,Technology,Accessories,Major,5,652.19,0.02,30.67,3195.73,-230.39,-0.07,Critical,UPI
ORD-10245,2023-10-15,Oct,2023,Brian Hoffman,VIP,Corporate,North,Hungary,New Mexico,South Mollyberg,Office Supplies,Storage,Maybe,10,399.53,0.05,23.62,3795.53,136.88,0.04,Low,UPI
ORD-10246,2023-01-03,Jan,2023,Carl Rhodes,VIP,Corporate,West,Guinea-Bissau,Indiana,Lake Kimberly,Technology,Phones,Bit,8,290.21,0.2,40.15,1857.34,210.81,0.11,Low,Card
ORD-10247,2024-09-04,Sep,2024,Erika Brown MD,VIP,Consumer,East,Nicaragua,Connecticut,New Amandamouth,Technology,Phones,Art,8,336.13,0.06,16.29,2527.7,139.79,0.06,Medium,UPI
ORD-10248,2023-09-24,Sep,2023,Michele Green,New,Home Office,North,Tokelau,Ohio,North Brandonton,Office Supplies,Binders,Team,1,620.82,0.26,45.54,459.41,20.51,0.04,Critical,UPI
ORD-10249,2023-01-01,Jan,2023,Brad Wilkins,VIP,Consumer,South,Tajikistan,North Carolina,South Johnmouth,Technology,Phones,What,9,523.99,0.21,17.11,3725.57,285.34,0.08,High,Net Banking
ORD-10250,2025-11-22,Nov,2025,Carolyn Smith,New,Corporate,East,Ireland,Hawaii,Tonybury,Technology,Accessories,Magazine,10,596.16,0.12,19.72,5246.21,253.73,0.05,High,UPI
ORD-10251,2023-09-02,Sep,2023,Ann Schaefer,VIP,Consumer,East,Angola,New Mexico,Millsfort,Technology,Accessories,Seven,10,296.43,0.01,25.75,2934.66,48.65,0.02,Medium,UPI
ORD-10252,2024-06-11,Jun,2024,Zachary Whitney,Returning,Home Office,South,Gibraltar,Iowa,Bowmanland,Furniture,Tables,Support,4,192.15,0.27,20.64,561.08,-7.91,-0.01,Critical,UPI
ORD-10253,2023-04-18,Apr,2023,Brandon Hoffman,New,Corporate,North,Benin,Alaska,Robinsonland,Office Supplies,Storage,Among,9,81.33,0.15,33.55,622.17,52.84,0.08,Low,Cash
ORD-10254,2024-06-01,Jun,2024,Olivia Miller,Returning,Home Office,West,Isle of Man,Arkansas,Adamsshire,Technology,Phones,Number,7,781.25,0.21,47.55,4320.31,611.19,0.14,Low,Net Banking
ORD-10255,2023-12-01,Dec,2023,Martin Rodriguez,Returning,Home Office,Central,Sweden,Minnesota,Williamborough,Office Supplies,Binders,Interest,7,744.83,0.19,10.37,4223.19,1258.76,0.3,High,UPI
ORD-10256,2025-03-07,Mar,2025,Randy Smith,Returning,Home Office,Central,Micronesia,New Hampshire,Nicoletown,Technology,Laptops,Face,1,428.65,0.23,40.66,330.06,42.89,0.13,Low,Card
ORD-10257,2023-06-19,Jun,2023,Heather Daniels,New,Home Office,Central,Luxembourg,North Dakota,Lake Carlshire,Office Supplies,Storage,Too,3,47.49,0.06,11.76,133.92,40.06,0.3,High,Card
ORD-10258,2023-05-16,May,2023,Billy Smith,Returning,Corporate,Central,Slovenia,Montana,North Heather,Office Supplies,Paper,Couple,4,469.8,0.03,40.2,1822.82,204.84,0.11,Medium,Card
ORD-10259,2023-05-04,May,2023,Corey Collins,New,Corporate,West,Ireland,Arkansas,Port Tyler,Office Supplies,Storage,Nature,3,32.49,0.29,40.11,69.2,19.15,0.28,High,Card
ORD-10260,2023-10-02,Oct,2023,Marissa Oneill,Returning,Home Office,South,Bolivia,New Jersey,New Yvonnebury,Office Supplies,Binders,Power,5,78.19,0.09,22.83,355.76,58.09,0.16,Medium,Card
ORD-10261,2025-02-22,Feb,2025,Michael Cruz,VIP,Consumer,South,Turks and Caicos Islands,Connecticut,Hansenfort,Furniture,Tables,Employee,6,661.8,0.21,15.4,3136.93,546.2,0.17,High,Card
ORD-10262,2024-09-25,Sep,2024,Diana Taylor,Returning,Corporate,Central,Guernsey,Montana,New Trevorchester,Office Supplies,Paper,International,5,376.13,0.28,13.16,1354.07,0.8,0.0,High,Card
ORD-10263,2023-07-21,Jul,2023,Kimberly Madden,Returning,Corporate,Central,Botswana,West Virginia,Adamsborough,Office Supplies,Paper,Money,7,635.67,0.23,46.14,3426.26,554.26,0.16,Critical,Cash
ORD-10264,2022-12-16,Dec,2022,Stephen Hodges,Returning,Consumer,North,Togo,Alabama,Lake Williamhaven,Furniture,Tables,Skill,7,708.51,0.29,44.74,3521.29,-289.45,-0.08,Medium,UPI
ORD-10265,2024-12-15,Dec,2024,Brian Lopez,Returning,Consumer,West,Macedonia,Maine,West Karenchester,Furniture,Chairs,Receive,4,94.8,0.15,24.29,322.32,88.88,0.28,Medium,Card
ORD-10266,2022-12-28,Dec,2022,Deborah Guerrero,New,Corporate,North,Gambia,Wyoming,Port Jessica,Furniture,Chairs,Citizen,7,122.27,0.03,21.7,830.21,65.97,0.08,Medium,UPI
ORD-10267,2025-10-07,Oct,2025,Scott Gentry,New,Home Office,North,Tokelau,Illinois,Erinfort,Office Supplies,Storage,Again,3,23.69,0.2,19.97,56.86,13.37,0.24,Medium,Card
ORD-10268,2025-01-03,Jan,2025,Darrell Shepherd,Returning,Corporate,North,Djibouti,Alabama,North Selenaview,Office Supplies,Storage,South,1,793.47,0.11,44.08,706.19,41.22,0.06,Critical,UPI
ORD-10269,2024-08-26,Aug,2024,William Richards DVM,New,Corporate,North,Angola,Pennsylvania,Port David,Office Supplies,Storage,Might,5,756.47,0.02,31.57,3706.7,-201.03,-0.05,Medium,Cash
ORD-10270,2025-08-25,Aug,2025,Tiffany Smith,VIP,Home Office,North,Bouvet Island (Bouvetoya),Minnesota,Gomeztown,Office Supplies,Binders,Full,10,617.54,0.27,21.75,4508.04,-426.79,-0.09,Critical,Cash
ORD-10271,2025-06-11,Jun,2025,Robert Bridges,VIP,Consumer,South,Reunion,Vermont,Port Amanda,Technology,Accessories,Fact,8,517.44,0.24,34.99,3146.04,465.14,0.15,High,Card
ORD-10272,2023-11-08,Nov,2023,Anna Hickman,New,Home Office,Central,Jamaica,Indiana,South Keithtown,Office Supplies,Storage,Next,1,108.85,0.08,21.46,100.14,22.19,0.22,Low,UPI
ORD-10273,2024-04-19,Apr,2024,Sara Jacobs,Returning,Consumer,Central,Haiti,Connecticut,North Stephenville,Furniture,Tables,College,4,141.42,0.13,39.42,492.14,63.58,0.13,Low,UPI
ORD-10274,2025-02-25,Feb,2025,Emily Barnett,New,Corporate,South,Peru,South Dakota,East Sarah,Office Supplies,Paper,Our,5,721.86,0.26,18.19,2670.88,420.18,0.16,Medium,Cash
ORD-10275,2023-10-22,Oct,2023,Melissa Morrison,New,Consumer,West,Latvia,North Dakota,Sanchezton,Office Supplies,Binders,Both,10,776.75,0.23,9.08,5980.98,980.62,0.16,Critical,Net Banking
ORD-10276,2025-06-13,Jun,2025,Christopher Martinez,New,Corporate,North,Philippines,California,North Ambermouth,Technology,Phones,Film,9,450.95,0.19,20.14,3287.43,491.89,0.15,Low,Cash
ORD-10277,2024-08-30,Aug,2024,Daniel Johnson,Returning,Corporate,East,Timor-Leste,Wyoming,South Abigailshire,Technology,Phones,Attack,10,49.35,0.3,17.4,345.45,59.02,0.17,Medium,UPI
ORD-10278,2025-10-20,Oct,2025,Samuel Horton,Returning,Corporate,South,Malaysia,Missouri,Ruizside,Office Supplies,Binders,Congress,7,714.23,0.0,46.65,4999.61,1359.41,0.27,High,Cash
ORD-10279,2025-04-12,Apr,2025,Kevin Guerrero,New,Corporate,East,Somalia,North Carolina,West Meganside,Furniture,Tables,Wait,1,557.69,0.27,36.7,407.11,-3.45,-0.01,Low,Card
ORD-10280,2025-07-21,Jul,2025,Frank Matthews,VIP,Consumer,East,Spain,Massachusetts,West Roberthaven,Office Supplies,Storage,Watch,2,557.63,0.13,40.45,970.28,-24.26,-0.03,High,UPI
ORD-10281,2025-09-06,Sep,2025,Ashley Davis DDS,Returning,Consumer,South,Slovakia (Slovak Republic),New York,Wellston,Office Supplies,Binders,Simply,3,306.3,0.16,27.44,771.88,210.04,0.27,High,UPI
ORD-10282,2023-07-29,Jul,2023,Heather Ramos,Returning,Consumer,North,Tunisia,Iowa,Shawnshire,Technology,Laptops,Drug,5,224.21,0.28,10.38,807.16,19.31,0.02,Low,Card
ORD-10283,2023-01-14,Jan,2023,James Smith,New,Corporate,East,Norfolk Island,Wisconsin,Johnsonberg,Technology,Laptops,Writer,2,646.16,0.03,23.24,1253.55,150.89,0.12,High,UPI
ORD-10284,2025-08-27,Aug,2025,Elizabeth White,New,Home Office,Central,Lesotho,Kentucky,Larryview,Furniture,Tables,Through,2,235.76,0.01,41.98,466.8,113.54,0.24,High,UPI
ORD-10285,2023-08-26,Aug,2023,Julie Howard,VIP,Home Office,East,Macedonia,Nevada,Port Brittanyside,Office Supplies,Storage,Response,1,270.41,0.3,47.68,189.29,43.97,0.23,Critical,UPI
ORD-10286,2025-04-03,Apr,2025,Christina Gallegos,New,Corporate,North,Guadeloupe,Pennsylvania,Port Nicoleburgh,Furniture,Chairs,Summer,9,263.77,0.12,30.07,2089.06,345.18,0.17,Medium,Net Banking
ORD-10287,2024-08-04,Aug,2024,Stacy Dickerson,VIP,Consumer,Central,Russian Federation,Kansas,New Haileyton,Technology,Laptops,Cut,5,723.34,0.11,21.15,3218.86,-100.67,-0.03,Critical,Cash
ORD-10288,2024-09-10,Sep,2024,Daniel Sanders,New,Corporate,Central,Martinique,Hawaii,Jensenfurt,Office Supplies,Binders,Ten,7,370.29,0.11,46.12,2306.91,162.92,0.07,Critical,UPI
ORD-10289,2024-07-11,Jul,2024,Sara Wise,VIP,Corporate,North,Bhutan,Tennessee,Ryanmouth,Furniture,Bookcases,Read,3,364.71,0.1,14.31,984.72,145.27,0.15,Medium,Card
ORD-10290,2024-07-20,Jul,2024,Leah Wallace,New,Corporate,West,United Kingdom,New Jersey,Brandontown,Furniture,Tables,Sing,7,526.18,0.03,32.11,3572.76,184.38,0.05,High,UPI
ORD-10291,2023-07-09,Jul,2023,Crystal Harmon MD,New,Consumer,East,Central African Republic,Alabama,Richardville,Technology,Laptops,Live,7,171.24,0.06,40.3,1126.76,259.75,0.23,Medium,Cash
ORD-10292,2024-04-15,Apr,2024,Bruce Christian,Returning,Home Office,North,Saint Vincent and the Grenadines,Washington,Shawshire,Furniture,Bookcases,Industry,8,214.78,0.0,38.32,1718.24,423.5,0.25,Medium,Net Banking
ORD-10293,2023-09-27,Sep,2023,Angela Smith,VIP,Corporate,East,Mexico,Illinois,South Shannon,Office Supplies,Paper,Effort,2,776.56,0.29,15.42,1102.72,133.51,0.12,High,Card
ORD-10294,2025-06-16,Jun,2025,Pamela Thomas,VIP,Home Office,East,Tonga,West Virginia,Smithfurt,Technology,Laptops,Line,6,406.42,0.28,11.49,1755.73,442.37,0.25,High,Cash
ORD-10295,2023-12-13,Dec,2023,David Young,Returning,Home Office,North,Iraq,West Virginia,New Cheyenneshire,Office Supplies,Storage,Drop,1,717.12,0.11,32.57,638.24,168.78,0.26,Medium,Card
ORD-10296,2023-09-26,Sep,2023,Teresa Johnson,New,Corporate,East,Mauritania,Georgia,South Brad,Furniture,Tables,East,7,384.96,0.18,5.79,2209.67,-110.55,-0.05,Medium,UPI
ORD-10297,2025-09-06,Sep,2025,Dan Rose,New,Corporate,East,Congo,Rhode Island,Gonzalezport,Office Supplies,Paper,Rather,7,455.38,0.2,14.81,2550.13,533.92,0.21,High,UPI
ORD-10298,2024-07-21,Jul,2024,Mr. Anthony Obrien,Returning,Home Office,West,Morocco,Mississippi,Juliebury,Technology,Phones,Security,1,301.56,0.2,32.32,241.25,-9.53,-0.04,Medium,UPI
ORD-10299,2024-01-31,Jan,2024,Ms. Julia Miller,New,Home Office,West,Tonga,Arkansas,North Christian,Office Supplies,Binders,Against,7,541.81,0.26,43.63,2806.58,526.38,0.19,Medium,Net Banking
ORD-10300,2024-12-03,Dec,2024,Justin Davis,VIP,Corporate,East,Saint Lucia,Louisiana,South Michaeltown,Office Supplies,Binders,Allow,10,81.0,0.26,41.99,599.4,100.34,0.17,Medium,Cash
ORD-10301,2025-09-16,Sep,2025,Amy Mcintyre,New,Home Office,North,Malta,Rhode Island,Port Kyle,Office Supplies,Paper,This,1,586.64,0.14,14.96,504.51,125.08,0.25,Critical,Net Banking
ORD-10302,2024-04-12,Apr,2024,Julia Graves,Returning,Consumer,North,Montenegro,Oregon,Lake Angelamouth,Furniture,Chairs,People,4,217.03,0.07,33.26,807.35,27.27,0.03,Low,Card
ORD-10303,2024-10-31,Oct,2024,Heather Adams,VIP,Home Office,Central,Pitcairn Islands,South Carolina,Joborough,Furniture,Bookcases,White,7,135.94,0.01,22.46,942.06,-7.28,-0.01,Critical,Card
ORD-10304,2023-10-11,Oct,2023,Thomas Newton,New,Consumer,Central,China,West Virginia,Johnsonfurt,Technology,Laptops,Type,9,770.36,0.03,10.22,6725.24,1397.32,0.21,Low,UPI
ORD-10305,2025-02-09,Feb,2025,John Meyers,VIP,Home Office,South,Guam,Pennsylvania,Tylerhaven,Office Supplies,Binders,Ready,1,70.3,0.12,26.45,61.86,-4.8,-0.08,Medium,Card
ORD-10306,2024-09-09,Sep,2024,Abigail Figueroa,New,Consumer,North,Albania,Washington,Lake Michael,Office Supplies,Paper,Trial,3,487.82,0.29,19.58,1039.06,-48.92,-0.05,Critical,Net Banking
ORD-10307,2025-10-26,Oct,2025,Sandra Johnson,New,Home Office,East,Cook Islands,Missouri,New Jamieville,Office Supplies,Paper,Week,2,103.51,0.25,13.5,155.27,2.16,0.01,Critical,Card
ORD-10308,2024-01-15,Jan,2024,Kenneth Kim,VIP,Home Office,South,Benin,Wyoming,Smithport,Office Supplies,Binders,Billion,1,242.7,0.12,28.83,213.58,-8.01,-0.04,Critical,Net Banking
ORD-10309,2024-11-29,Nov,2024,Julie Jones,Returning,Consumer,South,Saint Barthelemy,Illinois,New Eric,Technology,Laptops,Likely,9,504.45,0.24,35.25,3450.44,-186.02,-0.05,Critical,Net Banking
ORD-10310,2023-06-13,Jun,2023,John Barajas,VIP,Home Office,West,Central African Republic,West Virginia,Aliciaside,Furniture,Chairs,Notice,1,416.86,0.28,7.35,300.14,-8.09,-0.03,Medium,Cash
ORD-10311,2025-08-17,Aug,2025,Ronald Brewer,Returning,Consumer,West,Panama,Florida,South Thomas,Office Supplies,Binders,Turn,5,679.34,0.28,7.2,2445.62,731.21,0.3,Low,Cash
ORD-10312,2023-09-16,Sep,2023,Belinda Ayala,New,Home Office,South,El Salvador,Ohio,Houstontown,Office Supplies,Binders,Often,5,398.82,0.16,34.09,1675.04,126.02,0.08,High,Net Banking
ORD-10313,2023-03-16,Mar,2023,Ashlee Rodriguez,Returning,Consumer,Central,Northern Mariana Islands,Rhode Island,East Jennifer,Furniture,Bookcases,Technology,2,750.85,0.06,23.97,1411.6,-71.19,-0.05,Medium,Card
ORD-10314,2025-09-28,Sep,2025,Dominique Banks,New,Consumer,North,Norfolk Island,North Carolina,South Alexandra,Office Supplies,Storage,Enjoy,2,390.5,0.18,28.65,640.42,52.66,0.08,Low,Net Banking
ORD-10315,2023-07-10,Jul,2023,Howard Burns,VIP,Home Office,West,Bermuda,Wyoming,South Samuel,Furniture,Tables,Development,2,314.06,0.29,48.19,445.97,-40.97,-0.09,Low,Net Banking
ORD-10316,2023-12-29,Dec,2023,Anthony Banks,New,Home Office,East,Andorra,Arizona,Dodsonmouth,Office Supplies,Storage,We,3,382.38,0.26,40.79,848.88,-56.61,-0.07,High,Card
ORD-10317,2023-11-30,Nov,2023,Jeffery Anderson,New,Home Office,Central,Kazakhstan,Oregon,Christophertown,Office Supplies,Binders,Her,8,536.93,0.14,14.7,3694.08,-119.8,-0.03,High,UPI
ORD-10318,2023-08-19,Aug,2023,Christine Garcia,New,Home Office,North,Azerbaijan,South Carolina,Victorborough,Office Supplies,Paper,Wife,4,34.93,0.01,21.2,138.32,3.6,0.03,Low,UPI
ORD-10319,2024-12-23,Dec,2024,Gabriela Duran MD,New,Corporate,East,Saint Kitts and Nevis,Hawaii,South Vickieberg,Furniture,Chairs,Heavy,9,632.14,0.2,24.46,4551.41,-362.79,-0.08,Low,Cash
ORD-10320,2024-09-14,Sep,2024,Carrie Berg,VIP,Consumer,East,Uzbekistan,Illinois,Williamsburgh,Furniture,Tables,Experience,3,437.45,0.1,31.48,1181.12,98.2,0.08,Critical,Cash
ORD-10321,2025-02-13,Feb,2025,Jose White,VIP,Home Office,North,Tunisia,Minnesota,West Ericshire,Office Supplies,Paper,List,8,65.12,0.03,39.18,505.33,51.43,0.1,High,Net Banking
ORD-10322,2025-03-03,Mar,2025,Jared Mendez,New,Home Office,North,Anguilla,Massachusetts,New Allison,Technology,Accessories,Television,5,302.46,0.28,41.77,1088.86,147.65,0.14,Critical,Net Banking
ORD-10323,2023-11-19,Nov,2023,Randy Perry,Returning,Corporate,West,Czech Republic,Pennsylvania,North Laurafort,Technology,Laptops,Into,3,318.79,0.03,28.18,927.68,70.64,0.08,Critical,Cash
ORD-10324,2025-05-11,May,2025,Cynthia Erickson,VIP,Consumer,East,Heard Island and McDonald Islands,Utah,Port Kaitlin,Technology,Phones,Animal,9,544.61,0.05,20.83,4656.42,558.55,0.12,Low,Cash
ORD-10325,2025-05-13,May,2025,Dr. Courtney Diaz,VIP,Home Office,West,Mozambique,Utah,North Amystad,Furniture,Tables,Company,1,65.16,0.14,20.98,56.04,1.58,0.03,Medium,Cash
ORD-10326,2023-04-24,Apr,2023,Morgan Little,VIP,Corporate,Central,Svalbard & Jan Mayen Islands,Louisiana,East Kevin,Office Supplies,Paper,Detail,9,773.83,0.16,14.04,5850.15,-351.92,-0.06,High,Cash
ORD-10327,2023-12-23,Dec,2023,Anthony Fletcher,New,Corporate,South,Guyana,Wisconsin,Langbury,Technology,Phones,Foreign,3,170.52,0.21,47.97,404.13,74.87,0.19,Low,Card
ORD-10328,2022-12-01,Dec,2022,Kaitlyn Trujillo,Returning,Consumer,West,Tajikistan,Colorado,Ashleyville,Office Supplies,Paper,Memory,4,55.29,0.16,36.29,185.77,46.26,0.25,High,Net Banking
ORD-10329,2024-04-12,Apr,2024,James Thomas,VIP,Home Office,North,Tanzania,New Hampshire,Charlesside,Office Supplies,Storage,Check,8,100.97,0.14,31.5,694.67,79.52,0.11,Critical,Net Banking
ORD-10330,2025-02-14,Feb,2025,Mary Hayes,Returning,Corporate,North,Spain,Delaware,Andreaport,Office Supplies,Storage,Rule,9,416.48,0.26,47.27,2773.76,-240.44,-0.09,Medium,Cash
ORD-10331,2025-03-16,Mar,2025,Jennifer Love,New,Corporate,North,Saint Martin,Indiana,West Alex,Furniture,Tables,Class,8,599.44,0.24,16.59,3644.6,117.01,0.03,Medium,UPI
ORD-10332,2024-04-19,Apr,2024,Kathleen Baker,Returning,Home Office,East,Comoros,Alaska,Justinville,Furniture,Chairs,Prepare,2,340.66,0.04,29.28,654.07,142.08,0.22,Low,UPI
ORD-10333,2025-04-29,Apr,2025,Julie Rose,VIP,Consumer,West,Wallis and Futuna,New Mexico,Hendrixburgh,Furniture,Bookcases,Maybe,6,322.52,0.05,26.39,1838.36,367.43,0.2,High,UPI
ORD-10334,2024-02-17,Feb,2024,Donna Baxter,VIP,Consumer,South,Anguilla,New Jersey,Jordanchester,Technology,Accessories,Necessary,5,164.04,0.15,44.93,697.17,120.71,0.17,High,Net Banking
ORD-10335,2024-12-17,Dec,2024,Lindsay Avery,VIP,Home Office,East,Svalbard & Jan Mayen Islands,Alabama,Lake Anthonymouth,Furniture,Chairs,Factor,8,571.95,0.1,40.32,4118.04,146.46,0.04,Low,UPI
ORD-10336,2022-11-29,Nov,2022,Jeffrey Conner,Returning,Consumer,West,Uzbekistan,Colorado,Butlermouth,Furniture,Bookcases,Body,9,212.58,0.06,46.49,1798.43,82.26,0.05,Medium,Card
ORD-10337,2024-10-09,Oct,2024,Andrea Kirby,VIP,Home Office,West,Norway,Delaware,Port Tristanburgh,Furniture,Chairs,Win,10,327.54,0.3,36.78,2292.78,555.89,0.24,Critical,Net Banking
ORD-10338,2024-07-21,Jul,2024,Donna Mills,VIP,Corporate,West,Botswana,California,Port Jonathan,Furniture,Bookcases,Pretty,1,244.39,0.22,45.37,190.62,12.02,0.06,Medium,Cash
ORD-10339,2025-10-02,Oct,2025,Donald Mccullough,VIP,Consumer,South,Denmark,Wyoming,Martinezstad,Furniture,Chairs,Structure,7,217.8,0.08,12.98,1402.63,416.61,0.3,Low,UPI
ORD-10340,2024-11-21,Nov,2024,Danielle Herrera,Returning,Home Office,Central,Namibia,Washington,Markshire,Technology,Phones,Rule,5,779.61,0.06,20.52,3664.17,1021.78,0.28,High,Card
ORD-10341,2024-08-10,Aug,2024,Andrea Pineda,Returning,Corporate,East,Vietnam,California,New Donnaland,Technology,Phones,Red,2,375.67,0.21,38.29,593.56,-42.07,-0.07,Low,Cash
ORD-10342,2023-07-23,Jul,2023,Maria Baker,Returning,Home Office,South,Bermuda,Delaware,Josephborough,Technology,Accessories,Before,2,722.01,0.06,14.07,1357.38,-120.26,-0.09,High,Net Banking
ORD-10343,2023-11-21,Nov,2023,Mike Rodriguez,Returning,Corporate,Central,Moldova,Connecticut,Pierceside,Office Supplies,Paper,Such,3,590.61,0.09,10.94,1612.37,109.93,0.07,Critical,UPI
ORD-10344,2023-12-30,Dec,2023,Jade Reilly,New,Corporate,West,Morocco,North Dakota,Chenhaven,Technology,Phones,Require,8,484.73,0.03,39.57,3761.5,586.26,0.16,Medium,UPI
ORD-10345,2023-10-12,Oct,2023,John Stephens,Returning,Home Office,East,Zimbabwe,Arkansas,Lake Davidmouth,Technology,Laptops,One,3,637.92,0.25,5.87,1435.32,306.75,0.21,Critical,Cash
ORD-10346,2024-05-08,May,2024,Diana Sharp,Returning,Corporate,Central,Russian Federation,Vermont,Bautistaland,Office Supplies,Storage,Whole,9,189.31,0.09,28.99,1550.45,205.09,0.13,Low,UPI
ORD-10347,2025-02-22,Feb,2025,Kristin Page,Returning,Corporate,Central,British Indian Ocean Territory (Chagos Archipelago),Rhode Island,Lake Brendafort,Office Supplies,Storage,Nor,4,276.93,0.24,7.62,841.87,72.44,0.09,Low,Cash
ORD-10348,2024-07-21,Jul,2024,Charles Buck,VIP,Corporate,South,Kiribati,New Mexico,Grimesberg,Office Supplies,Binders,Both,8,151.4,0.13,15.11,1053.74,212.17,0.2,Medium,UPI
ORD-10349,2024-02-17,Feb,2024,Richard Mejia,Returning,Home Office,South,Congo,Vermont,Michaelview,Technology,Accessories,Tv,5,384.3,0.19,49.26,1556.42,269.58,0.17,High,Card
ORD-10350,2024-06-18,Jun,2024,Sarah Hall,New,Consumer,Central,United Kingdom,Hawaii,Marystad,Office Supplies,Paper,The,9,634.38,0.22,22.42,4453.35,800.41,0.18,Medium,UPI
ORD-10351,2023-05-18,May,2023,Mrs. Brooke Little MD,Returning,Home Office,East,Paraguay,North Dakota,West Kevinview,Technology,Accessories,Your,8,539.67,0.03,9.9,4187.84,1047.18,0.25,Critical,Net Banking
ORD-10352,2024-08-09,Aug,2024,George Miller,New,Corporate,Central,Papua New Guinea,Pennsylvania,East Christian,Technology,Laptops,Right,7,472.08,0.02,29.7,3238.47,527.96,0.16,Medium,Cash
ORD-10353,2024-03-21,Mar,2024,Leslie Saunders,VIP,Consumer,East,Armenia,Vermont,Keithberg,Furniture,Chairs,Cut,3,708.9,0.17,17.53,1765.16,335.27,0.19,High,Cash
ORD-10354,2024-10-08,Oct,2024,Lisa Martinez,New,Consumer,Central,Isle of Man,Illinois,Charlesville,Technology,Accessories,Star,6,392.95,0.17,21.23,1956.89,-14.1,-0.01,Low,Net Banking
ORD-10355,2024-12-21,Dec,2024,April Wallace,New,Consumer,East,Colombia,Kentucky,Elizabethton,Office Supplies,Paper,Voice,4,423.7,0.16,23.44,1423.63,324.22,0.23,Critical,Net Banking
ORD-10356,2023-01-14,Jan,2023,Cameron Schmitt,New,Home Office,Central,Lesotho,Louisiana,North Ericfort,Technology,Phones,Author,3,778.14,0.16,40.2,1960.91,-68.5,-0.03,Critical,Card
ORD-10357,2024-05-21,May,2024,Mariah Haney,New,Home Office,North,Congo,Colorado,South Jacobstad,Furniture,Tables,At,7,543.77,0.05,10.47,3616.07,-279.96,-0.08,Low,Card
ORD-10358,2023-10-13,Oct,2023,Mr. James Taylor PhD,VIP,Corporate,West,Barbados,New Mexico,Bennettside,Office Supplies,Paper,Born,10,388.0,0.16,31.35,3259.2,720.47,0.22,Medium,Card
ORD-10359,2024-02-07,Feb,2024,Kimberly Ellis,New,Consumer,South,Saint Pierre and Miquelon,Texas,Aliciastad,Technology,Phones,Those,4,299.59,0.24,7.11,910.75,22.97,0.03,High,UPI
ORD-10360,2024-11-15,Nov,2024,Charlene Curtis,VIP,Consumer,North,Canada,South Carolina,East Mary,Furniture,Tables,Quickly,6,560.74,0.19,40.66,2725.2,-235.2,-0.09,Medium,Card
ORD-10361,2025-03-03,Mar,2025,Joseph Williams,VIP,Consumer,West,Tonga,North Dakota,New Davidhaven,Office Supplies,Binders,Share,5,259.21,0.01,17.32,1283.09,159.78,0.12,Critical,UPI
ORD-10362,2023-04-19,Apr,2023,Kara Huynh,Returning,Home Office,West,Micronesia,Vermont,South Ericahaven,Office Supplies,Storage,Day,4,335.15,0.28,27.02,965.23,5.95,0.01,High,Net Banking
ORD-10363,2024-10-17,Oct,2024,Ashlee Rios,VIP,Corporate,Central,Turkmenistan,West Virginia,North Allison,Office Supplies,Paper,Public,8,144.28,0.15,5.81,981.1,222.61,0.23,Low,UPI
ORD-10364,2023-09-20,Sep,2023,Darlene Castaneda,VIP,Corporate,West,Vanuatu,Georgia,Meghanburgh,Office Supplies,Storage,Tend,3,580.94,0.28,13.16,1254.83,200.34,0.16,Medium,Card
ORD-10365,2023-10-11,Oct,2023,Natalie Williams,Returning,Corporate,East,Senegal,Minnesota,Heathton,Office Supplies,Storage,Specific,3,336.77,0.15,41.02,858.76,137.0,0.16,Low,Net Banking
ORD-10366,2023-10-06,Oct,2023,Amy Stewart,VIP,Corporate,North,Slovenia,North Dakota,Leemouth,Office Supplies,Storage,Recognize,7,718.33,0.29,45.45,3570.1,390.03,0.11,High,Card
ORD-10367,2024-11-30,Nov,2024,Sergio Austin,Returning,Consumer,Central,Greece,North Dakota,North Christopherton,Furniture,Chairs,End,4,249.52,0.15,24.52,848.37,68.99,0.08,High,Net Banking
ORD-10368,2024-11-26,Nov,2024,Kayla Gonzalez,New,Consumer,North,Bahamas,Alaska,Lake Johnny,Furniture,Chairs,Pm,7,615.49,0.2,34.65,3446.74,48.79,0.01,Low,Net Banking
ORD-10369,2025-06-05,Jun,2025,Robert Anderson,Returning,Consumer,West,Bhutan,Massachusetts,Lake Caitlin,Furniture,Bookcases,Charge,8,222.34,0.2,44.41,1422.98,375.55,0.26,High,Cash
ORD-10370,2023-01-19,Jan,2023,Angela Shannon,VIP,Home Office,West,Moldova,Rhode Island,Carrieshire,Office Supplies,Storage,Direction,9,662.99,0.18,16.88,4892.87,529.59,0.11,Medium,UPI
ORD-10371,2024-10-25,Oct,2024,Carrie Spencer,VIP,Corporate,South,Australia,New Jersey,Heatherport,Office Supplies,Storage,Medical,5,759.07,0.26,7.47,2808.56,346.15,0.12,Low,Net Banking
ORD-10372,2025-04-12,Apr,2025,Lori Jimenez,Returning,Corporate,North,Guernsey,Virginia,Hoffmanview,Office Supplies,Storage,Laugh,10,144.19,0.18,23.17,1182.36,-20.12,-0.02,Critical,Net Banking
ORD-10373,2024-07-31,Jul,2024,Jeffrey Johnson,VIP,Home Office,East,Uruguay,Montana,Stevenhaven,Office Supplies,Paper,On,1,95.58,0.16,40.54,80.29,-0.34,0.0,Medium,UPI
ORD-10374,2024-11-03,Nov,2024,Robert Davidson,Returning,Corporate,West,Pitcairn Islands,Texas,West Robertmouth,Office Supplies,Binders,Whom,7,637.12,0.16,33.15,3746.27,20.82,0.01,High,UPI
ORD-10375,2024-05-18,May,2024,Sandra Moore,VIP,Consumer,North,Kuwait,Washington,South Morgan,Office Supplies,Storage,Staff,10,716.9,0.04,15.89,6882.24,158.15,0.02,Low,Cash
ORD-10376,2023-11-08,Nov,2023,Sharon Myers,Returning,Consumer,North,Norway,Kansas,Christopherstad,Technology,Phones,Share,6,788.01,0.29,26.4,3356.92,910.01,0.27,High,Card
ORD-10377,2025-01-06,Jan,2025,Matthew Bailey,Returning,Home Office,Central,Philippines,Connecticut,Bishopside,Furniture,Chairs,Mother,4,230.09,0.18,49.44,754.7,64.56,0.09,High,Card
ORD-10378,2023-11-30,Nov,2023,Sandra Mejia,New,Corporate,East,Anguilla,Montana,Ianchester,Technology,Accessories,Meeting,2,57.55,0.18,14.13,94.38,6.08,0.06,High,Card
ORD-10379,2025-03-12,Mar,2025,Joshua Mercado,Returning,Consumer,East,Cook Islands,Delaware,North Brittany,Technology,Phones,Build,10,720.35,0.01,9.36,7131.47,1922.16,0.27,Critical,Cash
ORD-10380,2023-02-09,Feb,2023,Rachel Evans,VIP,Consumer,South,Puerto Rico,Pennsylvania,Zacharyshire,Office Supplies,Paper,Player,3,372.8,0.09,36.62,1017.74,49.9,0.05,Low,Cash
ORD-10381,2024-07-29,Jul,2024,Ryan Brown,New,Home Office,South,Uzbekistan,New Jersey,West Nathanielfurt,Technology,Laptops,News,2,329.06,0.19,18.56,533.08,133.17,0.25,High,Cash
ORD-10382,2023-11-23,Nov,2023,Clinton Pearson,VIP,Corporate,North,Mayotte,Arkansas,Port Sarah,Furniture,Tables,Prove,6,211.62,0.01,32.93,1257.02,132.77,0.11,Low,Card
ORD-10383,2023-05-09,May,2023,James Ward,VIP,Corporate,South,Wallis and Futuna,Nebraska,Lake Victoria,Technology,Laptops,Its,8,780.91,0.13,18.37,5435.13,341.93,0.06,High,UPI
ORD-10384,2024-12-03,Dec,2024,Richard Hayes,Returning,Consumer,East,Montenegro,Minnesota,Lake Natalieland,Furniture,Chairs,Clear,8,794.46,0.06,29.48,5974.34,-266.24,-0.04,Low,UPI
ORD-10385,2025-11-14,Nov,2025,William Phillips,Returning,Consumer,North,Iceland,Florida,New Stephanieberg,Furniture,Bookcases,So,10,493.05,0.04,17.86,4733.28,1061.0,0.22,High,Net Banking
ORD-10386,2023-03-11,Mar,2023,Mr. Robert Garcia,VIP,Home Office,North,Nauru,North Carolina,Lake Laurenstad,Furniture,Chairs,Sell,7,462.86,0.15,6.68,2754.02,94.83,0.03,Medium,Cash
ORD-10387,2023-02-07,Feb,2023,Kimberly Cantrell,VIP,Home Office,East,Papua New Guinea,Mississippi,West David,Technology,Accessories,Election,1,574.13,0.28,34.65,413.37,-38.11,-0.09,Medium,Net Banking
ORD-10388,2023-02-11,Feb,2023,Melissa Rodriguez,New,Consumer,West,Bolivia,North Carolina,South John,Furniture,Tables,Whom,3,566.66,0.02,24.26,1665.98,440.93,0.26,High,Net Banking
ORD-10389,2023-12-19,Dec,2023,Megan Murphy,Returning,Home Office,Central,Honduras,Tennessee,Shafferstad,Office Supplies,Binders,Amount,9,656.75,0.03,35.28,5733.43,79.67,0.01,Critical,Net Banking
ORD-10390,2022-12-12,Dec,2022,Mary Bryan,Returning,Home Office,Central,Benin,Arizona,East Alexstad,Technology,Laptops,Director,6,745.05,0.21,16.54,3531.54,978.41,0.28,High,Card
ORD-10391,2024-06-26,Jun,2024,Brian Palmer,VIP,Consumer,East,Antarctica (the territory South of 60 deg S),Connecticut,South Elizabethport,Furniture,Chairs,Third,6,512.95,0.23,34.83,2369.83,-102.2,-0.04,Critical,Net Banking
ORD-10392,2024-01-18,Jan,2024,Kimberly Phillips,Returning,Home Office,Central,Denmark,Mississippi,West Patrick,Technology,Accessories,Hundred,4,304.04,0.2,12.87,972.93,78.95,0.08,Low,Card
ORD-10393,2024-11-17,Nov,2024,Michael Hoffman,Returning,Consumer,West,United States Minor Outlying Islands,Kansas,Ginaside,Furniture,Bookcases,Western,4,24.82,0.09,26.04,90.34,1.43,0.02,Low,UPI
ORD-10394,2024-04-15,Apr,2024,Mrs. Madeline Reyes,VIP,Home Office,East,Gabon,Oklahoma,Mitchellhaven,Furniture,Tables,Every,8,110.04,0.12,39.5,774.68,171.53,0.22,Low,Net Banking
ORD-10395,2022-11-29,Nov,2022,Benjamin Moreno,VIP,Home Office,Central,Cuba,Ohio,North Marcberg,Office Supplies,Paper,Different,3,351.95,0.14,18.48,908.03,82.44,0.09,Low,Card
ORD-10396,2025-09-25,Sep,2025,Amy Green,VIP,Consumer,North,Djibouti,Tennessee,West Phillip,Furniture,Chairs,Win,6,156.65,0.02,29.96,921.1,136.02,0.15,High,Net Banking
ORD-10397,2024-04-28,Apr,2024,Nicholas Brown,Returning,Consumer,North,Malta,Utah,Michelefurt,Technology,Phones,Nor,7,348.06,0.02,21.41,2387.69,436.25,0.18,Low,UPI
ORD-10398,2025-01-10,Jan,2025,Bonnie Hamilton,New,Consumer,North,Hungary,Louisiana,North Deniseton,Furniture,Chairs,Former,4,267.53,0.15,7.73,909.6,64.38,0.07,Medium,UPI
ORD-10399,2024-07-15,Jul,2024,Jade Levine,New,Consumer,Central,Bouvet Island (Bouvetoya),Wisconsin,Port Brandyshire,Furniture,Tables,Especially,5,112.41,0.27,32.4,410.3,45.84,0.11,High,Net Banking
ORD-10400,2025-04-28,Apr,2025,Anna Castillo,VIP,Home Office,Central,Papua New Guinea,Pennsylvania,North Kellyfurt,Office Supplies,Paper,Form,7,766.86,0.22,11.1,4187.06,-150.94,-0.04,Critical,UPI
ORD-10401,2022-11-25,Nov,2022,Steven Roberts,Returning,Home Office,West,Saint Martin,Iowa,Melissaside,Office Supplies,Storage,Purpose,1,347.62,0.23,18.11,267.67,33.56,0.13,Medium,Card
ORD-10402,2023-10-13,Oct,2023,Brittany Knapp,New,Corporate,West,Libyan Arab Jamahiriya,Arkansas,North Rachel,Furniture,Bookcases,Reflect,2,548.12,0.13,35.78,953.73,213.85,0.22,High,Card
ORD-10403,2023-03-16,Mar,2023,Sandra Perez,Returning,Consumer,South,Hungary,Idaho,Port Kimberly,Technology,Accessories,Amount,7,431.59,0.09,42.26,2749.23,-22.88,-0.01,Critical,Net Banking
ORD-10404,2025-10-13,Oct,2025,Thomas Martin,Returning,Consumer,North,Malawi,Ohio,Hollyfurt,Technology,Phones,Building,5,197.8,0.16,26.74,830.76,129.53,0.16,Critical,Net Banking
ORD-10405,2024-02-17,Feb,2024,Christopher Erickson,Returning,Consumer,South,Vietnam,Wisconsin,North Donald,Office Supplies,Paper,Concern,10,453.14,0.23,6.1,3489.18,20.28,0.01,Medium,Cash
ORD-10406,2024-07-15,Jul,2024,Kelly Holloway,Returning,Consumer,South,Lebanon,Kentucky,Port Sarah,Technology,Laptops,Two,4,784.29,0.17,37.49,2603.84,461.67,0.18,High,Cash
ORD-10407,2025-08-27,Aug,2025,Steven Williams,VIP,Consumer,West,Pitcairn Islands,Oregon,Bobbyberg,Office Supplies,Binders,Region,4,143.66,0.17,31.8,476.95,-2.29,0.0,Low,UPI
ORD-10408,2024-04-25,Apr,2024,Faith Baker,Returning,Consumer,Central,Saudi Arabia,Minnesota,Port Tinaberg,Technology,Phones,Natural,5,448.75,0.27,32.36,1637.94,360.2,0.22,Low,Card
ORD-10409,2025-08-02,Aug,2025,Zachary Arroyo,New,Corporate,West,Seychelles,North Dakota,New Alexanderville,Technology,Laptops,Help,2,53.52,0.09,31.7,97.41,4.89,0.05,Critical,Net Banking
ORD-10410,2024-12-03,Dec,2024,Laura Gilbert,Returning,Consumer,North,Mali,Wyoming,West Laura,Office Supplies,Storage,Process,10,327.97,0.14,34.11,2820.54,608.03,0.22,Low,Net Banking
ORD-10411,2024-08-24,Aug,2024,Loretta Martinez,New,Corporate,East,Bahrain,California,Hayesport,Furniture,Tables,Describe,5,504.95,0.05,36.82,2398.51,-185.01,-0.08,Low,UPI
ORD-10412,2023-06-21,Jun,2023,Tracey Sanders DVM,VIP,Consumer,East,Anguilla,Delaware,Perezmouth,Office Supplies,Binders,Sister,2,150.25,0.13,5.68,261.44,4.72,0.02,Critical,Net Banking
ORD-10413,2023-10-11,Oct,2023,Diane Barry,Returning,Consumer,East,Cote d'Ivoire,Massachusetts,New Kelly,Furniture,Tables,Recently,6,516.03,0.18,5.21,2538.87,540.32,0.21,Low,Card
ORD-10414,2025-10-11,Oct,2025,Joshua Cummings,Returning,Consumer,East,Zimbabwe,Florida,Howardbury,Office Supplies,Binders,Across,3,671.08,0.26,5.74,1489.8,357.94,0.24,Medium,Net Banking
ORD-10415,2025-06-23,Jun,2025,Jane Brown,Returning,Home Office,West,Somalia,Delaware,New Paulberg,Technology,Accessories,Method,2,266.5,0.09,11.71,485.03,1.98,0.0,Medium,Card
ORD-10416,2025-02-06,Feb,2025,Paul Meza,New,Home Office,South,Fiji,Oregon,Martinshire,Technology,Phones,Son,3,372.28,0.04,7.49,1072.17,59.91,0.06,Low,Net Banking
ORD-10417,2024-12-22,Dec,2024,Jennifer Lewis,New,Home Office,West,Uganda,Rhode Island,Lake Natalieshire,Office Supplies,Paper,Coach,2,244.52,0.06,41.66,459.7,-33.46,-0.07,High,Card
ORD-10418,2024-11-01,Nov,2024,Carlos Ferguson,VIP,Consumer,East,Nauru,West Virginia,New Meganfort,Technology,Accessories,Next,3,689.34,0.17,28.08,1716.46,505.43,0.29,High,Card
ORD-10419,2023-09-08,Sep,2023,Kaitlin Hoover,New,Home Office,East,Montserrat,Nebraska,East Kelly,Technology,Phones,Together,2,393.21,0.15,28.41,668.46,117.59,0.18,High,UPI
ORD-10420,2023-03-26,Mar,2023,William Guzman,New,Consumer,West,Saudi Arabia,Kentucky,West Stacey,Office Supplies,Paper,Hotel,3,153.32,0.06,26.68,432.36,-11.2,-0.03,Low,Net Banking
ORD-10421,2023-10-13,Oct,2023,Jamie Richardson,Returning,Corporate,West,Faroe Islands,Alaska,Danielfort,Technology,Accessories,Share,2,256.55,0.13,38.17,446.4,57.33,0.13,Low,UPI
ORD-10422,2025-10-31,Oct,2025,Shawn Mclaughlin,Returning,Consumer,North,United States Virgin Islands,Kentucky,Douglasburgh,Furniture,Chairs,Far,10,792.92,0.17,15.7,6581.24,1283.64,0.2,Medium,Net Banking
ORD-10423,2023-07-13,Jul,2023,David Perry,VIP,Corporate,Central,Morocco,Maine,Harrismouth,Office Supplies,Storage,Wonder,5,71.42,0.12,48.91,314.25,85.16,0.27,Medium,Net Banking
ORD-10424,2022-12-23,Dec,2022,Robert Potter,New,Corporate,South,Colombia,New York,New Brianna,Office Supplies,Binders,Sell,9,434.42,0.25,39.13,2932.34,402.0,0.14,High,UPI
ORD-10425,2024-10-26,Oct,2024,Susan Fleming,VIP,Home Office,North,Uzbekistan,Illinois,Nicholasport,Technology,Accessories,Trial,4,451.89,0.15,40.5,1536.43,250.06,0.16,Medium,Net Banking
ORD-10426,2023-03-24,Mar,2023,Jean Moody,New,Consumer,West,Yemen,South Dakota,West Seth,Technology,Laptops,Dog,2,177.35,0.25,42.24,266.02,-14.71,-0.06,High,UPI
ORD-10427,2023-05-06,May,2023,Joseph Cochran,VIP,Corporate,Central,Djibouti,Arizona,Lake Travisland,Furniture,Tables,Cover,2,428.76,0.28,13.78,617.41,137.86,0.22,Medium,Cash
ORD-10428,2023-11-25,Nov,2023,John Gallagher,New,Corporate,South,South Africa,Oregon,Arroyoville,Furniture,Tables,Loss,7,455.6,0.03,33.41,3093.52,901.72,0.29,Critical,Card
ORD-10429,2023-06-12,Jun,2023,Jaime Webb,Returning,Home Office,West,Austria,Wisconsin,Port Vincent,Furniture,Bookcases,Red,10,150.37,0.2,33.97,1202.96,283.3,0.24,Critical,UPI
ORD-10430,2024-10-02,Oct,2024,Taylor Scott,VIP,Consumer,East,Australia,North Carolina,North Barbara,Technology,Accessories,Rate,10,117.04,0.2,42.18,936.32,195.92,0.21,Low,Cash
ORD-10431,2024-05-11,May,2024,Michael Taylor,New,Home Office,West,Sudan,Wisconsin,Gloverport,Technology,Laptops,With,4,281.58,0.18,47.8,923.58,28.94,0.03,Low,Net Banking
ORD-10432,2025-05-14,May,2025,Mrs. Stephanie Mclaughlin,New,Corporate,West,Svalbard & Jan Mayen Islands,West Virginia,Harrisview,Technology,Laptops,Choose,8,229.25,0.09,21.13,1668.94,397.93,0.24,Critical,UPI
ORD-10433,2024-07-08,Jul,2024,Kimberly Colon,VIP,Consumer,South,Mauritius,South Dakota,West Matthew,Office Supplies,Storage,Family,5,174.35,0.06,35.24,819.44,-24.66,-0.03,Critical,Card
ORD-10434,2024-09-19,Sep,2024,Christina Morris,VIP,Consumer,Central,Reunion,California,Robinsonfort,Office Supplies,Storage,Investment,4,512.42,0.06,19.96,1926.7,278.67,0.14,Medium,UPI
ORD-10435,2023-11-01,Nov,2023,Frank Hines,New,Consumer,South,Kyrgyz Republic,Missouri,New Michelemouth,Office Supplies,Storage,Business,2,337.51,0.1,28.29,607.52,131.23,0.22,High,Cash
ORD-10436,2023-04-03,Apr,2023,Elizabeth Nelson,New,Consumer,West,Turks and Caicos Islands,Georgia,Johnburgh,Office Supplies,Binders,Possible,5,395.88,0.23,10.51,1524.14,153.99,0.1,Low,Cash
ORD-10437,2025-10-13,Oct,2025,Keith Donaldson,VIP,Corporate,Central,Panama,Maine,Lukemouth,Office Supplies,Binders,Fill,1,120.85,0.11,21.21,107.56,29.22,0.27,Medium,Net Banking
ORD-10438,2025-08-06,Aug,2025,Stephen Macdonald,New,Corporate,South,Zambia,Alabama,Davidside,Furniture,Tables,People,3,651.89,0.08,35.29,1799.22,127.6,0.07,Low,Net Banking
ORD-10439,2023-08-21,Aug,2023,Teresa Smith,VIP,Home Office,West,Albania,Montana,Karenport,Office Supplies,Storage,Compare,7,115.64,0.2,26.1,647.58,90.25,0.14,High,Card
ORD-10440,2023-05-04,May,2023,Nicholas Chavez,New,Home Office,Central,Andorra,Texas,Port Andre,Office Supplies,Binders,Goal,3,341.74,0.26,30.42,758.66,193.89,0.26,Low,Card
ORD-10441,2023-03-16,Mar,2023,Cody Jones,New,Consumer,East,Pitcairn Islands,California,Port Anthony,Office Supplies,Binders,No,9,468.47,0.01,5.55,4174.07,-359.85,-0.09,Medium,UPI
ORD-10442,2024-11-07,Nov,2024,Christina Arnold,Returning,Home Office,South,Central African Republic,New Jersey,New Jack,Office Supplies,Paper,Hold,9,347.88,0.28,24.65,2254.26,636.34,0.28,Low,Card
ORD-10443,2023-12-04,Dec,2023,William Myers,New,Home Office,Central,San Marino,New Jersey,East Jody,Furniture,Bookcases,Life,4,77.0,0.25,18.29,231.0,-14.1,-0.06,Low,Cash
ORD-10444,2024-04-28,Apr,2024,Jeffery Silva,VIP,Corporate,South,Iceland,Iowa,Michaelmouth,Office Supplies,Paper,Detail,6,794.63,0.27,31.11,3480.48,-332.19,-0.1,Critical,Card
ORD-10445,2023-12-20,Dec,2023,Sandra Berry,VIP,Consumer,North,Thailand,Wisconsin,Tristanfort,Office Supplies,Storage,Put,7,728.01,0.25,45.62,3822.05,-355.11,-0.09,High,Net Banking
ORD-10446,2025-09-06,Sep,2025,Susan Barnes,VIP,Consumer,North,Saint Lucia,Alaska,Lynnton,Technology,Laptops,Meeting,4,456.78,0.14,36.22,1571.32,77.94,0.05,Low,Net Banking
ORD-10447,2025-04-19,Apr,2025,Michael Jones,Returning,Consumer,Central,Ecuador,Michigan,Carlahaven,Office Supplies,Paper,Strategy,3,644.04,0.12,32.46,1700.27,-135.88,-0.08,Medium,Card
ORD-10448,2025-10-15,Oct,2025,Michelle Hurst,Returning,Home Office,East,Tajikistan,North Dakota,Port Kelseytown,Office Supplies,Binders,Loss,6,451.37,0.23,24.52,2085.33,294.2,0.14,Critical,UPI
ORD-10449,2025-02-16,Feb,2025,Nicole Spencer,New,Corporate,West,Cuba,Alaska,Lewisborough,Office Supplies,Paper,Leg,7,378.66,0.17,5.66,2200.01,597.6,0.27,High,Card
ORD-10450,2024-08-06,Aug,2024,Monica Conner,New,Consumer,South,Saudi Arabia,West Virginia,Port Christopherfort,Technology,Laptops,Bring,7,661.05,0.01,11.88,4581.08,-99.07,-0.02,High,Net Banking
ORD-10451,2025-02-18,Feb,2025,Curtis Page,Returning,Corporate,North,Iceland,California,South Kennethfurt,Furniture,Tables,Month,2,597.33,0.1,6.7,1075.19,7.3,0.01,Critical,Net Banking
ORD-10452,2024-11-09,Nov,2024,Cynthia Nguyen,VIP,Consumer,South,Oman,Vermont,North Karen,Office Supplies,Paper,Subject,1,742.92,0.02,11.74,728.06,103.73,0.14,Medium,Card
ORD-10453,2024-02-17,Feb,2024,Casey Jordan,Returning,Corporate,North,Sweden,Ohio,Brooksland,Furniture,Tables,Behind,9,661.99,0.19,18.11,4825.91,1086.38,0.23,Low,Net Banking
ORD-10454,2024-06-17,Jun,2024,Monique Garcia,VIP,Home Office,East,Saint Vincent and the Grenadines,Florida,South Alexanderhaven,Office Supplies,Binders,Form,6,50.1,0.3,25.96,210.42,10.26,0.05,Critical,Card
ORD-10455,2023-06-05,Jun,2023,Kevin Hernandez,New,Consumer,Central,Monaco,Vermont,Joshuamouth,Technology,Phones,Garden,9,717.9,0.11,23.61,5750.38,813.79,0.14,Critical,Net Banking
ORD-10456,2025-03-01,Mar,2025,Jessica Leach,VIP,Home Office,North,Liechtenstein,Tennessee,West Lacey,Technology,Accessories,Yes,3,319.33,0.3,23.08,670.59,-54.0,-0.08,High,Net Banking
ORD-10457,2024-04-27,Apr,2024,Christopher Mcdonald,VIP,Home Office,South,Serbia,Arkansas,Port Ruth,Furniture,Tables,Three,10,680.04,0.03,45.65,6596.39,1268.46,0.19,Critical,Net Banking
ORD-10458,2024-06-19,Jun,2024,Regina Bradley,New,Home Office,South,Macedonia,New Mexico,North Carlos,Furniture,Tables,Note,8,569.72,0.02,28.31,4466.6,274.17,0.06,Medium,Cash
ORD-10459,2025-02-05,Feb,2025,Howard Newton,Returning,Home Office,West,Cuba,Iowa,Shannonfort,Office Supplies,Storage,Same,8,14.1,0.22,16.69,87.98,21.19,0.24,Medium,Cash
ORD-10460,2023-01-30,Jan,2023,Stephanie Summers,New,Home Office,North,Malta,Maryland,Lesliemouth,Furniture,Tables,Race,9,187.7,0.12,19.97,1486.58,-45.76,-0.03,Low,Card
ORD-10461,2025-10-06,Oct,2025,Jessica Herman,VIP,Corporate,South,Solomon Islands,Alaska,Sarahchester,Office Supplies,Paper,Responsibility,8,613.5,0.12,16.51,4319.04,205.42,0.05,High,Cash
ORD-10462,2025-01-30,Jan,2025,Courtney Kemp,Returning,Corporate,Central,Honduras,Delaware,Joshuamouth,Office Supplies,Storage,Employee,4,107.61,0.25,12.88,322.83,70.53,0.22,Low,Card
ORD-10463,2022-12-18,Dec,2022,Jennifer Haley,New,Home Office,West,United Kingdom,Washington,New Mark,Furniture,Bookcases,Member,3,568.32,0.01,43.51,1687.91,-42.93,-0.03,High,Net Banking
ORD-10464,2024-08-15,Aug,2024,Anthony Miller,VIP,Corporate,East,Antigua and Barbuda,Idaho,North Richardside,Furniture,Bookcases,Positive,4,261.91,0.01,24.01,1037.16,172.93,0.17,Medium,Net Banking
ORD-10465,2025-06-18,Jun,2025,Angela Johnston,VIP,Consumer,West,Tonga,Wyoming,New Stevenstad,Technology,Phones,Off,1,781.75,0.25,22.88,586.31,134.74,0.23,Low,UPI
ORD-10466,2024-01-30,Jan,2024,Jason Moore,VIP,Home Office,South,Cameroon,Minnesota,Rochaborough,Technology,Accessories,Always,5,281.27,0.12,15.1,1237.59,20.02,0.02,Medium,UPI
ORD-10467,2024-08-12,Aug,2024,Troy Powell,New,Home Office,East,Gibraltar,Utah,Frankhaven,Furniture,Tables,Turn,4,658.54,0.28,39.59,1896.6,281.1,0.15,Critical,UPI
ORD-10468,2024-07-03,Jul,2024,Jason Patterson,VIP,Corporate,East,Thailand,Connecticut,South Amytown,Furniture,Tables,Southern,3,730.91,0.27,15.28,1600.69,34.04,0.02,High,Cash
ORD-10469,2025-08-19,Aug,2025,David Stephens,VIP,Corporate,North,Chad,Texas,Kristastad,Furniture,Tables,Guy,8,28.25,0.2,30.64,180.8,-3.12,-0.02,High,Net Banking
ORD-10470,2024-08-30,Aug,2024,Jordan Farmer,VIP,Home Office,West,San Marino,Wyoming,Stuartbury,Technology,Phones,Send,6,192.29,0.22,21.54,899.92,-84.55,-0.09,High,UPI
ORD-10471,2023-06-09,Jun,2023,Susan Smith,Returning,Corporate,West,Honduras,Minnesota,East Kaitlynton,Technology,Laptops,Guy,4,584.6,0.29,17.21,1660.26,140.45,0.08,Critical,Net Banking
ORD-10472,2023-04-25,Apr,2023,Kevin Fox,New,Corporate,Central,Zambia,North Carolina,Stephaniemouth,Furniture,Tables,Star,10,125.81,0.26,30.37,930.99,81.14,0.09,Medium,Net Banking
ORD-10473,2025-07-05,Jul,2025,Alexis Macias,Returning,Corporate,West,Liechtenstein,Mississippi,West Jasontown,Office Supplies,Storage,Evening,9,703.04,0.26,24.2,4682.25,1184.83,0.25,Low,Net Banking
ORD-10474,2025-03-17,Mar,2025,Robert Powell,New,Consumer,West,Greenland,Oklahoma,Danielsberg,Technology,Phones,Television,8,559.87,0.15,27.7,3807.12,619.97,0.16,Low,Cash
ORD-10475,2025-07-16,Jul,2025,Danielle Spencer,VIP,Corporate,Central,South Africa,Mississippi,Hernandezbury,Furniture,Bookcases,Fly,3,71.58,0.27,11.3,156.76,-12.34,-0.08,High,Net Banking
ORD-10476,2024-03-20,Mar,2024,Thomas Diaz,New,Corporate,Central,Suriname,Delaware,East Jeremyside,Furniture,Chairs,Tax,9,445.96,0.05,33.47,3812.96,-198.56,-0.05,High,Card
ORD-10477,2024-10-09,Oct,2024,Gerald Burns,New,Corporate,East,Nauru,Nevada,Port Angela,Office Supplies,Paper,Interview,9,773.85,0.16,44.77,5850.31,964.0,0.16,Critical,Card
ORD-10478,2025-10-17,Oct,2025,Jason Preston,New,Home Office,East,Burundi,New Hampshire,Lake Bryce,Technology,Laptops,Responsibility,8,769.26,0.18,31.16,5046.35,607.5,0.12,Critical,Card
ORD-10479,2023-07-15,Jul,2023,Stacey Phillips,New,Corporate,West,San Marino,Louisiana,Hoffmanville,Furniture,Tables,Strong,4,528.03,0.15,7.94,1795.3,-48.19,-0.03,Low,Net Banking
ORD-10480,2025-03-21,Mar,2025,Steven Lynch,Returning,Consumer,Central,Suriname,Nevada,West Bethbury,Furniture,Bookcases,Environment,5,462.28,0.18,24.63,1895.35,424.7,0.22,High,UPI
ORD-10481,2024-07-04,Jul,2024,Rodney Powell,New,Home Office,South,French Southern Territories,Delaware,New Courtneyburgh,Furniture,Chairs,Someone,1,338.32,0.17,25.26,280.81,51.87,0.18,Low,Cash
ORD-10482,2024-06-27,Jun,2024,Christian Stevens,New,Consumer,North,Liechtenstein,Vermont,Andrewland,Furniture,Tables,Main,4,337.43,0.28,38.15,971.8,211.24,0.22,Low,Card
ORD-10483,2023-09-09,Sep,2023,Brian Griffin,VIP,Corporate,Central,Mexico,Colorado,New Sarahland,Technology,Accessories,Explain,4,319.94,0.14,14.07,1100.59,117.54,0.11,High,UPI
ORD-10484,2025-08-19,Aug,2025,David Floyd,VIP,Home Office,East,Tonga,Iowa,Murraystad,Furniture,Bookcases,Case,10,426.11,0.29,8.95,3025.38,665.18,0.22,Medium,Card
ORD-10485,2024-10-30,Oct,2024,Julie Smith,Returning,Home Office,Central,Mongolia,Arizona,Murphyland,Technology,Laptops,During,2,298.95,0.21,33.73,472.34,93.83,0.2,Medium,Cash
ORD-10486,2025-10-10,Oct,2025,Michael Davis,VIP,Consumer,Central,Belarus,Missouri,Port Joshualand,Office Supplies,Binders,Later,2,504.82,0.1,5.15,908.68,-31.44,-0.03,Low,Cash
ORD-10487,2024-11-21,Nov,2024,Barbara Robinson,New,Consumer,East,Austria,Michigan,Kaylaborough,Technology,Phones,Fine,3,135.86,0.26,7.02,301.61,3.69,0.01,High,Cash
ORD-10488,2025-03-18,Mar,2025,Keith Brown,VIP,Corporate,North,Argentina,New Hampshire,South Ryanstad,Office Supplies,Binders,Team,10,690.47,0.11,23.75,6145.18,1366.5,0.22,High,UPI
ORD-10489,2025-05-28,May,2025,Gregory Patrick,VIP,Home Office,East,Brunei Darussalam,Nebraska,Shellybury,Technology,Accessories,Current,7,149.4,0.17,24.37,868.01,199.69,0.23,Critical,UPI
ORD-10490,2023-07-14,Jul,2023,Shane Wilson,Returning,Consumer,West,Nauru,Alabama,West Nicholas,Technology,Accessories,Camera,10,528.01,0.03,47.07,5121.7,359.7,0.07,Critical,Cash
ORD-10491,2024-10-20,Oct,2024,Donald Baker,VIP,Consumer,West,Bulgaria,Illinois,Nicoleburgh,Office Supplies,Storage,Clear,9,643.99,0.09,40.47,5274.28,950.75,0.18,Medium,UPI
ORD-10492,2025-02-16,Feb,2025,Michael Brown,Returning,Home Office,South,Croatia,Georgia,Richfort,Office Supplies,Paper,World,8,130.41,0.12,24.48,918.09,6.76,0.01,Medium,Card
ORD-10493,2023-11-02,Nov,2023,Darrell Delacruz,VIP,Corporate,South,Nigeria,South Dakota,South Victoriamouth,Furniture,Chairs,Sport,3,82.23,0.11,40.22,219.55,23.86,0.11,High,Cash
ORD-10494,2025-02-23,Feb,2025,Christian Fernandez MD,Returning,Home Office,East,Guinea-Bissau,Vermont,Michelemouth,Office Supplies,Binders,Bad,5,575.16,0.11,28.88,2559.46,-199.03,-0.08,Low,Net Banking
ORD-10495,2024-07-05,Jul,2024,Alexander Thomas,Returning,Corporate,West,Montenegro,New Hampshire,Lake Stephenland,Technology,Laptops,Condition,1,284.13,0.26,49.36,210.26,11.42,0.05,Low,Card
ORD-10496,2024-03-19,Mar,2024,Kenneth Davis,VIP,Corporate,West,Saudi Arabia,Missouri,Lake Hector,Office Supplies,Paper,Gun,2,445.8,0.26,32.58,659.78,-29.55,-0.04,Low,Net Banking
ORD-10497,2025-09-02,Sep,2025,Dennis Miller,New,Consumer,West,Jordan,Oklahoma,Josephtown,Furniture,Tables,Class,6,586.44,0.02,36.39,3448.27,579.67,0.17,Critical,Card
ORD-10498,2023-02-18,Feb,2023,Stephen Waters,Returning,Home Office,West,Guam,Wyoming,South Deborah,Office Supplies,Binders,Impact,3,567.81,0.19,16.95,1379.78,-83.21,-0.06,Medium,Card
ORD-10499,2025-01-29,Jan,2025,Mary Martinez,Returning,Consumer,South,Seychelles,Louisiana,Porterburgh,Office Supplies,Storage,How,10,373.73,0.25,11.91,2802.98,645.93,0.23,High,Net Banking
ORD-10500,2023-04-06,Apr,2023,David Hernandez,New,Consumer,Central,Iran,North Carolina,East Davidstad,Office Supplies,Paper,Usually,5,499.28,0.05,18.1,2371.58,98.17,0.04,High,Net Banking
ORD-10501,2024-08-10,Aug,2024,Brittany Stevens,New,Corporate,North,Croatia,South Dakota,Quinnburgh,Furniture,Bookcases,Forget,4,334.32,0.17,38.15,1109.94,-64.15,-0.06,Low,UPI
ORD-10502,2023-12-02,Dec,2023,Kristine Cummings,VIP,Home Office,West,Bahrain,Michigan,Lake Larry,Furniture,Tables,Food,2,519.9,0.2,19.37,831.84,93.87,0.11,Low,Card
ORD-10503,2025-01-12,Jan,2025,Jason Martinez,VIP,Home Office,East,Western Sahara,West Virginia,New Tamaraview,Furniture,Bookcases,Whole,7,752.36,0.01,16.26,5213.85,1435.84,0.28,Medium,Cash
ORD-10504,2023-09-28,Sep,2023,Sherri Smith,New,Home Office,West,Lesotho,Kansas,South Monica,Furniture,Bookcases,Run,2,592.96,0.06,9.28,1114.76,-41.29,-0.04,Low,UPI
ORD-10505,2025-06-04,Jun,2025,Christine Smith,New,Corporate,East,Slovenia,New York,Ramirezside,Office Supplies,Binders,Learn,5,318.24,0.25,16.96,1193.4,4.55,0.0,Low,UPI
ORD-10506,2024-10-16,Oct,2024,Thomas Miller,VIP,Home Office,North,Netherlands Antilles,Nebraska,Lindsayfort,Furniture,Tables,Natural,6,189.66,0.22,24.76,887.61,260.31,0.29,Low,Net Banking
ORD-10507,2023-08-05,Aug,2023,Deborah Wade,New,Corporate,South,Palestinian Territory,South Carolina,Port Crystal,Technology,Laptops,Change,4,544.75,0.24,32.98,1656.04,168.65,0.1,High,Cash
ORD-10508,2024-02-20,Feb,2024,Toni Cisneros,VIP,Consumer,East,Gambia,Nevada,Lake Joanne,Furniture,Tables,Green,5,181.77,0.08,30.4,836.14,22.02,0.03,Medium,UPI
ORD-10509,2024-04-11,Apr,2024,Robert Hernandez,Returning,Home Office,East,Rwanda,Nebraska,Markburgh,Office Supplies,Binders,Little,5,532.62,0.04,28.7,2556.58,680.87,0.27,Low,Net Banking
ORD-10510,2023-10-21,Oct,2023,Lonnie Taylor,New,Corporate,East,Liechtenstein,Colorado,East Charles,Technology,Phones,Information,3,278.1,0.02,24.81,817.61,238.3,0.29,Low,Net Banking
ORD-10511,2025-11-16,Nov,2025,Shane Wang,VIP,Corporate,West,Croatia,North Carolina,Phillipsbury,Office Supplies,Binders,Onto,6,749.38,0.11,9.94,4001.69,42.68,0.01,High,UPI
ORD-10512,2024-02-01,Feb,2024,Julie Patrick DDS,Returning,Corporate,West,New Caledonia,New Mexico,North Michelleside,Office Supplies,Binders,Professor,5,799.56,0.09,8.34,3638.0,975.7,0.27,Critical,Net Banking
ORD-10513,2024-07-04,Jul,2024,Kelly Smith,New,Corporate,North,China,Illinois,South Charlotteland,Technology,Laptops,Dream,6,432.27,0.13,13.28,2256.45,-164.05,-0.07,Medium,UPI
ORD-10514,2023-04-03,Apr,2023,Michael Wilson,Returning,Consumer,East,Paraguay,Wyoming,East Margaret,Office Supplies,Binders,Section,2,62.56,0.11,30.7,111.36,7.03,0.06,Critical,Card
ORD-10515,2023-09-23,Sep,2023,Cynthia Porter,Returning,Home Office,West,Anguilla,Connecticut,Lewisberg,Office Supplies,Storage,Report,7,519.22,0.19,5.49,2943.98,84.9,0.03,High,Net Banking
ORD-10516,2023-07-15,Jul,2023,Michael Steele,New,Corporate,East,Cayman Islands,Maryland,Pamelaport,Technology,Laptops,Economic,10,497.11,0.04,15.1,4772.26,113.37,0.02,Low,Cash
ORD-10517,2025-03-11,Mar,2025,Michael Bryant,New,Consumer,North,Iran,Georgia,West Alvin,Office Supplies,Paper,Top,7,397.78,0.03,36.92,2700.93,521.64,0.19,High,Net Banking
ORD-10518,2023-10-18,Oct,2023,Kimberly Mcfarland,VIP,Home Office,East,Mexico,Oregon,Thompsonport,Office Supplies,Storage,Who,2,407.93,0.21,12.7,644.53,56.5,0.09,Medium,Net Banking
ORD-10519,2025-03-26,Mar,2025,Joseph Smith,VIP,Consumer,West,Cook Islands,California,Port Luis,Technology,Phones,Theory,4,716.81,0.02,19.96,2809.9,583.42,0.21,Low,UPI
ORD-10520,2025-09-07,Sep,2025,Nicole Liu,Returning,Home Office,South,Malaysia,Louisiana,Lewischester,Technology,Laptops,Later,2,408.37,0.11,45.46,726.9,182.75,0.25,Low,Cash
ORD-10521,2023-10-12,Oct,2023,Courtney Park,VIP,Corporate,Central,Tonga,New Hampshire,Sanchezberg,Office Supplies,Storage,Store,10,358.81,0.26,12.79,2655.19,661.63,0.25,High,Net Banking
ORD-10522,2023-04-27,Apr,2023,Vanessa Smith,Returning,Corporate,West,Malawi,Hawaii,Rosalesland,Technology,Laptops,Evidence,6,329.74,0.27,14.59,1444.26,101.19,0.07,High,Net Banking
ORD-10523,2024-07-21,Jul,2024,Todd Parker,Returning,Corporate,East,Sweden,Maine,Johnsonchester,Furniture,Tables,Yeah,10,120.46,0.02,49.44,1180.51,-65.17,-0.06,High,UPI
ORD-10524,2024-11-12,Nov,2024,Kathleen Fitzgerald,Returning,Corporate,Central,Cook Islands,Nebraska,North Derrickhaven,Furniture,Tables,Book,10,71.3,0.09,15.89,648.83,128.25,0.2,Medium,UPI
ORD-10525,2023-10-16,Oct,2023,Krystal Jones,VIP,Consumer,South,Chile,Alabama,Leeborough,Office Supplies,Storage,Always,10,771.55,0.09,13.16,7021.11,13.5,0.0,Low,Card
ORD-10526,2025-01-25,Jan,2025,Tonya Berry,Returning,Corporate,South,Turkmenistan,Oregon,South Dillontown,Furniture,Chairs,If,3,182.13,0.03,8.66,530.0,-29.75,-0.06,Medium,Net Banking
ORD-10527,2024-02-15,Feb,2024,Andrea Martinez,New,Corporate,Central,Comoros,Alabama,South Susanborough,Furniture,Tables,Skill,9,240.93,0.16,34.98,1821.43,52.26,0.03,High,Card
ORD-10528,2024-10-19,Oct,2024,Richard Solis,New,Corporate,South,Malaysia,Oklahoma,Lake Matthewfort,Furniture,Tables,Although,9,51.32,0.15,29.0,392.6,-26.23,-0.07,Critical,Cash
ORD-10529,2023-03-25,Mar,2023,James Nelson,VIP,Home Office,East,Sri Lanka,Nebraska,Andreaville,Office Supplies,Binders,Imagine,7,402.96,0.24,49.56,2143.75,468.44,0.22,Low,UPI
ORD-10530,2022-12-31,Dec,2022,Nathan Adams,New,Consumer,East,Greenland,North Carolina,North Emily,Furniture,Chairs,Any,6,227.44,0.03,24.81,1323.7,265.65,0.2,Critical,Cash
ORD-10531,2023-10-26,Oct,2023,Anthony Fisher,Returning,Corporate,South,Cocos (Keeling) Islands,South Carolina,East Katherine,Office Supplies,Storage,Final,3,456.57,0.09,30.01,1246.44,358.93,0.29,Low,Net Banking
ORD-10532,2024-02-12,Feb,2024,James Smith,Returning,Consumer,East,Holy See (Vatican City State),Illinois,Lake Andrew,Technology,Phones,Forward,1,787.0,0.08,37.94,724.04,143.99,0.2,Medium,Cash
ORD-10533,2025-05-11,May,2025,Anne Marks,New,Corporate,West,Poland,Rhode Island,South Carrie,Furniture,Chairs,Address,1,457.85,0.0,20.31,457.85,103.52,0.23,Critical,UPI
ORD-10534,2023-02-18,Feb,2023,Shane Mack,Returning,Corporate,North,Vanuatu,North Dakota,East Rhondaborough,Furniture,Tables,Body,10,238.06,0.02,19.83,2332.99,543.48,0.23,Medium,UPI
ORD-10535,2025-03-07,Mar,2025,Alexander Stewart,Returning,Corporate,West,Jordan,Maryland,Port Kristine,Technology,Phones,Particular,8,258.02,0.03,9.0,2002.24,171.81,0.09,High,Cash
ORD-10536,2023-02-01,Feb,2023,Tom Fleming,Returning,Corporate,Central,Cyprus,West Virginia,Davisshire,Technology,Laptops,Send,2,102.08,0.28,43.64,147.0,16.56,0.11,Medium,Cash
ORD-10537,2023-12-23,Dec,2023,Christopher Webster DDS,Returning,Home Office,North,Netherlands Antilles,North Dakota,West Kimberlyshire,Office Supplies,Paper,Result,1,603.83,0.06,14.68,567.6,113.15,0.2,Critical,Card
ORD-10538,2024-04-03,Apr,2024,Kayla Ramos,VIP,Corporate,West,France,Minnesota,East Christine,Office Supplies,Paper,Window,1,183.21,0.2,14.63,146.57,25.74,0.18,High,Cash
ORD-10539,2023-05-12,May,2023,Lucas Wright,Returning,Corporate,North,Israel,Nevada,Melissafort,Technology,Accessories,Debate,2,137.77,0.1,22.87,247.99,70.58,0.28,Medium,Card
ORD-10540,2025-03-05,Mar,2025,Rodney Boone,Returning,Home Office,South,Malawi,Alabama,Kiddview,Office Supplies,Binders,Management,5,537.65,0.17,37.28,2231.25,510.16,0.23,Medium,Cash
ORD-10541,2024-02-05,Feb,2024,Raymond Joseph,New,Home Office,Central,Turkey,Utah,Courtneyburgh,Technology,Phones,Most,4,277.62,0.05,17.16,1054.96,9.39,0.01,Medium,Card
ORD-10542,2023-03-04,Mar,2023,Timothy Townsend,New,Corporate,Central,Gambia,Colorado,South Jacob,Office Supplies,Binders,Number,10,462.33,0.2,38.88,3698.64,-112.99,-0.03,Medium,Cash
ORD-10543,2025-02-23,Feb,2025,Eric Oneal,Returning,Consumer,East,Croatia,Iowa,West Miranda,Office Supplies,Storage,Answer,5,738.65,0.16,48.76,3102.33,877.8,0.28,Critical,UPI
ORD-10544,2024-04-03,Apr,2024,Amanda Sweeney,New,Corporate,Central,Samoa,Arkansas,South Joannafort,Technology,Accessories,Case,3,148.09,0.05,10.37,422.06,-37.96,-0.09,High,UPI
ORD-10545,2025-06-29,Jun,2025,Brittany Kerr,VIP,Corporate,North,Gambia,Vermont,Dylanmouth,Office Supplies,Binders,Forward,8,94.12,0.25,38.19,564.72,-40.8,-0.07,Critical,Cash
ORD-10546,2023-05-09,May,2023,Gina Jones,Returning,Corporate,Central,India,Utah,Marcfurt,Furniture,Chairs,Keep,1,505.89,0.22,33.47,394.59,60.51,0.15,Critical,UPI
ORD-10547,2025-11-14,Nov,2025,Kathleen Barrett,VIP,Corporate,North,Netherlands Antilles,Oregon,New David,Furniture,Chairs,When,4,20.37,0.26,5.85,60.3,17.26,0.29,Critical,Net Banking
ORD-10548,2023-11-01,Nov,2023,John Ryan,Returning,Consumer,Central,French Polynesia,Missouri,Hillhaven,Technology,Laptops,Hot,1,401.51,0.11,18.61,357.34,100.77,0.28,High,Card
ORD-10549,2023-04-09,Apr,2023,Rebecca Phillips,New,Consumer,South,Belarus,Maine,Bonnietown,Furniture,Bookcases,Assume,8,154.79,0.1,43.53,1114.49,135.84,0.12,Medium,Cash
ORD-10550,2025-10-17,Oct,2025,Amanda Meza,New,Home Office,North,Guyana,California,West Tracy,Office Supplies,Binders,Discover,7,749.55,0.16,30.85,4407.35,1234.6,0.28,Critical,Card
ORD-10551,2024-06-05,Jun,2024,Thomas Wolfe,Returning,Consumer,South,Russian Federation,Texas,Gibbsfurt,Technology,Phones,Condition,4,170.86,0.03,43.13,662.94,129.82,0.2,Low,Net Banking
ORD-10552,2025-10-12,Oct,2025,David Tucker MD,New,Consumer,West,Denmark,Illinois,Michellebury,Office Supplies,Binders,Relationship,6,351.96,0.22,48.37,1647.17,410.75,0.25,Low,UPI
ORD-10553,2023-03-22,Mar,2023,Wendy Collins,Returning,Consumer,East,Czech Republic,Montana,Jessicaland,Office Supplies,Storage,Large,1,349.64,0.16,35.38,293.7,47.5,0.16,High,Net Banking
ORD-10554,2024-12-07,Dec,2024,Peter Graham,VIP,Home Office,North,Haiti,Illinois,Holderview,Office Supplies,Paper,Positive,3,162.61,0.1,46.37,439.05,13.25,0.03,Medium,UPI
ORD-10555,2023-10-16,Oct,2023,Joseph Martin,VIP,Corporate,Central,Andorra,Maryland,Susanburgh,Office Supplies,Storage,Home,5,250.24,0.11,41.71,1113.57,73.08,0.07,Medium,UPI
ORD-10556,2025-02-06,Feb,2025,Daniel Smith,VIP,Corporate,North,Uganda,Utah,Port Meredith,Furniture,Bookcases,Against,4,547.07,0.19,24.32,1772.51,418.91,0.24,High,Cash
ORD-10557,2023-10-15,Oct,2023,Christopher Powell,New,Consumer,North,Guatemala,Illinois,Lake Leroy,Technology,Laptops,Real,1,43.71,0.15,14.13,37.15,-0.93,-0.03,High,Net Banking
ORD-10558,2024-01-13,Jan,2024,Michael Smith,VIP,Home Office,South,Cayman Islands,Ohio,Elizabethport,Technology,Laptops,Fight,5,211.48,0.06,13.07,993.96,19.36,0.02,Medium,Net Banking
ORD-10559,2023-07-02,Jul,2023,Daniel Johnson,New,Corporate,Central,Argentina,Maryland,New Austin,Office Supplies,Storage,Business,8,422.87,0.14,42.13,2909.35,40.7,0.01,Medium,Net Banking
ORD-10560,2025-07-31,Jul,2025,Blake Navarro,Returning,Home Office,North,Ghana,Kansas,South Ashleyhaven,Office Supplies,Paper,Live,3,176.59,0.2,42.42,423.82,20.91,0.05,Critical,Net Banking
ORD-10561,2024-01-03,Jan,2024,Regina Wright,Returning,Home Office,North,Kenya,Alabama,South Anthony,Technology,Phones,Card,3,137.42,0.08,41.03,379.28,63.77,0.17,Medium,UPI
ORD-10562,2022-12-21,Dec,2022,Brianna Davis,Returning,Consumer,South,Taiwan,Connecticut,New Kathleen,Technology,Phones,Quickly,2,299.28,0.29,30.2,424.98,107.05,0.25,Critical,UPI
ORD-10563,2023-12-03,Dec,2023,Ronald Simmons,New,Home Office,East,Luxembourg,Wisconsin,East Jason,Technology,Accessories,Production,8,634.27,0.24,7.58,3856.36,682.46,0.18,Critical,Card
ORD-10564,2025-08-12,Aug,2025,Richard Martin,VIP,Corporate,East,Nauru,Colorado,Tinaville,Furniture,Bookcases,Field,2,516.18,0.07,16.68,960.09,-33.65,-0.04,Low,UPI
ORD-10565,2024-07-02,Jul,2024,Michael Carter,Returning,Consumer,North,Cocos (Keeling) Islands,Georgia,South Nicole,Furniture,Bookcases,Record,7,154.06,0.19,39.2,873.52,35.42,0.04,Low,Net Banking
ORD-10566,2025-06-30,Jun,2025,Barbara Harrison,VIP,Home Office,North,Gambia,Wisconsin,South David,Technology,Accessories,President,10,368.51,0.07,13.46,3427.14,496.9,0.14,Medium,Net Banking
ORD-10567,2024-01-08,Jan,2024,Christopher Rogers,VIP,Consumer,West,Anguilla,Arkansas,New Kara,Office Supplies,Storage,Result,10,211.26,0.09,14.05,1922.47,336.45,0.18,High,Card
ORD-10568,2025-07-04,Jul,2025,Elizabeth Smith,VIP,Home Office,North,Belarus,New Jersey,Charlesbury,Technology,Accessories,Season,5,465.31,0.02,26.99,2280.02,-14.49,-0.01,Low,Cash
ORD-10569,2025-10-14,Oct,2025,Matthew Davis Jr.,Returning,Consumer,Central,Ethiopia,Ohio,South Carl,Office Supplies,Binders,Usually,7,453.11,0.02,46.05,3108.33,344.87,0.11,Low,UPI
ORD-10570,2025-10-03,Oct,2025,Lindsay Hart,New,Home Office,West,Belgium,Minnesota,Wadeview,Furniture,Bookcases,Bar,10,584.0,0.11,37.17,5197.6,-271.81,-0.05,High,Net Banking
ORD-10571,2023-11-16,Nov,2023,Kevin Weber,New,Corporate,West,Bulgaria,California,North Jacqueline,Technology,Phones,Direction,4,636.85,0.13,10.55,2216.24,417.39,0.19,Low,Cash
ORD-10572,2023-07-09,Jul,2023,Eric Boyd,VIP,Home Office,East,Brunei Darussalam,Illinois,Christineton,Technology,Phones,Result,3,459.18,0.29,7.23,978.05,269.62,0.28,High,Cash
ORD-10573,2024-10-04,Oct,2024,Christopher Robles,VIP,Consumer,South,Peru,New York,Jasmineborough,Technology,Laptops,Class,4,51.62,0.21,14.26,163.12,-3.77,-0.02,Medium,Card
ORD-10574,2025-08-16,Aug,2025,Christopher Moore,New,Consumer,Central,Saudi Arabia,Virginia,Terriborough,Office Supplies,Storage,National,8,417.94,0.06,29.84,3142.91,142.44,0.05,Medium,Cash
ORD-10575,2024-01-20,Jan,2024,Brenda Johnston,New,Corporate,Central,Madagascar,Oklahoma,South Elizabeth,Furniture,Tables,Lay,6,170.4,0.17,21.48,848.59,175.39,0.21,Low,Card
ORD-10576,2025-10-11,Oct,2025,Craig Palmer,New,Corporate,South,Kazakhstan,New Jersey,Port Heatherfort,Furniture,Tables,Painting,3,411.77,0.03,33.76,1198.25,1.27,0.0,High,Net Banking
ORD-10577,2023-12-26,Dec,2023,Mitchell Parker MD,Returning,Consumer,North,Finland,Florida,Bradleyview,Office Supplies,Binders,Determine,3,758.92,0.23,46.05,1753.11,241.75,0.14,High,Cash
ORD-10578,2024-07-07,Jul,2024,Joy Kennedy,Returning,Corporate,Central,Palau,Virginia,Port Ian,Office Supplies,Binders,Have,3,543.95,0.3,31.94,1142.3,75.77,0.07,Low,Cash
ORD-10579,2025-01-28,Jan,2025,Elizabeth Sanchez,Returning,Corporate,West,Vietnam,Pennsylvania,Port Peggy,Technology,Accessories,Produce,4,270.42,0.23,20.95,832.89,1.09,0.0,High,Cash
ORD-10580,2023-05-17,May,2023,Eugene Marquez,Returning,Home Office,Central,Mexico,Iowa,West Stacy,Office Supplies,Binders,Past,3,550.48,0.2,20.76,1321.15,260.94,0.2,Low,Cash
ORD-10581,2024-07-04,Jul,2024,Edward Brooks,Returning,Consumer,North,Burkina Faso,Ohio,Kennethstad,Furniture,Chairs,If,3,242.29,0.07,23.57,675.99,56.23,0.08,Medium,Net Banking
ORD-10582,2025-02-10,Feb,2025,Dale Martin,VIP,Corporate,East,Equatorial Guinea,Pennsylvania,West Kimberly,Office Supplies,Storage,Understand,9,339.81,0.11,32.98,2721.88,511.07,0.19,High,UPI
ORD-10583,2025-02-15,Feb,2025,John Hunt,VIP,Home Office,West,Armenia,Tennessee,Randyland,Office Supplies,Binders,Ball,5,777.61,0.28,19.64,2799.4,72.89,0.03,High,Net Banking
ORD-10584,2023-05-20,May,2023,Molly Smith,Returning,Corporate,South,Pitcairn Islands,Utah,Lake Christopherside,Furniture,Tables,Whatever,2,413.49,0.27,41.38,603.7,102.74,0.17,Critical,UPI
ORD-10585,2024-06-14,Jun,2024,Amy Johnson,VIP,Consumer,North,Spain,New Hampshire,Victoriahaven,Office Supplies,Paper,Law,4,232.24,0.19,40.18,752.46,183.66,0.24,Medium,Card
ORD-10586,2025-11-21,Nov,2025,Brittany Patel,New,Corporate,North,Anguilla,Oregon,New Biancahaven,Technology,Laptops,Administration,4,220.69,0.29,16.77,626.76,16.34,0.03,High,Cash
ORD-10587,2023-06-11,Jun,2023,Sandra Lee,Returning,Corporate,Central,Faroe Islands,Oregon,North Tylerhaven,Furniture,Bookcases,Property,10,548.92,0.05,26.71,5214.74,1378.06,0.26,Low,Cash
ORD-10588,2023-09-27,Sep,2023,Jose Watson,VIP,Home Office,Central,United Arab Emirates,Alaska,Berryfurt,Office Supplies,Paper,Response,10,249.46,0.27,17.0,1821.06,249.46,0.14,Critical,Cash
ORD-10589,2024-12-21,Dec,2024,Mrs. Diane King,Returning,Corporate,South,Estonia,Iowa,East Johnside,Office Supplies,Binders,Method,10,753.86,0.02,25.36,7387.83,296.63,0.04,Critical,Net Banking
ORD-10590,2025-02-05,Feb,2025,Emily Cook,VIP,Home Office,South,Gabon,New Jersey,Riveraburgh,Office Supplies,Storage,Strategy,8,302.16,0.04,41.29,2320.59,-138.02,-0.06,Medium,Cash
ORD-10591,2024-11-10,Nov,2024,Kimberly Thompson,Returning,Corporate,North,Russian Federation,Arizona,Katrinamouth,Office Supplies,Storage,Throw,7,754.78,0.19,37.6,4279.6,409.96,0.1,High,Net Banking
ORD-10592,2023-03-28,Mar,2023,Katherine Mays,Returning,Home Office,South,Monaco,Indiana,Lisaland,Furniture,Bookcases,List,5,390.68,0.29,44.99,1386.91,-51.49,-0.04,High,UPI
ORD-10593,2024-01-25,Jan,2024,Maria Sharp,VIP,Corporate,Central,British Virgin Islands,Mississippi,Stephenstad,Technology,Accessories,Small,5,785.3,0.19,30.71,3180.47,92.01,0.03,Medium,Net Banking
ORD-10594,2024-12-02,Dec,2024,Jenny Adams,VIP,Corporate,North,India,New Mexico,Ernestton,Technology,Laptops,House,9,734.16,0.23,21.43,5087.73,-410.56,-0.08,Critical,Cash
ORD-10595,2023-01-14,Jan,2023,Jeffrey Thomas,New,Consumer,East,Tanzania,Georgia,Garrettfort,Furniture,Tables,Air,8,40.02,0.29,10.53,227.31,-8.99,-0.04,Medium,Net Banking
ORD-10596,2024-03-22,Mar,2024,Stephanie Hanna,Returning,Corporate,East,Congo,Michigan,Kevinport,Furniture,Tables,Author,9,682.02,0.15,38.35,5217.45,286.05,0.05,Low,Cash
ORD-10597,2024-06-12,Jun,2024,Joseph Harrington,Returning,Home Office,West,Egypt,Ohio,Lake Michael,Office Supplies,Storage,Report,5,441.37,0.09,46.44,2008.23,270.14,0.13,Low,Net Banking
ORD-10598,2025-07-22,Jul,2025,Amanda Hernandez,New,Corporate,North,United Arab Emirates,Pennsylvania,North John,Technology,Laptops,General,6,335.26,0.18,49.14,1649.48,163.19,0.1,Low,UPI
ORD-10599,2025-02-13,Feb,2025,Austin Smith,Returning,Consumer,South,Norway,Maryland,Gregorystad,Furniture,Chairs,View,2,755.94,0.29,15.37,1073.43,15.98,0.01,Critical,UPI
ORD-10600,2024-06-25,Jun,2024,Brittney Harrell,New,Consumer,North,Madagascar,Oklahoma,East Autumn,Technology,Phones,Argue,9,170.5,0.01,25.42,1519.15,136.78,0.09,Low,Net Banking
ORD-10601,2025-02-28,Feb,2025,Ashley Henry,New,Consumer,North,Cuba,North Dakota,New Virginiaborough,Office Supplies,Storage,Despite,8,653.18,0.08,21.03,4807.4,1114.11,0.23,Medium,Net Banking
ORD-10602,2023-07-22,Jul,2023,Sara Peck,New,Corporate,North,Gabon,Nevada,Sotoberg,Furniture,Tables,Yes,5,396.26,0.25,15.74,1485.97,235.16,0.16,Low,Card
ORD-10603,2024-01-05,Jan,2024,Jacob Hardy,New,Consumer,North,India,Alabama,Manningberg,Furniture,Bookcases,Congress,6,612.4,0.3,19.87,2572.08,745.09,0.29,High,Cash
ORD-10604,2024-10-12,Oct,2024,William Chase,VIP,Home Office,West,Brazil,California,Lake Luischester,Technology,Laptops,Clearly,7,258.99,0.18,27.89,1486.6,309.19,0.21,Low,UPI
ORD-10605,2024-02-19,Feb,2024,Chad Coleman,Returning,Corporate,South,Norway,Rhode Island,Raymouth,Technology,Laptops,Morning,8,581.52,0.16,48.09,3907.81,-95.63,-0.02,Critical,UPI
ORD-10606,2024-03-09,Mar,2024,Anthony Bell,Returning,Consumer,North,Saint Lucia,Delaware,Johnburgh,Furniture,Tables,Oil,7,567.23,0.08,36.08,3652.96,963.49,0.26,High,Card
ORD-10607,2025-03-29,Mar,2025,Dillon Jones,Returning,Home Office,North,Bermuda,New Hampshire,Kayleechester,Office Supplies,Storage,Left,10,257.86,0.08,8.43,2372.31,103.54,0.04,Critical,UPI
ORD-10608,2023-11-24,Nov,2023,Christina Mann,New,Consumer,South,Holy See (Vatican City State),Delaware,Morenoland,Furniture,Tables,See,1,447.5,0.15,23.37,380.38,17.41,0.05,Critical,Card
ORD-10609,2023-05-19,May,2023,Ryan Reynolds,Returning,Corporate,South,Oman,Tennessee,Joshuaburgh,Furniture,Tables,Involve,3,755.75,0.01,37.91,2244.58,170.84,0.08,Low,Card
ORD-10610,2023-11-22,Nov,2023,Amber Robinson,New,Home Office,Central,Sierra Leone,Montana,South Holly,Office Supplies,Binders,Recent,8,696.35,0.27,25.4,4066.68,464.51,0.11,Low,Net Banking
ORD-10611,2025-01-09,Jan,2025,Victoria Dillon,VIP,Home Office,South,Libyan Arab Jamahiriya,Illinois,South Johnburgh,Furniture,Bookcases,Four,1,796.16,0.27,33.97,581.2,-39.2,-0.07,Critical,Cash
ORD-10612,2025-06-23,Jun,2025,Angela Mercado,New,Home Office,South,Belgium,Kentucky,New Paulshire,Furniture,Tables,Amount,2,506.47,0.06,44.97,952.16,59.14,0.06,Low,Cash
ORD-10613,2023-03-26,Mar,2023,Rachel Chavez,Returning,Home Office,East,Taiwan,Michigan,North Kristinfort,Office Supplies,Storage,Lot,6,478.6,0.2,16.83,2297.28,154.67,0.07,Critical,Net Banking
ORD-10614,2023-08-20,Aug,2023,Mr. Daniel Bennett,Returning,Home Office,West,Mayotte,Mississippi,Stevenland,Furniture,Tables,Stop,2,799.99,0.05,27.79,1519.98,231.48,0.15,High,Card
ORD-10615,2024-10-30,Oct,2024,James Porter,New,Home Office,South,Montenegro,Montana,Blackshire,Office Supplies,Paper,Writer,10,628.57,0.27,36.57,4588.56,1259.03,0.27,Low,Card
ORD-10616,2023-04-10,Apr,2023,Marissa Thornton,VIP,Corporate,Central,Isle of Man,Pennsylvania,North Johnville,Technology,Phones,Reality,8,465.67,0.01,33.7,3688.11,33.5,0.01,High,Card
ORD-10617,2024-05-08,May,2024,Kellie Padilla,New,Corporate,West,Timor-Leste,New Hampshire,South Karen,Technology,Accessories,Improve,7,598.11,0.12,18.13,3684.36,-233.6,-0.06,High,Net Banking
ORD-10618,2024-01-24,Jan,2024,Misty Thomas,Returning,Home Office,West,Taiwan,New Mexico,South John,Office Supplies,Binders,Administration,6,547.57,0.16,38.27,2759.75,476.14,0.17,Low,Cash
ORD-10619,2024-03-29,Mar,2024,Jimmy Rivera,VIP,Corporate,East,Guernsey,Georgia,Lake Paul,Office Supplies,Paper,Gas,10,769.56,0.13,16.07,6695.17,286.72,0.04,High,Cash
ORD-10620,2023-03-15,Mar,2023,Jesse Griffin,Returning,Corporate,West,Algeria,Minnesota,Galvanview,Technology,Laptops,Student,5,204.45,0.19,23.52,828.02,157.45,0.19,Medium,Card
ORD-10621,2023-01-04,Jan,2023,Joseph Lozano,Returning,Home Office,South,Switzerland,Maine,New Rachel,Office Supplies,Binders,Rather,1,255.34,0.09,41.3,232.36,-5.44,-0.02,Medium,UPI
ORD-10622,2022-12-11,Dec,2022,Jennifer Wilkerson,New,Corporate,East,Colombia,South Dakota,Beverlyport,Furniture,Bookcases,Police,2,727.8,0.01,12.6,1441.04,283.88,0.2,Critical,Cash
ORD-10623,2024-09-16,Sep,2024,Morgan Clark,New,Consumer,East,Zimbabwe,Minnesota,North Douglas,Technology,Laptops,Management,7,280.42,0.22,39.24,1531.09,280.67,0.18,Medium,Card
ORD-10624,2025-09-06,Sep,2025,Stephanie Simpson,New,Corporate,West,Burkina Faso,New Mexico,Castilloview,Technology,Laptops,Matter,5,714.71,0.21,19.13,2823.1,838.11,0.3,Low,UPI
ORD-10625,2023-05-17,May,2023,Lindsey Kirby,Returning,Home Office,South,Russian Federation,Nebraska,Anastad,Technology,Phones,Just,9,683.26,0.21,10.46,4857.98,-314.52,-0.06,High,Net Banking
ORD-10626,2023-12-29,Dec,2023,Edward Taylor,Returning,Consumer,South,Norfolk Island,Alaska,East Randy,Office Supplies,Binders,Stage,1,735.48,0.12,45.44,647.22,71.03,0.11,High,Net Banking
ORD-10627,2024-03-01,Mar,2024,Bradley Hardy,Returning,Home Office,East,Bermuda,Massachusetts,Cindyport,Technology,Phones,Wrong,9,521.39,0.17,20.77,3894.78,-367.41,-0.09,High,Cash
ORD-10628,2023-12-14,Dec,2023,Michael Adkins,New,Consumer,Central,Ghana,Alabama,East Josephbury,Office Supplies,Paper,Quickly,1,19.42,0.03,22.43,18.84,1.46,0.08,High,Card
ORD-10629,2024-03-19,Mar,2024,David Daniel,New,Corporate,East,Faroe Islands,Minnesota,New Michelle,Technology,Accessories,Large,5,163.86,0.12,20.7,720.98,13.94,0.02,Medium,Net Banking
ORD-10630,2023-03-10,Mar,2023,Michael Rodriguez,New,Corporate,North,United Arab Emirates,Delaware,East Jamesport,Office Supplies,Storage,Music,7,614.59,0.17,18.97,3570.77,85.33,0.02,High,Card
ORD-10631,2024-12-01,Dec,2024,Tonya House,VIP,Corporate,East,Uganda,Vermont,Williamstown,Office Supplies,Storage,Direction,1,433.6,0.15,21.31,368.56,-20.85,-0.06,Low,UPI
ORD-10632,2023-09-28,Sep,2023,Penny Hayes,New,Home Office,East,Sudan,Illinois,Lake Susanberg,Furniture,Bookcases,Indicate,7,249.79,0.16,20.03,1468.77,382.99,0.26,Critical,Card
ORD-10633,2024-12-08,Dec,2024,David Jackson,VIP,Consumer,West,Paraguay,Texas,Austinmouth,Technology,Phones,Behavior,9,617.99,0.03,47.96,5395.05,1333.04,0.25,High,Card
ORD-10634,2025-08-14,Aug,2025,Mr. Daniel Roberts,New,Consumer,North,Turkmenistan,Arizona,Lake Markville,Technology,Accessories,Administration,4,728.06,0.21,12.82,2300.67,599.9,0.26,Medium,UPI
ORD-10635,2025-02-05,Feb,2025,Linda Avila,New,Home Office,East,Seychelles,Oklahoma,Tateborough,Furniture,Chairs,Suddenly,4,666.85,0.07,15.13,2480.68,276.54,0.11,High,Net Banking
ORD-10636,2023-05-04,May,2023,Ms. Diane Rodriguez,New,Home Office,West,Lebanon,Arkansas,Port Philip,Furniture,Chairs,Film,5,488.83,0.02,23.58,2395.27,-106.29,-0.04,Medium,Net Banking
ORD-10637,2023-06-05,Jun,2023,Michael Douglas,Returning,Consumer,Central,Guatemala,Oregon,New Joshuaberg,Office Supplies,Paper,Executive,3,783.26,0.22,44.43,1832.83,-15.79,-0.01,High,Card
ORD-10638,2025-08-28,Aug,2025,Jason Rogers,VIP,Consumer,North,Dominica,California,Port Christopherville,Furniture,Chairs,Military,9,537.15,0.19,21.89,3915.82,880.57,0.22,Medium,Card
ORD-10639,2025-05-05,May,2025,Kristin Patterson,New,Home Office,Central,Guatemala,South Dakota,South Stephen,Office Supplies,Storage,Near,8,661.86,0.0,17.97,5294.88,-84.23,-0.02,Medium,UPI
ORD-10640,2025-08-06,Aug,2025,Derek Rose,VIP,Home Office,Central,Seychelles,New Hampshire,New Katherinehaven,Furniture,Bookcases,Kind,3,689.81,0.17,44.75,1717.63,419.83,0.24,Low,UPI
ORD-10641,2025-11-01,Nov,2025,Alison Anderson,New,Consumer,West,China,Utah,North Robert,Office Supplies,Paper,Chair,10,736.9,0.16,31.34,6189.96,1485.18,0.24,Critical,Cash
ORD-10642,2025-03-28,Mar,2025,Dalton Mcdonald,New,Corporate,Central,Algeria,Louisiana,Schwartzburgh,Technology,Accessories,People,5,462.98,0.08,13.65,2129.71,227.09,0.11,Low,Card
ORD-10643,2024-01-13,Jan,2024,Ian Soto,Returning,Home Office,Central,Hong Kong,Michigan,Davisburgh,Furniture,Bookcases,Fear,8,673.78,0.17,38.8,4473.9,784.93,0.18,High,Card
ORD-10644,2023-01-07,Jan,2023,John Banks,New,Home Office,West,Sri Lanka,Colorado,North Teresa,Office Supplies,Paper,Form,10,631.6,0.07,43.8,5873.88,119.3,0.02,High,Cash
ORD-10645,2024-04-19,Apr,2024,Stephanie Thompson,Returning,Corporate,Central,Azerbaijan,South Carolina,Port Evanville,Furniture,Chairs,So,2,244.74,0.15,40.65,416.06,116.53,0.28,Low,UPI
ORD-10646,2024-02-04,Feb,2024,Paul Guerra,Returning,Consumer,East,Faroe Islands,Washington,Burgesshaven,Technology,Accessories,Fund,2,461.44,0.24,18.94,701.39,66.58,0.09,Critical,Card
ORD-10647,2025-03-23,Mar,2025,Donald Murray,New,Home Office,East,Cocos (Keeling) Islands,Louisiana,Bookerport,Furniture,Chairs,Shake,9,29.67,0.12,25.15,234.99,-9.09,-0.04,Critical,Card
ORD-10648,2024-08-30,Aug,2024,Kenneth Cervantes,VIP,Corporate,West,Portugal,Florida,New Michaelton,Furniture,Bookcases,Thus,2,65.01,0.04,40.82,124.82,30.06,0.24,Low,Cash
ORD-10649,2024-12-03,Dec,2024,Carolyn Lee,Returning,Corporate,South,Barbados,Massachusetts,West Robertville,Technology,Phones,Draw,8,782.25,0.28,44.51,4505.76,1002.32,0.22,Low,Card
ORD-10650,2024-03-11,Mar,2024,Dominique Clark,Returning,Home Office,Central,Jordan,Washington,New Paigeland,Technology,Accessories,Yet,4,70.06,0.2,12.06,224.19,28.41,0.13,Low,Cash
ORD-10651,2025-03-22,Mar,2025,Benjamin Robinson,Returning,Home Office,South,South Georgia and the South Sandwich Islands,South Dakota,Martinborough,Technology,Phones,Cup,1,191.63,0.22,25.44,149.47,-3.6,-0.02,Critical,UPI
ORD-10652,2025-02-27,Feb,2025,Donald Adams,Returning,Home Office,North,Saint Vincent and the Grenadines,Virginia,South Mark,Office Supplies,Paper,Save,5,435.02,0.2,35.3,1740.08,26.26,0.02,Medium,Net Banking
ORD-10653,2024-08-23,Aug,2024,Matthew Joseph,VIP,Corporate,Central,Cambodia,New Mexico,Harryville,Technology,Phones,Special,1,724.87,0.27,38.83,529.16,62.21,0.12,Low,Cash
ORD-10654,2023-10-30,Oct,2023,Christopher Hernandez,Returning,Home Office,West,Gambia,Arizona,West Jacob,Technology,Accessories,National,7,246.94,0.11,39.1,1538.44,113.81,0.07,High,Card
ORD-10655,2025-01-24,Jan,2025,James Hobbs,VIP,Consumer,West,Syrian Arab Republic,Ohio,Lake Helen,Technology,Laptops,Tv,6,339.04,0.16,40.45,1708.76,311.98,0.18,Low,Card
ORD-10656,2025-10-14,Oct,2025,Jason Kelley,New,Consumer,North,Georgia,Massachusetts,Lake Ann,Office Supplies,Paper,Security,7,309.35,0.23,21.66,1667.4,142.57,0.09,Low,Net Banking
ORD-10657,2024-06-25,Jun,2024,John Robinson,New,Home Office,South,Slovenia,Florida,Angelafurt,Technology,Accessories,Reality,3,223.13,0.29,47.91,475.27,-44.52,-0.09,Medium,Cash
ORD-10658,2023-03-04,Mar,2023,Kara Martinez,VIP,Home Office,East,Barbados,Massachusetts,North Wesley,Technology,Laptops,Consider,5,123.89,0.09,34.66,563.7,0.88,0.0,Low,Cash
ORD-10659,2025-07-31,Jul,2025,Angela Vance,Returning,Corporate,East,Somalia,Virginia,Dariushaven,Technology,Phones,Ball,5,603.57,0.27,20.81,2203.03,102.67,0.05,Medium,UPI
ORD-10660,2022-11-29,Nov,2022,Steven Garrett,Returning,Home Office,Central,Tonga,Ohio,Youngmouth,Office Supplies,Paper,Skill,9,677.41,0.24,33.52,4633.48,285.45,0.06,Medium,Cash
ORD-10661,2023-12-26,Dec,2023,Danielle Caldwell,New,Corporate,West,Tunisia,Tennessee,Riosfort,Technology,Accessories,Record,10,15.59,0.2,8.58,124.72,34.08,0.27,Medium,UPI
ORD-10662,2025-10-28,Oct,2025,John Rojas,New,Consumer,North,Guam,Ohio,Lake Tiffanyville,Furniture,Tables,Bag,1,19.44,0.12,44.37,17.11,2.3,0.13,Critical,Card
ORD-10663,2023-01-03,Jan,2023,Thomas Jacobson,VIP,Corporate,East,Trinidad and Tobago,Nevada,Port Kimberly,Furniture,Tables,Task,1,376.9,0.21,27.47,297.75,-15.91,-0.05,Low,Net Banking
ORD-10664,2025-01-13,Jan,2025,Tamara Bauer,VIP,Home Office,East,Austria,Arkansas,North Kelly,Office Supplies,Paper,Administration,7,117.21,0.07,41.56,763.04,35.31,0.05,Medium,UPI
ORD-10665,2023-08-22,Aug,2023,Allison Neal,Returning,Corporate,South,Namibia,Texas,Port Madeline,Furniture,Bookcases,Report,8,644.96,0.01,9.14,5108.08,200.5,0.04,Critical,UPI
ORD-10666,2025-10-23,Oct,2025,Tricia Wilson,VIP,Corporate,West,United States Minor Outlying Islands,Alabama,Silvaside,Office Supplies,Binders,Sister,2,696.44,0.07,21.94,1295.38,328.67,0.25,Critical,Card
ORD-10667,2024-12-26,Dec,2024,Christopher Moran,VIP,Home Office,West,Ukraine,Vermont,Baxtermouth,Furniture,Bookcases,Table,1,127.09,0.26,8.04,94.05,20.66,0.22,Critical,Net Banking
ORD-10668,2023-09-08,Sep,2023,Lisa Le,Returning,Corporate,West,Barbados,Florida,Ashleyside,Office Supplies,Paper,Side,5,233.07,0.16,41.46,978.89,0.22,0.0,High,Cash
ORD-10669,2022-12-06,Dec,2022,Philip Leach,VIP,Home Office,West,Wallis and Futuna,Maryland,North Williamside,Furniture,Tables,Letter,8,419.78,0.19,39.31,2720.17,504.41,0.19,Medium,Net Banking
ORD-10670,2023-03-23,Mar,2023,Micheal Mills,VIP,Corporate,Central,Malawi,Ohio,Lake Georgetown,Office Supplies,Paper,Available,10,285.48,0.08,43.19,2626.42,720.39,0.27,High,Card
ORD-10671,2025-05-23,May,2025,Grant Dodson,VIP,Home Office,Central,Guinea-Bissau,Ohio,Jenkinsmouth,Technology,Phones,Hospital,9,629.82,0.03,37.82,5498.33,228.35,0.04,Medium,Net Banking
ORD-10672,2024-01-24,Jan,2024,James Lopez,New,Home Office,North,Zimbabwe,West Virginia,Lake Joyce,Furniture,Chairs,Moment,8,278.98,0.22,22.61,1740.84,-40.82,-0.02,Critical,Card
ORD-10673,2024-01-05,Jan,2024,Kelly Armstrong,New,Home Office,Central,Eritrea,Washington,Seanmouth,Technology,Laptops,Theory,9,339.08,0.14,34.15,2624.48,182.52,0.07,High,Card
ORD-10674,2024-12-08,Dec,2024,Jose Armstrong,VIP,Corporate,East,Myanmar,West Virginia,Michaelside,Furniture,Bookcases,Education,10,396.3,0.19,43.31,3210.03,493.41,0.15,High,Net Banking
ORD-10675,2023-03-15,Mar,2023,Juan Hartman,VIP,Consumer,West,South Africa,Virginia,East Mathew,Technology,Laptops,Hair,5,592.24,0.28,46.76,2132.06,502.22,0.24,Medium,Card
ORD-10676,2025-03-19,Mar,2025,Lauren Estrada,New,Corporate,North,Korea,Mississippi,South Raymond,Office Supplies,Paper,Ago,10,686.83,0.2,31.16,5494.64,745.01,0.14,Low,Cash
ORD-10677,2023-10-11,Oct,2023,Kathleen Rose,VIP,Corporate,East,Norfolk Island,Oregon,Garrettstad,Technology,Laptops,Career,3,629.98,0.21,8.56,1493.05,344.38,0.23,Medium,UPI
ORD-10678,2025-01-15,Jan,2025,Christopher Chen,New,Corporate,West,Vanuatu,West Virginia,Christensenstad,Office Supplies,Paper,Better,10,551.15,0.07,8.89,5125.69,523.4,0.1,Critical,UPI
ORD-10679,2024-11-02,Nov,2024,Mitchell Delgado,Returning,Home Office,South,Lebanon,Indiana,New Anthony,Office Supplies,Storage,Of,8,195.31,0.05,14.91,1484.36,296.94,0.2,Critical,Cash
ORD-10680,2023-07-10,Jul,2023,Daniel Fitzgerald,Returning,Home Office,South,Jordan,Michigan,Port James,Technology,Phones,Southern,4,691.71,0.08,39.78,2545.49,344.03,0.14,High,Net Banking
ORD-10681,2024-09-03,Sep,2024,Matthew Oneill,Returning,Corporate,West,Solomon Islands,Arizona,Jacksonchester,Office Supplies,Paper,Red,3,462.74,0.24,16.03,1055.05,185.27,0.18,Low,UPI
ORD-10682,2025-02-02,Feb,2025,Leah Myers,New,Corporate,Central,Lebanon,Maine,Carolmouth,Office Supplies,Binders,Middle,3,279.15,0.14,40.22,720.21,91.12,0.13,Low,Card
ORD-10683,2025-06-20,Jun,2025,Joshua Rasmussen,Returning,Corporate,West,Poland,Missouri,Howardshire,Technology,Accessories,Into,1,717.27,0.03,29.09,695.75,148.49,0.21,High,Net Banking
ORD-10684,2023-12-04,Dec,2023,Sandy Ward,VIP,Corporate,Central,Nicaragua,New Hampshire,North Tony,Office Supplies,Storage,Recently,9,106.31,0.13,39.68,832.41,123.61,0.15,Critical,Cash
ORD-10685,2022-12-18,Dec,2022,Brianna Turner,New,Corporate,South,Ecuador,Kansas,West Brianmouth,Technology,Laptops,Baby,3,89.36,0.16,18.08,225.19,-22.02,-0.1,Medium,Cash
ORD-10686,2023-02-24,Feb,2023,Mrs. Tiffany Hansen,VIP,Consumer,West,Mexico,Pennsylvania,East Anna,Technology,Accessories,Onto,3,763.15,0.28,16.47,1648.4,255.0,0.15,Medium,Cash
ORD-10687,2024-05-28,May,2024,Mark Hensley,Returning,Corporate,East,Guyana,Michigan,East Ronaldmouth,Office Supplies,Paper,Phone,2,112.32,0.18,16.66,184.2,-12.67,-0.07,Low,Net Banking
ORD-10688,2022-12-29,Dec,2022,Sherri Johnson,New,Consumer,West,Bermuda,Alaska,South Johnny,Furniture,Chairs,Life,7,512.51,0.0,10.26,3587.57,459.51,0.13,Medium,Net Banking
ORD-10689,2024-06-02,Jun,2024,Joseph Morgan,Returning,Home Office,North,Haiti,Alaska,North Lisa,Furniture,Chairs,Member,3,79.78,0.07,47.33,222.59,63.23,0.28,High,UPI
ORD-10690,2023-09-05,Sep,2023,Kaitlyn Wilson,New,Corporate,North,Lao People's Democratic Republic,Kentucky,Marksview,Office Supplies,Paper,Action,6,468.97,0.27,27.85,2054.09,180.6,0.09,Critical,Net Banking
ORD-10691,2024-11-24,Nov,2024,Michael Hudson,New,Home Office,South,Guatemala,Minnesota,Deniseburgh,Office Supplies,Binders,Friend,8,307.81,0.16,11.62,2068.48,-108.12,-0.05,Medium,UPI
ORD-10692,2023-06-20,Jun,2023,Angel Zhang,New,Home Office,North,Liechtenstein,Iowa,Terrymouth,Technology,Laptops,Point,9,307.04,0.22,45.9,2155.42,-169.4,-0.08,High,Cash
ORD-10693,2025-03-24,Mar,2025,Elizabeth Fitzpatrick,New,Corporate,East,Austria,West Virginia,Rothberg,Technology,Accessories,Start,6,604.07,0.09,17.29,3298.22,-169.6,-0.05,Low,Net Banking
ORD-10694,2025-08-27,Aug,2025,Paul Simmons,New,Consumer,East,Guyana,Wisconsin,West Willie,Furniture,Chairs,Forget,7,416.29,0.03,27.06,2826.61,15.14,0.01,Critical,Card
ORD-10695,2024-01-05,Jan,2024,Michael Briggs,Returning,Corporate,South,French Southern Territories,Minnesota,Port Timothy,Furniture,Tables,Area,7,297.6,0.25,17.22,1562.4,464.76,0.3,High,Cash
ORD-10696,2023-04-20,Apr,2023,Aaron Pierce,VIP,Corporate,West,Pitcairn Islands,Arizona,Davisview,Furniture,Chairs,Affect,2,609.96,0.03,20.48,1183.32,7.69,0.01,Medium,Card
ORD-10697,2024-05-05,May,2024,Mr. Collin Hill II,New,Corporate,North,Latvia,South Carolina,East Meganfort,Technology,Laptops,Light,1,26.85,0.25,26.72,20.14,0.68,0.03,High,Card
ORD-10698,2024-08-29,Aug,2024,Savannah Taylor,VIP,Consumer,Central,Costa Rica,Illinois,South Nicholeland,Office Supplies,Paper,Eye,10,606.14,0.11,20.33,5394.65,1269.3,0.24,Medium,Cash
ORD-10699,2025-01-10,Jan,2025,Susan Everett,VIP,Home Office,West,Brunei Darussalam,Missouri,Sandrabury,Furniture,Bookcases,Cover,5,308.74,0.17,10.35,1281.27,-90.51,-0.07,High,Net Banking
ORD-10700,2025-03-02,Mar,2025,Brent Thompson,New,Corporate,North,Morocco,Rhode Island,West Christine,Office Supplies,Paper,Hundred,6,234.91,0.06,7.82,1324.89,2.92,0.0,Low,Net Banking
ORD-10701,2024-08-23,Aug,2024,Sarah Lambert,Returning,Consumer,North,Korea,Florida,Deanton,Technology,Accessories,Rate,4,432.25,0.0,45.8,1729.0,-126.15,-0.07,High,Cash
ORD-10702,2025-02-15,Feb,2025,Dylan Zavala,VIP,Corporate,North,American Samoa,Michigan,Jonesside,Technology,Accessories,Thank,4,467.77,0.07,8.78,1740.1,480.43,0.28,Critical,UPI
ORD-10703,2024-04-16,Apr,2024,Michael Abbott,VIP,Corporate,West,Nauru,Idaho,Lake Christopher,Technology,Phones,Quite,10,365.39,0.01,33.1,3617.36,-243.27,-0.07,Medium,Net Banking
ORD-10704,2023-09-21,Sep,2023,Alice Smith,Returning,Consumer,East,Estonia,Colorado,Campbellton,Technology,Accessories,Seat,7,216.73,0.05,47.12,1441.25,-56.39,-0.04,Low,UPI
ORD-10705,2024-11-09,Nov,2024,Brian Barrera,New,Consumer,East,Madagascar,Indiana,Snyderhaven,Technology,Accessories,Language,9,89.47,0.16,44.26,676.39,149.0,0.22,Critical,UPI
ORD-10706,2024-03-22,Mar,2024,Megan Cox,New,Consumer,Central,Niue,Mississippi,Rodneyburgh,Office Supplies,Paper,Space,8,66.0,0.15,48.96,448.8,49.03,0.11,Low,Card
ORD-10707,2023-11-25,Nov,2023,Christopher Reynolds,New,Consumer,North,Peru,Kentucky,Howellville,Technology,Accessories,Why,9,300.17,0.02,42.77,2647.5,715.25,0.27,High,Net Banking
ORD-10708,2025-10-20,Oct,2025,Heather Ramirez,Returning,Home Office,North,Zambia,Pennsylvania,Maysmouth,Office Supplies,Binders,Financial,1,390.34,0.18,8.45,320.08,70.03,0.22,High,Cash
ORD-10709,2024-08-13,Aug,2024,Jessica Munoz,New,Corporate,North,Andorra,New Jersey,Glenshire,Technology,Phones,Government,8,718.78,0.07,22.18,5347.72,-170.72,-0.03,Critical,Card
ORD-10710,2025-10-19,Oct,2025,Deborah Oliver,New,Home Office,North,Austria,Tennessee,Bowmanhaven,Office Supplies,Binders,Out,1,182.79,0.03,18.93,177.31,25.13,0.14,Critical,Net Banking
ORD-10711,2024-07-30,Jul,2024,Joseph Everett,New,Corporate,South,Djibouti,Pennsylvania,Dominiqueside,Office Supplies,Binders,Really,6,220.73,0.2,18.62,1059.5,262.27,0.25,Low,UPI
ORD-10712,2023-11-24,Nov,2023,Kim Bradford,VIP,Home Office,North,Israel,Alaska,West Deborahburgh,Office Supplies,Binders,North,4,376.65,0.06,15.87,1416.2,294.51,0.21,Medium,Net Banking
ORD-10713,2023-08-09,Aug,2023,Sharon Ramsey,Returning,Corporate,Central,Turks and Caicos Islands,Tennessee,East Frank,Technology,Laptops,Rock,1,257.01,0.17,8.68,213.32,53.2,0.25,High,Cash
ORD-10714,2024-02-18,Feb,2024,Cassandra White,Returning,Home Office,West,Cameroon,Alaska,East Kendraland,Office Supplies,Storage,Building,3,570.88,0.01,17.75,1695.51,-136.47,-0.08,Low,Card
ORD-10715,2025-04-12,Apr,2025,Jennifer Hamilton,Returning,Home Office,West,Tonga,Wyoming,West James,Technology,Accessories,The,5,33.86,0.23,23.02,130.36,22.51,0.17,High,Cash
ORD-10716,2024-06-30,Jun,2024,Amanda Frank,Returning,Corporate,West,Burundi,Kentucky,East Michael,Furniture,Tables,Bank,7,656.92,0.2,46.0,3678.75,900.87,0.24,High,Net Banking
ORD-10717,2025-02-26,Feb,2025,Taylor Baird,New,Corporate,Central,Reunion,Missouri,New Stephenstad,Furniture,Chairs,Wind,1,318.47,0.24,6.88,242.04,38.37,0.16,Low,UPI
ORD-10718,2024-02-13,Feb,2024,Rebecca George,VIP,Consumer,West,South Georgia and the South Sandwich Islands,Alaska,New Danielfurt,Furniture,Tables,Threat,5,74.32,0.04,44.65,356.74,91.16,0.26,Medium,Card
ORD-10719,2025-09-09,Sep,2025,Cathy Dalton,VIP,Home Office,Central,Saudi Arabia,South Carolina,Nicholasberg,Furniture,Tables,College,3,287.26,0.04,23.15,827.31,202.68,0.24,Low,Cash
ORD-10720,2023-01-14,Jan,2023,Barbara Greer,New,Home Office,South,Spain,Illinois,West Luisburgh,Technology,Phones,Cell,4,87.32,0.02,24.18,342.29,15.52,0.05,Critical,Card
ORD-10721,2024-08-31,Aug,2024,Stephen Perez,VIP,Corporate,East,Liberia,Massachusetts,East Anne,Office Supplies,Binders,Each,5,520.31,0.03,47.63,2523.5,194.47,0.08,Medium,Cash
ORD-10722,2023-02-05,Feb,2023,Sheena Becker,Returning,Home Office,Central,Slovenia,New Mexico,Port Richard,Technology,Phones,Sea,2,517.72,0.13,46.85,900.83,240.91,0.27,Critical,Cash
ORD-10723,2023-11-17,Nov,2023,Kenneth Williams,Returning,Corporate,West,Chile,New Hampshire,Frankton,Furniture,Tables,The,9,486.02,0.23,13.15,3368.12,396.97,0.12,Low,Net Banking
ORD-10724,2024-10-08,Oct,2024,Vanessa Moore,Returning,Corporate,North,Malta,Tennessee,Wendyland,Technology,Laptops,Move,1,503.4,0.13,9.74,437.96,70.58,0.16,High,Card
ORD-10725,2024-12-08,Dec,2024,Timothy Smith,Returning,Corporate,East,Uzbekistan,Hawaii,Camachoberg,Furniture,Chairs,Political,5,440.07,0.09,8.09,2002.32,-77.43,-0.04,High,Cash
ORD-10726,2024-10-30,Oct,2024,Michael Cordova,VIP,Consumer,East,Haiti,Kentucky,Sabrinabury,Furniture,Bookcases,That,1,589.64,0.2,36.14,471.71,48.72,0.1,Low,Cash
ORD-10727,2024-02-02,Feb,2024,Jordan Landry,VIP,Consumer,Central,Peru,Indiana,Port Justinberg,Furniture,Bookcases,Identify,3,534.79,0.04,30.03,1540.2,182.76,0.12,Low,UPI
ORD-10728,2023-06-11,Jun,2023,Wendy Richardson,Returning,Consumer,East,Austria,Louisiana,North Annette,Technology,Phones,Young,10,499.74,0.0,18.89,4997.4,163.5,0.03,High,Net Banking
ORD-10729,2023-10-13,Oct,2023,Tamara Bentley,VIP,Corporate,North,Norfolk Island,Connecticut,Lindatown,Office Supplies,Binders,Amount,5,529.78,0.28,37.81,1907.21,-22.85,-0.01,High,Net Banking
ORD-10730,2024-11-10,Nov,2024,Hannah Johnson,VIP,Consumer,North,Sao Tome and Principe,Florida,East Stephen,Furniture,Tables,Social,1,517.39,0.16,9.24,434.61,37.79,0.09,Medium,Card
ORD-10731,2023-12-23,Dec,2023,Jamie Willis,VIP,Consumer,West,Bahamas,Wyoming,East Michaelmouth,Furniture,Bookcases,Traditional,6,360.96,0.14,40.04,1862.55,117.85,0.06,Low,Net Banking
ORD-10732,2025-03-08,Mar,2025,Jennifer Mendoza,New,Corporate,East,Niger,California,Bonillabury,Technology,Phones,Change,2,145.57,0.1,32.69,262.03,68.29,0.26,Low,UPI
ORD-10733,2025-03-16,Mar,2025,David Holloway,Returning,Corporate,East,Jordan,Minnesota,East Elizabeth,Furniture,Tables,This,3,268.95,0.13,16.04,701.96,-26.07,-0.04,Low,UPI
ORD-10734,2024-03-08,Mar,2024,Abigail Dean,VIP,Consumer,East,Ireland,South Carolina,Lisaberg,Office Supplies,Paper,Newspaper,6,59.61,0.3,31.38,250.36,39.96,0.16,Critical,Card
ORD-10735,2024-04-11,Apr,2024,Eric Robinson,Returning,Corporate,East,Sweden,Maryland,Butlerborough,Office Supplies,Storage,Do,2,628.46,0.13,16.16,1093.52,-63.61,-0.06,High,UPI
ORD-10736,2023-11-03,Nov,2023,Carmen Smith,New,Corporate,South,Pitcairn Islands,Ohio,South Christopherside,Technology,Laptops,Despite,8,70.91,0.03,27.91,550.26,126.4,0.23,Medium,UPI
ORD-10737,2023-01-15,Jan,2023,William Wilkins,VIP,Home Office,Central,Bangladesh,Missouri,Lake Carolyn,Furniture,Chairs,Usually,1,425.48,0.05,20.62,404.21,92.71,0.23,Critical,UPI
ORD-10738,2024-03-30,Mar,2024,Katherine Decker,New,Corporate,East,Tanzania,North Dakota,North Jasonshire,Office Supplies,Paper,Light,7,154.93,0.26,24.52,802.54,98.72,0.12,Low,Cash
ORD-10739,2024-11-06,Nov,2024,Kristopher Chavez,VIP,Corporate,Central,Solomon Islands,Iowa,Victortown,Technology,Phones,Letter,8,266.39,0.01,21.47,2109.81,-210.53,-0.1,Low,Net Banking
ORD-10740,2024-05-11,May,2024,Donna Krueger,Returning,Home Office,East,Cameroon,Louisiana,Bakerview,Technology,Accessories,Worry,9,652.17,0.05,17.35,5576.05,-215.54,-0.04,High,Card
ORD-10741,2023-10-13,Oct,2023,Shelley Hobbs,New,Corporate,South,Bulgaria,Maryland,Annatown,Furniture,Chairs,Example,9,710.1,0.29,20.36,4537.54,-61.45,-0.01,High,Card
ORD-10742,2022-11-30,Nov,2022,Tammy Obrien,New,Corporate,East,Palau,Massachusetts,Johnsonberg,Technology,Laptops,Subject,7,259.21,0.23,21.32,1397.14,21.48,0.02,Low,Cash
ORD-10743,2024-11-15,Nov,2024,Mitchell Miller,VIP,Corporate,North,Guyana,Illinois,Cohenhaven,Office Supplies,Paper,Control,4,158.83,0.13,5.24,552.73,95.9,0.17,Medium,UPI
ORD-10744,2025-09-05,Sep,2025,Ashley Guerrero,New,Home Office,West,Cameroon,South Dakota,Wrightland,Office Supplies,Storage,Dog,9,247.52,0.06,10.13,2094.02,524.07,0.25,Critical,UPI
ORD-10745,2025-11-12,Nov,2025,Patrick Graham,VIP,Consumer,East,Samoa,Virginia,Nelsonchester,Office Supplies,Binders,Change,10,625.22,0.26,10.45,4626.63,855.19,0.18,Medium,Card
ORD-10746,2025-02-16,Feb,2025,William Smith,Returning,Corporate,North,Slovenia,Mississippi,Carrollfurt,Technology,Phones,Food,10,423.44,0.07,25.46,3937.99,592.4,0.15,Low,Cash
ORD-10747,2024-08-16,Aug,2024,Brandon Tyler,New,Home Office,West,Portugal,Arizona,Lauraview,Furniture,Bookcases,Thousand,7,120.26,0.15,6.16,715.55,72.54,0.1,High,Card
ORD-10748,2023-11-30,Nov,2023,Linda Sosa,New,Corporate,East,Angola,Montana,Bergerborough,Technology,Accessories,Education,4,366.66,0.22,6.26,1143.98,104.36,0.09,High,UPI
ORD-10749,2023-11-07,Nov,2023,James Davidson,New,Home Office,North,Kyrgyz Republic,Alaska,Martinezbury,Furniture,Bookcases,Trouble,2,137.32,0.06,27.51,258.16,42.51,0.16,Low,UPI
ORD-10750,2024-04-06,Apr,2024,Ryan Thompson,New,Corporate,Central,Niger,Louisiana,Powerschester,Technology,Accessories,Skin,2,386.57,0.1,22.61,695.83,-40.41,-0.06,Critical,Card
ORD-10751,2024-10-23,Oct,2024,Dylan Carson,New,Corporate,Central,Iceland,North Dakota,Myershaven,Furniture,Chairs,Safe,1,424.36,0.24,48.05,322.51,38.31,0.12,Low,Cash
ORD-10752,2024-09-30,Sep,2024,Antonio Mcdaniel,New,Home Office,East,Congo,Kansas,Lawrenceland,Furniture,Tables,Reveal,5,121.52,0.15,39.45,516.46,33.11,0.06,Low,Card
ORD-10753,2024-09-06,Sep,2024,Whitney Gray,New,Consumer,South,Mauritius,Hawaii,Lisastad,Technology,Accessories,Wish,9,124.61,0.02,43.54,1099.06,29.12,0.03,Critical,Card
ORD-10754,2023-07-23,Jul,2023,Katie Castaneda,New,Corporate,West,China,Alabama,Davidland,Furniture,Bookcases,Mission,1,219.41,0.26,37.15,162.36,22.57,0.14,High,UPI
ORD-10755,2023-04-22,Apr,2023,Evelyn Mora,Returning,Consumer,East,Australia,Wyoming,New Jaymouth,Furniture,Bookcases,Democratic,1,120.4,0.01,21.78,119.2,5.78,0.05,Medium,Cash
ORD-10756,2025-10-14,Oct,2025,Kenneth Solis,VIP,Home Office,West,Niger,Rhode Island,New Markchester,Technology,Accessories,Prepare,10,73.43,0.28,43.31,528.7,63.75,0.12,Critical,UPI
ORD-10757,2024-02-21,Feb,2024,Antonio Black,VIP,Corporate,North,Moldova,Hawaii,Jimenezshire,Technology,Accessories,Share,6,703.2,0.07,25.1,3923.86,654.75,0.17,Critical,UPI
ORD-10758,2025-06-28,Jun,2025,Ruth Robinson,New,Home Office,South,Martinique,Idaho,Port Jimmybury,Technology,Laptops,Develop,8,708.46,0.29,16.44,4024.05,129.04,0.03,Low,Cash
ORD-10759,2025-05-10,May,2025,Anthony Greene,Returning,Consumer,North,Guyana,Virginia,Browntown,Office Supplies,Paper,Heart,9,753.31,0.22,5.91,5288.24,1067.64,0.2,High,Card
ORD-10760,2024-08-05,Aug,2024,Michael Phillips,New,Home Office,North,Qatar,Virginia,Anthonymouth,Office Supplies,Paper,But,5,232.67,0.13,42.38,1012.11,-26.61,-0.03,Low,UPI
ORD-10761,2024-07-11,Jul,2024,Paul Campbell,Returning,Corporate,Central,Bahrain,Louisiana,Ericshire,Technology,Phones,Hit,8,426.91,0.14,47.26,2937.14,390.7,0.13,Low,UPI
ORD-10762,2024-06-03,Jun,2024,Justin Taylor,Returning,Consumer,South,Mongolia,Ohio,Kevinville,Furniture,Chairs,Amount,8,98.8,0.02,5.87,774.59,151.82,0.2,Medium,UPI
ORD-10763,2024-11-11,Nov,2024,Monica Klein,New,Home Office,West,Syrian Arab Republic,North Carolina,Mckenzietown,Technology,Accessories,Director,7,659.21,0.07,18.07,4291.46,690.0,0.16,Low,Cash
ORD-10764,2025-04-26,Apr,2025,Casey Newman,New,Home Office,East,Cuba,Mississippi,Port Jeanette,Furniture,Tables,Do,7,688.94,0.03,45.72,4677.9,-456.28,-0.1,Medium,Cash
ORD-10765,2024-02-15,Feb,2024,Kyle Rice,Returning,Home Office,South,Ireland,Florida,New Seanton,Furniture,Tables,Magazine,8,275.08,0.07,18.26,2046.6,517.53,0.25,Critical,Cash
ORD-10766,2023-12-19,Dec,2023,Richard Nguyen,Returning,Corporate,South,Bahrain,Maryland,West Natalie,Office Supplies,Binders,Religious,3,421.74,0.04,36.73,1214.61,232.88,0.19,Critical,Net Banking
ORD-10767,2025-08-08,Aug,2025,Jennifer Nguyen,New,Home Office,Central,Guinea-Bissau,New Mexico,Cooperstad,Furniture,Chairs,Billion,6,36.96,0.19,20.62,179.63,2.53,0.01,High,Cash
ORD-10768,2025-03-18,Mar,2025,Hannah Cruz,New,Home Office,West,Nauru,Tennessee,Morseshire,Technology,Accessories,Article,8,417.42,0.02,19.94,3272.57,740.71,0.23,Critical,Net Banking
ORD-10769,2024-04-12,Apr,2024,Linda James,New,Consumer,Central,United States Virgin Islands,Montana,North Pamela,Technology,Laptops,Seven,10,59.19,0.16,47.05,497.2,13.51,0.03,Low,Cash
ORD-10770,2023-01-17,Jan,2023,Brenda Todd,VIP,Consumer,West,Norway,Nevada,South Rodneyview,Office Supplies,Paper,Chair,4,786.77,0.0,9.79,3147.08,566.83,0.18,Medium,UPI
ORD-10771,2025-03-20,Mar,2025,Ronald Morris,New,Consumer,South,Togo,South Carolina,Ericfort,Office Supplies,Storage,Fly,9,21.28,0.14,31.87,164.71,23.36,0.14,Critical,Card
ORD-10772,2024-04-26,Apr,2024,Michael Lee DDS,Returning,Home Office,East,Palau,Oregon,Lopezhaven,Furniture,Tables,Level,5,670.85,0.2,26.17,2683.4,357.71,0.13,Medium,Net Banking
ORD-10773,2025-10-04,Oct,2025,Tanner Meyer MD,New,Consumer,South,Lesotho,California,North Davidborough,Technology,Laptops,Raise,8,296.69,0.01,40.13,2349.78,660.72,0.28,Low,Card
ORD-10774,2024-12-30,Dec,2024,Mark Snyder,New,Consumer,Central,Faroe Islands,Florida,Port Melissa,Office Supplies,Paper,Lead,2,783.62,0.01,29.05,1551.57,59.2,0.04,Low,Card
ORD-10775,2023-04-09,Apr,2023,Gregory Benton,Returning,Corporate,Central,Cocos (Keeling) Islands,Indiana,East Brandon,Office Supplies,Paper,Us,10,12.15,0.29,13.02,86.27,21.8,0.25,High,Cash
ORD-10776,2023-12-25,Dec,2023,Mary Evans,New,Home Office,West,Chile,Illinois,South Ronald,Furniture,Tables,Fear,7,343.82,0.09,40.35,2190.13,-46.41,-0.02,High,Net Banking
ORD-10777,2023-11-08,Nov,2023,Amanda Wyatt,Returning,Home Office,North,Cambodia,New York,Conradview,Furniture,Chairs,Which,4,91.5,0.3,29.85,256.2,-23.55,-0.09,High,Net Banking
ORD-10778,2025-11-01,Nov,2025,Brittany Mitchell,VIP,Home Office,Central,Portugal,North Dakota,Hamiltonland,Office Supplies,Storage,Budget,4,778.27,0.17,6.78,2583.86,591.15,0.23,Low,Card
ORD-10779,2024-06-28,Jun,2024,Brett Day,VIP,Consumer,East,Indonesia,North Dakota,South Joseph,Furniture,Tables,Condition,6,575.46,0.15,16.04,2934.85,49.22,0.02,Medium,Cash
ORD-10780,2023-10-12,Oct,2023,Virginia Jackson,Returning,Corporate,South,Puerto Rico,Idaho,Brownland,Furniture,Bookcases,Management,8,771.3,0.19,29.83,4998.02,-89.99,-0.02,Low,Card
ORD-10781,2023-12-09,Dec,2023,Cathy Mitchell,Returning,Consumer,South,Jersey,Kansas,Martinezmouth,Office Supplies,Paper,People,7,325.03,0.04,33.39,2184.2,96.45,0.04,Critical,Net Banking
ORD-10782,2024-04-11,Apr,2024,Thomas Lane,New,Home Office,South,Japan,Vermont,Bradleyport,Technology,Accessories,Stage,5,639.07,0.1,19.64,2875.82,107.46,0.04,High,Net Banking
ORD-10783,2023-04-08,Apr,2023,Katelyn Cunningham,Returning,Consumer,East,Indonesia,Vermont,South Felicia,Office Supplies,Paper,Item,10,98.38,0.26,11.68,728.01,11.03,0.02,Critical,Net Banking
ORD-10784,2024-02-19,Feb,2024,Lisa Mitchell,VIP,Corporate,West,India,New Jersey,Dickersonberg,Office Supplies,Paper,Exist,10,22.42,0.23,22.72,172.63,38.73,0.22,Critical,Cash
ORD-10785,2024-11-13,Nov,2024,Andrew Williams,New,Home Office,East,Switzerland,California,South Trevorport,Technology,Laptops,Total,7,36.85,0.01,40.78,255.37,72.14,0.28,Medium,Card
ORD-10786,2023-04-01,Apr,2023,Megan Le,New,Corporate,North,Sao Tome and Principe,North Dakota,West Elizabethberg,Furniture,Bookcases,Forget,3,352.79,0.03,8.31,1026.62,-43.58,-0.04,High,UPI
ORD-10787,2025-05-05,May,2025,Tonya Williams,New,Consumer,West,Turkmenistan,North Carolina,Anthonyburgh,Furniture,Chairs,Agreement,2,398.8,0.04,15.68,765.7,173.72,0.23,Critical,Cash
ORD-10788,2024-11-04,Nov,2024,Angela Estrada,Returning,Home Office,North,Philippines,Nebraska,Port Kaitlynhaven,Technology,Phones,Message,3,125.51,0.08,38.57,346.41,19.05,0.05,High,Net Banking
ORD-10789,2024-04-10,Apr,2024,Aaron Walsh,Returning,Consumer,South,Kyrgyz Republic,New Jersey,Aprilton,Furniture,Bookcases,Away,3,569.34,0.21,38.68,1349.34,116.25,0.09,High,Cash
ORD-10790,2025-01-25,Jan,2025,John Wilson,VIP,Corporate,South,United States of America,Nevada,Rossport,Technology,Phones,Even,6,536.08,0.26,28.02,2380.2,151.75,0.06,High,Net Banking
ORD-10791,2025-01-27,Jan,2025,Maria Jones,VIP,Home Office,Central,Heard Island and McDonald Islands,Washington,Lake Hectorland,Technology,Phones,Box,7,420.53,0.22,31.09,2296.09,672.3,0.29,High,Cash
ORD-10792,2023-12-16,Dec,2023,Barbara Parker,New,Consumer,Central,Belgium,Georgia,West Jonathan,Technology,Laptops,Task,4,79.54,0.29,23.86,225.89,65.39,0.29,Critical,Card
ORD-10793,2024-03-20,Mar,2024,Donald Ellis,Returning,Corporate,South,Ecuador,New Hampshire,West Kaylatown,Furniture,Bookcases,Exactly,8,428.58,0.18,28.25,2811.48,425.23,0.15,High,UPI
ORD-10794,2023-09-19,Sep,2023,Alex Garcia,VIP,Corporate,North,Gabon,Delaware,Georgeview,Furniture,Bookcases,Whom,8,461.25,0.16,8.95,3099.6,66.64,0.02,Medium,Net Banking
ORD-10795,2023-02-07,Feb,2023,Daniel Middleton,New,Corporate,South,Dominica,Delaware,North Josephville,Furniture,Tables,Itself,10,40.53,0.19,45.6,328.29,78.55,0.24,Critical,Card
ORD-10796,2023-02-03,Feb,2023,David Bell,VIP,Home Office,East,Thailand,Utah,Douglasborough,Technology,Laptops,Standard,2,495.78,0.29,33.19,704.01,132.37,0.19,Critical,Card
ORD-10797,2023-02-26,Feb,2023,Dylan Knight,New,Home Office,South,Vietnam,Arizona,South Timothyshire,Office Supplies,Paper,South,6,101.36,0.18,23.82,498.69,88.82,0.18,High,UPI
ORD-10798,2024-03-03,Mar,2024,James Griffin,New,Home Office,South,Tanzania,New York,Robertside,Technology,Accessories,Conference,7,42.48,0.03,5.22,288.44,80.06,0.28,Critical,Cash
ORD-10799,2025-05-24,May,2025,Jason Daniels,VIP,Home Office,East,Monaco,Iowa,Parkerbury,Office Supplies,Storage,Computer,6,388.85,0.13,21.74,2029.8,263.05,0.13,Low,Net Banking
ORD-10800,2024-07-10,Jul,2024,James Cabrera,New,Home Office,East,Rwanda,Maryland,New Nicholasburgh,Office Supplies,Storage,Wide,1,656.05,0.02,28.11,642.93,167.38,0.26,Medium,Net Banking
ORD-10801,2024-05-19,May,2024,Jason Morgan,VIP,Consumer,East,Croatia,Maryland,Lunaport,Office Supplies,Paper,Director,5,637.45,0.21,45.0,2517.93,96.07,0.04,High,Cash
ORD-10802,2025-10-08,Oct,2025,Brian Hudson,New,Corporate,East,Burkina Faso,North Dakota,West Matthew,Technology,Phones,Project,8,332.96,0.03,34.76,2583.77,761.75,0.29,Critical,Net Banking
ORD-10803,2025-01-05,Jan,2025,Jasmine Johnson,Returning,Corporate,North,Nepal,Utah,Lake Gerald,Office Supplies,Binders,Direction,7,509.24,0.01,5.65,3529.03,61.77,0.02,High,UPI
ORD-10804,2024-05-14,May,2024,Erica Hensley PhD,Returning,Home Office,North,Congo,New York,Josephshire,Technology,Laptops,Rest,2,713.26,0.03,33.34,1383.72,103.94,0.08,Critical,UPI
ORD-10805,2023-02-08,Feb,2023,Leslie Noble,VIP,Consumer,North,Mozambique,New Mexico,Port Davidhaven,Furniture,Bookcases,Analysis,1,560.5,0.28,16.11,403.56,50.24,0.12,High,Cash
ORD-10806,2024-06-11,Jun,2024,Kara Snow,New,Consumer,North,Albania,Kentucky,East Annette,Office Supplies,Binders,Just,4,167.61,0.28,26.96,482.72,-16.84,-0.03,High,Cash
ORD-10807,2024-09-20,Sep,2024,Lynn Higgins,Returning,Home Office,Central,Thailand,Nevada,Taramouth,Office Supplies,Paper,Population,8,234.58,0.15,43.52,1595.14,268.33,0.17,Low,UPI
ORD-10808,2023-01-08,Jan,2023,Nancy Bennett,VIP,Corporate,Central,Togo,Kentucky,Sanchezland,Furniture,Tables,Activity,4,484.15,0.27,46.41,1413.72,-4.36,0.0,Low,Card
ORD-10809,2024-06-12,Jun,2024,Diane Gonzalez,VIP,Home Office,Central,Netherlands,Utah,Nelsontown,Furniture,Bookcases,Place,9,648.85,0.02,26.41,5722.86,-523.74,-0.09,High,Cash
ORD-10810,2023-08-30,Aug,2023,Deborah Smith,Returning,Consumer,North,Belize,Tennessee,West Paul,Technology,Laptops,Play,9,786.69,0.14,29.67,6088.98,616.35,0.1,Critical,Cash
ORD-10811,2025-07-24,Jul,2025,Anthony Park,New,Corporate,East,Azerbaijan,Louisiana,Dawnstad,Technology,Phones,Meet,5,764.86,0.03,5.55,3709.57,499.39,0.13,Low,Cash
ORD-10812,2022-12-07,Dec,2022,Cynthia Hoover,Returning,Home Office,North,Yemen,Missouri,West Teresaport,Technology,Phones,Very,8,508.11,0.13,12.48,3536.45,647.82,0.18,Medium,UPI
ORD-10813,2025-09-02,Sep,2025,Travis Mclaughlin,New,Consumer,South,Indonesia,Idaho,Owensbury,Furniture,Tables,Staff,5,286.39,0.11,19.42,1274.44,149.47,0.12,High,Net Banking
ORD-10814,2025-07-16,Jul,2025,Crystal Scott,New,Home Office,South,Slovakia (Slovak Republic),Idaho,Sharonstad,Furniture,Chairs,You,8,682.78,0.24,48.72,4151.3,522.97,0.13,Critical,Cash
ORD-10815,2024-03-21,Mar,2024,Kimberly Lopez,New,Consumer,West,Comoros,Alaska,Oliverhaven,Office Supplies,Storage,Adult,10,400.38,0.27,47.97,2922.77,491.21,0.17,High,Net Banking
ORD-10816,2023-06-26,Jun,2023,Sherry Martinez,Returning,Corporate,Central,Lesotho,Alaska,Davidstad,Furniture,Bookcases,Team,6,497.64,0.09,47.78,2717.11,374.8,0.14,Critical,Net Banking
ORD-10817,2023-06-24,Jun,2023,Edwin Robles,VIP,Home Office,East,Cyprus,Louisiana,West Richardmouth,Technology,Laptops,Against,10,305.82,0.05,45.52,2905.29,-144.22,-0.05,Critical,Cash
ORD-10818,2025-08-27,Aug,2025,Melanie Salazar,New,Corporate,East,Isle of Man,Mississippi,Loriborough,Technology,Laptops,Machine,10,414.02,0.21,16.16,3270.76,390.27,0.12,Medium,Card
ORD-10819,2025-04-02,Apr,2025,Regina Fitzpatrick,Returning,Corporate,North,Swaziland,Connecticut,South Edwardbury,Furniture,Chairs,Often,6,56.72,0.13,9.83,296.08,50.82,0.17,Medium,UPI
ORD-10820,2023-06-03,Jun,2023,Timothy Fernandez,Returning,Home Office,South,Lao People's Democratic Republic,Tennessee,North Rachelton,Technology,Accessories,Whatever,8,186.04,0.24,26.8,1131.12,283.92,0.25,Medium,Card
ORD-10821,2025-09-29,Sep,2025,Alexander Baldwin,VIP,Home Office,Central,Dominica,Rhode Island,Gibbston,Technology,Accessories,Third,8,286.26,0.1,33.12,2061.07,-205.89,-0.1,Low,UPI
ORD-10822,2023-02-17,Feb,2023,Hailey Lopez,New,Corporate,North,Zambia,New York,East Edward,Technology,Laptops,Force,5,143.46,0.03,41.32,695.78,188.61,0.27,Low,Net Banking
ORD-10823,2024-11-10,Nov,2024,Mary Fuller,Returning,Consumer,East,Gambia,Minnesota,Adamstad,Office Supplies,Paper,Include,9,371.74,0.05,12.21,3178.38,340.47,0.11,Critical,Net Banking
ORD-10824,2025-06-27,Jun,2025,Nicole Robles,Returning,Corporate,West,Barbados,Alaska,Brentborough,Technology,Phones,Without,10,172.76,0.14,18.03,1485.74,374.48,0.25,High,UPI
ORD-10825,2023-09-19,Sep,2023,Joshua Parker,New,Corporate,South,British Indian Ocean Territory (Chagos Archipelago),Michigan,Fullermouth,Technology,Phones,Push,5,548.45,0.11,30.29,2440.6,-117.88,-0.05,High,Card
ORD-10826,2024-06-06,Jun,2024,Meghan Garcia,Returning,Consumer,North,Palau,Oklahoma,Briannaport,Furniture,Tables,A,5,546.11,0.27,27.9,1993.3,116.22,0.06,Critical,Cash
ORD-10827,2024-04-17,Apr,2024,Jamie Little,Returning,Corporate,East,China,Pennsylvania,Garzaport,Furniture,Bookcases,Newspaper,3,163.88,0.26,36.85,363.81,32.32,0.09,Low,UPI
ORD-10828,2023-03-21,Mar,2023,Bruce Miller,Returning,Home Office,Central,Saint Lucia,Tennessee,Harringtonshire,Technology,Accessories,Positive,7,29.8,0.18,29.01,171.05,-0.7,0.0,Low,Cash
ORD-10829,2024-09-28,Sep,2024,Laurie Burton,Returning,Home Office,East,South Africa,Oregon,Bradleyberg,Technology,Laptops,Home,10,304.31,0.08,27.15,2799.65,-173.23,-0.06,High,Card
ORD-10830,2025-08-26,Aug,2025,Taylor Phillips,VIP,Home Office,Central,United States Virgin Islands,Michigan,Bellmouth,Furniture,Chairs,Study,1,323.42,0.2,22.26,258.74,56.07,0.22,Medium,Net Banking
ORD-10831,2023-11-22,Nov,2023,Joseph Patrick,VIP,Home Office,Central,Madagascar,New Mexico,South Matthew,Technology,Laptops,Head,1,169.73,0.17,12.06,140.88,27.12,0.19,Medium,Card
ORD-10832,2023-09-28,Sep,2023,Matthew Coffey,Returning,Home Office,East,Sudan,Rhode Island,New Donna,Office Supplies,Storage,Court,1,330.51,0.08,17.72,304.07,50.33,0.17,Medium,Cash
ORD-10833,2024-08-12,Aug,2024,Kayla Daniels,VIP,Home Office,East,Sao Tome and Principe,Vermont,Isabelmouth,Office Supplies,Paper,Election,2,731.54,0.14,11.34,1258.25,55.41,0.04,High,Net Banking
ORD-10834,2025-07-26,Jul,2025,Jason Garza,New,Home Office,North,Marshall Islands,Oregon,Lisashire,Office Supplies,Storage,Month,10,571.07,0.16,37.01,4796.99,723.01,0.15,Low,Net Banking
ORD-10835,2024-05-18,May,2024,George Ho,Returning,Home Office,East,Canada,Massachusetts,East Thomas,Furniture,Tables,Director,1,202.84,0.3,33.6,141.99,-10.61,-0.07,High,Card
ORD-10836,2025-03-14,Mar,2025,Andrea Santos,VIP,Consumer,East,British Virgin Islands,North Carolina,Lake Brian,Technology,Phones,Reason,1,138.88,0.04,28.98,133.32,-2.85,-0.02,High,UPI
ORD-10837,2025-04-29,Apr,2025,Joshua Adams,Returning,Corporate,South,Mozambique,Connecticut,Jordanmouth,Technology,Laptops,Other,10,181.07,0.05,40.21,1720.16,466.17,0.27,Medium,Cash
ORD-10838,2024-05-09,May,2024,Cindy Gonzalez,Returning,Corporate,South,Botswana,Michigan,North William,Furniture,Tables,Usually,1,729.83,0.13,17.42,634.95,158.3,0.25,Low,Net Banking
ORD-10839,2023-09-07,Sep,2023,Jesse Phillips,Returning,Corporate,Central,Brazil,Massachusetts,Davidfurt,Furniture,Bookcases,Necessary,2,241.29,0.06,8.79,453.63,75.75,0.17,Low,Cash
ORD-10840,2024-06-26,Jun,2024,Samuel Davis,VIP,Home Office,Central,Nauru,Vermont,Joannafort,Office Supplies,Storage,Phone,8,293.63,0.1,7.29,2114.14,-113.28,-0.05,Medium,UPI
ORD-10841,2025-11-12,Nov,2025,Danielle Hopkins,VIP,Home Office,North,Gabon,Oklahoma,Lake Amber,Office Supplies,Paper,Blue,7,248.41,0.13,22.19,1512.82,-10.11,-0.01,Low,Cash
ORD-10842,2023-08-21,Aug,2023,Terry Spencer,Returning,Home Office,Central,Holy See (Vatican City State),Missouri,Hollyside,Furniture,Chairs,Pick,3,798.44,0.07,27.79,2227.65,316.41,0.14,High,UPI
ORD-10843,2023-04-07,Apr,2023,Stephanie Baker,Returning,Home Office,Central,Korea,Virginia,New Valerie,Technology,Phones,Same,2,485.58,0.22,48.8,757.5,174.94,0.23,Critical,Card
ORD-10844,2023-04-03,Apr,2023,Stephen Elliott,VIP,Home Office,Central,Serbia,Nebraska,Lake Donna,Technology,Phones,Deep,2,497.76,0.03,36.69,965.65,-83.33,-0.09,Critical,Net Banking
ORD-10845,2025-10-23,Oct,2025,Cheryl Alexander,VIP,Corporate,South,China,Rhode Island,Bradleyport,Office Supplies,Binders,Face,5,53.45,0.15,32.0,227.16,-14.66,-0.06,Critical,Cash
ORD-10846,2025-02-13,Feb,2025,Bruce Gibson,New,Consumer,Central,Samoa,Alabama,Lake Meganfort,Technology,Laptops,Poor,6,457.22,0.03,22.11,2661.02,638.43,0.24,Critical,Card
ORD-10847,2025-01-26,Jan,2025,Brandon Black,New,Consumer,North,Jordan,Utah,New Michaelmouth,Technology,Laptops,Could,8,766.85,0.27,8.33,4478.4,896.82,0.2,High,Cash
ORD-10848,2023-10-06,Oct,2023,Mark Nelson MD,New,Home Office,South,Egypt,Colorado,Gutierrezmouth,Technology,Phones,House,5,52.59,0.13,15.58,228.77,51.28,0.22,Low,Net Banking
ORD-10849,2025-01-24,Jan,2025,Aaron Lam,VIP,Consumer,North,Slovenia,South Carolina,Port Elizabethfurt,Furniture,Chairs,Any,1,38.76,0.17,49.89,32.17,5.34,0.17,Low,Card
ORD-10850,2025-11-21,Nov,2025,Jennifer Payne,Returning,Corporate,Central,Belarus,Maine,Jamieside,Technology,Accessories,Consumer,4,744.82,0.24,23.69,2264.25,175.27,0.08,Low,UPI
ORD-10851,2024-12-29,Dec,2024,Richard Diaz,Returning,Consumer,West,Montenegro,Tennessee,Garciachester,Furniture,Tables,Keep,9,570.01,0.22,19.65,4001.47,-3.53,0.0,High,Net Banking
ORD-10852,2023-04-25,Apr,2023,Nathan Jarvis,New,Home Office,Central,Solomon Islands,Florida,Harperland,Technology,Laptops,Interview,8,99.17,0.2,29.61,634.69,-36.8,-0.06,High,Net Banking
ORD-10853,2024-05-14,May,2024,Claudia Hart,Returning,Corporate,South,Bahrain,Minnesota,Stanleyborough,Technology,Accessories,Might,9,13.01,0.13,19.49,101.87,30.02,0.29,Medium,UPI
ORD-10854,2024-04-02,Apr,2024,Jason Stewart,VIP,Corporate,South,United Kingdom,Alaska,New Kristy,Furniture,Chairs,Away,10,799.58,0.26,9.83,5916.89,1034.51,0.17,Critical,Net Banking
ORD-10855,2025-07-30,Jul,2025,Katherine Rodriguez,Returning,Consumer,East,Vietnam,Montana,Ashleyshire,Office Supplies,Paper,Program,2,588.26,0.03,45.72,1141.22,240.83,0.21,Low,Card
ORD-10856,2022-12-18,Dec,2022,Alyssa Miller,Returning,Home Office,East,Martinique,Louisiana,Carolmouth,Furniture,Tables,Though,5,94.1,0.23,20.41,362.29,55.05,0.15,High,Card
ORD-10857,2025-02-07,Feb,2025,Angela Perry,VIP,Consumer,South,Slovenia,Ohio,Sarahborough,Technology,Accessories,Song,3,185.81,0.29,12.86,395.78,24.43,0.06,Critical,Cash
ORD-10858,2023-01-12,Jan,2023,Mary Hill,VIP,Corporate,East,Faroe Islands,Kentucky,Hallshire,Technology,Accessories,Theory,6,216.73,0.01,11.75,1287.38,134.93,0.1,Low,Cash
ORD-10859,2023-04-22,Apr,2023,Luis Jennings,Returning,Home Office,South,Cape Verde,Texas,West Douglastown,Technology,Phones,Suffer,2,261.76,0.23,35.88,403.11,44.14,0.11,High,Cash
ORD-10860,2024-02-24,Feb,2024,Brandon Yates,VIP,Consumer,South,Panama,Nebraska,Lake Joseph,Furniture,Chairs,Player,7,757.31,0.11,40.59,4718.04,1379.61,0.29,Medium,Card
ORD-10861,2025-07-05,Jul,2025,Ian Graham,Returning,Consumer,Central,Falkland Islands (Malvinas),Oklahoma,Port Davidfort,Office Supplies,Paper,Security,7,639.42,0.02,44.21,4386.42,979.39,0.22,Medium,Net Banking
ORD-10862,2023-11-23,Nov,2023,Lisa Ramirez,New,Corporate,South,Malta,Wisconsin,Lake Rebecca,Office Supplies,Storage,Someone,4,435.74,0.28,6.1,1254.93,332.65,0.27,Low,Net Banking
ORD-10863,2023-02-10,Feb,2023,Lance Reese,New,Home Office,South,Togo,Illinois,Lake Barbaraport,Furniture,Tables,Bank,1,682.45,0.14,40.29,586.91,43.82,0.07,Low,Card
ORD-10864,2025-01-05,Jan,2025,Samuel Miller,Returning,Home Office,North,Saint Martin,Washington,Christopherstad,Furniture,Chairs,Behavior,8,116.15,0.1,42.87,836.28,16.09,0.02,Medium,UPI
ORD-10865,2024-09-04,Sep,2024,Melissa Christensen,Returning,Corporate,East,Mozambique,New Mexico,South Sarah,Technology,Accessories,Difficult,4,459.4,0.16,47.21,1543.58,-95.36,-0.06,High,Cash
ORD-10866,2025-06-26,Jun,2025,Jason Lawrence,New,Consumer,East,Mauritius,Oregon,Merritttown,Office Supplies,Binders,Chance,1,252.79,0.15,28.02,214.87,6.96,0.03,Low,Cash
ORD-10867,2024-03-17,Mar,2024,Erik Sanford,Returning,Corporate,Central,Montserrat,Oregon,Williamsonton,Furniture,Chairs,Interest,6,461.15,0.04,26.47,2656.22,-231.5,-0.09,Critical,Card
ORD-10868,2023-07-11,Jul,2023,Tina Johnson DDS,New,Home Office,Central,Austria,Hawaii,Jeanton,Furniture,Bookcases,Mean,4,291.98,0.06,16.18,1097.84,-5.57,-0.01,Medium,Net Banking
ORD-10869,2024-05-21,May,2024,Taylor Schroeder,Returning,Corporate,South,Egypt,Montana,North Michelle,Technology,Phones,Nearly,1,674.69,0.18,7.6,553.25,164.73,0.3,Critical,UPI
ORD-10870,2024-02-09,Feb,2024,Joseph Martinez,New,Consumer,West,Saint Vincent and the Grenadines,Mississippi,Melissahaven,Technology,Laptops,Million,1,555.18,0.16,45.56,466.35,17.97,0.04,High,UPI
ORD-10871,2024-10-23,Oct,2024,Colin Long,VIP,Home Office,East,Trinidad and Tobago,Wyoming,Baileytown,Office Supplies,Paper,Rest,5,386.09,0.24,40.73,1467.14,424.0,0.29,Medium,UPI
ORD-10872,2025-06-15,Jun,2025,Cassandra Farley,Returning,Home Office,East,United States Virgin Islands,Illinois,Port Nicholasfort,Technology,Accessories,Help,10,570.03,0.26,7.79,4218.22,95.35,0.02,High,Net Banking
ORD-10873,2023-03-29,Mar,2023,Matthew Robinson,Returning,Home Office,Central,Guyana,Illinois,Carrollhaven,Office Supplies,Paper,Foreign,3,318.67,0.1,6.88,860.41,59.08,0.07,Critical,Card
ORD-10874,2022-11-30,Nov,2022,Patricia Moore,VIP,Corporate,West,Tuvalu,Alabama,Lake Kaylastad,Technology,Phones,Among,6,611.59,0.01,42.86,3632.84,-352.31,-0.1,Low,UPI
ORD-10875,2023-04-28,Apr,2023,Vincent Castro,VIP,Consumer,West,New Caledonia,Iowa,Allisonborough,Technology,Laptops,Check,5,523.5,0.05,9.39,2486.62,319.55,0.13,Critical,Card
ORD-10876,2025-10-04,Oct,2025,Colleen Tate,VIP,Home Office,West,Monaco,California,Garyshire,Office Supplies,Binders,Car,2,94.73,0.19,15.08,153.46,24.48,0.16,Critical,Net Banking
ORD-10877,2023-02-08,Feb,2023,Tina Peterson,VIP,Corporate,South,Uruguay,Hawaii,Matthewfurt,Office Supplies,Binders,Bring,6,106.63,0.11,44.71,569.4,-10.04,-0.02,Low,Net Banking
ORD-10878,2022-11-26,Nov,2022,Robert Cook,VIP,Home Office,West,Brazil,Idaho,Port Robert,Technology,Phones,Concern,4,396.71,0.12,40.69,1396.42,261.07,0.19,Critical,Cash
ORD-10879,2024-10-09,Oct,2024,Lori Holmes,Returning,Consumer,North,Dominican Republic,Pennsylvania,West Theresachester,Furniture,Bookcases,Relate,10,668.48,0.08,21.19,6150.02,1010.58,0.16,High,Card
ORD-10880,2024-03-13,Mar,2024,Elizabeth Fernandez,VIP,Home Office,West,Sao Tome and Principe,Maryland,Hamiltonfurt,Office Supplies,Binders,Choice,9,236.17,0.23,26.41,1636.66,454.64,0.28,Medium,Cash
ORD-10881,2023-01-04,Jan,2023,Norma Mejia,VIP,Consumer,West,United States Virgin Islands,Pennsylvania,Charlestown,Technology,Phones,Little,7,341.42,0.03,30.86,2318.24,326.07,0.14,Medium,Card
ORD-10882,2024-04-12,Apr,2024,Stephanie Collins,New,Consumer,South,Israel,Vermont,West Kayla,Office Supplies,Storage,Total,1,610.12,0.16,13.21,512.5,57.25,0.11,Low,Net Banking
ORD-10883,2024-07-28,Jul,2024,Elizabeth Patel,Returning,Home Office,West,Madagascar,Rhode Island,Kimberlyshire,Office Supplies,Storage,Manager,3,687.26,0.22,10.03,1608.19,5.61,0.0,High,UPI
ORD-10884,2024-05-24,May,2024,Jared Campbell DDS,VIP,Consumer,South,Eritrea,Iowa,North Kevin,Technology,Phones,Skill,10,326.72,0.25,32.43,2450.4,191.55,0.08,Low,UPI
ORD-10885,2025-08-06,Aug,2025,Brian Estrada,Returning,Corporate,North,Cote d'Ivoire,Pennsylvania,Goodmanport,Technology,Accessories,Focus,5,177.59,0.06,17.54,834.67,39.75,0.05,Low,Net Banking
ORD-10886,2024-09-25,Sep,2024,Larry Patterson,Returning,Home Office,South,San Marino,South Dakota,West Lauraborough,Office Supplies,Storage,Which,1,262.95,0.26,40.95,194.58,-12.45,-0.06,Low,Net Banking
ORD-10887,2023-12-17,Dec,2023,Daniel Clark,Returning,Consumer,Central,Martinique,Georgia,West Lori,Furniture,Bookcases,Decide,5,110.28,0.09,37.36,501.77,-19.44,-0.04,Critical,Net Banking
ORD-10888,2024-11-23,Nov,2024,Andrew Wilson,New,Corporate,Central,El Salvador,New Jersey,Langland,Office Supplies,Paper,Site,8,703.66,0.07,6.96,5235.23,433.87,0.08,Low,Card
ORD-10889,2024-10-30,Oct,2024,Albert Barnes,Returning,Home Office,West,Greenland,Wisconsin,Stephanieport,Furniture,Tables,Into,5,706.11,0.22,22.61,2753.83,-144.39,-0.05,Low,Net Banking
ORD-10890,2025-01-05,Jan,2025,Lucas Wilson,New,Consumer,Central,Tunisia,Minnesota,Lake Jared,Office Supplies,Binders,Music,10,689.71,0.16,19.9,5793.56,904.38,0.16,Critical,Cash
ORD-10891,2025-05-01,May,2025,Andrea Fuentes,Returning,Corporate,North,Venezuela,North Carolina,New Jessica,Office Supplies,Storage,Rather,9,155.79,0.03,48.41,1360.05,348.07,0.26,Medium,Net Banking
ORD-10892,2023-11-16,Nov,2023,Dr. Brian Jackson,New,Home Office,South,Martinique,Illinois,Robertmouth,Office Supplies,Storage,Because,7,67.47,0.04,20.83,453.4,90.64,0.2,High,Card
ORD-10893,2023-08-30,Aug,2023,Kathleen Romero,Returning,Home Office,West,Estonia,Alabama,South Brittanychester,Office Supplies,Binders,During,1,175.24,0.23,26.91,134.93,36.22,0.27,High,Cash
ORD-10894,2024-08-23,Aug,2024,Michael Ellis,VIP,Corporate,West,Singapore,Kentucky,South Lawrenceborough,Furniture,Bookcases,Your,2,330.64,0.06,28.11,621.6,-44.19,-0.07,Low,Net Banking
ORD-10895,2025-06-14,Jun,2025,Andrew Stephens,Returning,Corporate,East,Lithuania,California,West Travis,Office Supplies,Paper,Better,2,360.39,0.03,31.59,699.16,58.0,0.08,Medium,Net Banking
ORD-10896,2025-09-14,Sep,2025,William Wright,VIP,Consumer,North,Papua New Guinea,Colorado,Michaelhaven,Technology,Accessories,Real,7,203.26,0.26,7.04,1052.89,283.43,0.27,High,Card
ORD-10897,2025-06-15,Jun,2025,Stephanie Dickson,New,Corporate,North,Kazakhstan,South Carolina,Jamesberg,Furniture,Chairs,Arm,9,246.64,0.03,30.12,2153.17,595.72,0.28,Medium,UPI
ORD-10898,2025-03-26,Mar,2025,Brian Lowe,New,Consumer,East,United States Virgin Islands,California,Reynoldsview,Furniture,Tables,Team,10,547.34,0.12,46.41,4816.59,1087.93,0.23,Low,UPI
ORD-10899,2023-04-18,Apr,2023,Margaret Harding,New,Home Office,North,Israel,Alabama,Lake Dale,Furniture,Chairs,Believe,9,579.93,0.07,37.12,4854.01,-7.44,0.0,Low,Cash
ORD-10900,2025-10-04,Oct,2025,Joshua Nash,VIP,Corporate,South,Christmas Island,Maryland,New Kimberly,Technology,Laptops,Special,9,77.18,0.04,31.31,666.84,36.12,0.05,Low,Cash
ORD-10901,2025-01-11,Jan,2025,Kelly King,New,Home Office,North,Benin,Nebraska,New Russellfurt,Furniture,Tables,Capital,5,186.55,0.25,27.57,699.56,58.54,0.08,Low,Cash
ORD-10902,2023-09-09,Sep,2023,Richard Gallagher,New,Corporate,North,Guadeloupe,Connecticut,Lake Craig,Furniture,Bookcases,It,8,203.17,0.14,15.85,1397.81,193.29,0.14,Critical,Net Banking
ORD-10903,2023-05-26,May,2023,Beth Goodman,New,Consumer,East,Cape Verde,New Mexico,Jessicamouth,Furniture,Chairs,Gun,2,616.32,0.17,22.2,1023.09,-91.85,-0.09,Medium,Net Banking
ORD-10904,2023-09-23,Sep,2023,Teresa Robbins,New,Corporate,North,Slovakia (Slovak Republic),Montana,Romeroberg,Office Supplies,Binders,Simply,8,237.49,0.08,19.11,1747.93,-88.02,-0.05,Medium,UPI
ORD-10905,2025-05-23,May,2025,Tiffany Garrison,New,Corporate,Central,Bhutan,Illinois,Victoriatown,Office Supplies,Binders,Show,10,387.23,0.26,47.48,2865.5,-257.66,-0.09,Critical,Net Banking
ORD-10906,2024-06-20,Jun,2024,Gary Haney,VIP,Corporate,North,Guinea-Bissau,Florida,Jacobburgh,Technology,Laptops,Campaign,5,653.35,0.0,20.07,3266.75,-115.63,-0.04,Critical,Card
ORD-10907,2025-08-27,Aug,2025,Ryan Flores,New,Consumer,Central,French Polynesia,Minnesota,Carolyntown,Furniture,Bookcases,Sport,3,679.71,0.21,27.43,1610.91,262.79,0.16,Low,Net Banking
ORD-10908,2023-04-22,Apr,2023,Nathan Fernandez,New,Home Office,South,Palestinian Territory,Vermont,Curtisview,Technology,Laptops,Political,3,25.93,0.14,41.06,66.9,4.01,0.06,High,Cash
ORD-10909,2024-05-19,May,2024,Cheryl Hampton,VIP,Corporate,North,Cambodia,Washington,West Stephanieburgh,Office Supplies,Paper,Record,3,308.87,0.08,18.96,852.48,-9.04,-0.01,Medium,UPI
ORD-10910,2023-04-13,Apr,2023,Matthew Green,New,Corporate,North,Colombia,Ohio,Michaelville,Furniture,Bookcases,Which,7,191.59,0.07,19.84,1247.25,13.73,0.01,Medium,Card
ORD-10911,2024-07-21,Jul,2024,Adam Ali,New,Home Office,South,Austria,Maine,Diazton,Office Supplies,Storage,Evidence,7,716.11,0.16,5.76,4210.73,1236.58,0.29,High,Card
ORD-10912,2023-06-24,Jun,2023,Elizabeth Davenport,New,Corporate,East,Jersey,Illinois,Lake Amanda,Furniture,Bookcases,Instead,7,28.54,0.12,47.83,175.81,15.93,0.09,High,Cash
ORD-10913,2024-11-12,Nov,2024,Susan Cardenas,New,Consumer,South,Falkland Islands (Malvinas),Arkansas,Gutierrezstad,Furniture,Tables,Experience,8,14.39,0.17,18.4,95.55,18.33,0.19,High,Card
ORD-10914,2023-04-10,Apr,2023,William Mendoza,New,Home Office,West,Isle of Man,Indiana,Port Allisonberg,Office Supplies,Storage,Especially,8,82.29,0.15,7.48,559.57,167.2,0.3,Critical,Net Banking
ORD-10915,2025-03-12,Mar,2025,Kayla Thornton,VIP,Home Office,West,Saint Lucia,West Virginia,Tranland,Furniture,Chairs,Sister,8,665.52,0.19,6.86,4312.57,-105.5,-0.02,High,Net Banking
ORD-10916,2023-11-22,Nov,2023,Jimmy Harris,VIP,Consumer,East,Monaco,Colorado,Mortonland,Furniture,Tables,Course,6,533.28,0.19,36.65,2591.74,213.38,0.08,Medium,Card
ORD-10917,2024-09-22,Sep,2024,Mr. John Gaines Jr.,VIP,Corporate,East,Syrian Arab Republic,Wyoming,North Christopher,Office Supplies,Binders,These,5,46.59,0.28,34.51,167.72,14.0,0.08,Low,UPI
ORD-10918,2023-01-20,Jan,2023,Eric Mann,New,Corporate,West,Bangladesh,Idaho,East Amanda,Furniture,Bookcases,Bill,10,721.57,0.15,39.15,6133.35,-405.6,-0.07,Critical,Card
ORD-10919,2024-05-24,May,2024,Curtis Gonzalez,New,Consumer,West,Tanzania,Ohio,North Allenhaven,Furniture,Chairs,Choose,4,792.27,0.01,36.55,3137.39,442.93,0.14,High,Net Banking
ORD-10920,2024-07-25,Jul,2024,Laura Torres,Returning,Consumer,Central,Martinique,Montana,Kimbury,Furniture,Bookcases,Likely,3,63.11,0.12,36.7,166.61,3.06,0.02,Low,Cash
ORD-10921,2024-11-15,Nov,2024,Samuel Rodriguez,VIP,Home Office,North,Albania,Rhode Island,Lake Eddie,Furniture,Tables,Support,3,111.6,0.1,5.35,301.32,16.46,0.05,High,Card
ORD-10922,2023-02-15,Feb,2023,Isaiah Macdonald,Returning,Corporate,North,Jamaica,Virginia,Bonnieburgh,Office Supplies,Binders,Why,10,340.14,0.24,33.81,2585.06,239.1,0.09,Critical,Card
ORD-10923,2025-02-08,Feb,2025,Brian Rice,Returning,Consumer,East,Bulgaria,Nevada,Moralesview,Office Supplies,Storage,Middle,2,702.38,0.01,43.71,1390.71,-115.47,-0.08,Critical,UPI
ORD-10924,2024-04-23,Apr,2024,Alexander Mccarthy,Returning,Corporate,Central,Gambia,Nebraska,Smithstad,Technology,Laptops,Memory,6,753.39,0.11,36.18,4023.1,-81.1,-0.02,Low,UPI
ORD-10925,2024-03-07,Mar,2024,Randy Webster,New,Corporate,East,Haiti,Hawaii,Lake Linda,Office Supplies,Binders,Lay,4,583.97,0.22,20.61,1821.99,-140.85,-0.08,Medium,Card
ORD-10926,2024-02-29,Feb,2024,Derek Morrow,New,Corporate,Central,Guyana,Tennessee,Lake Frederick,Technology,Laptops,Bit,9,533.53,0.04,22.48,4609.7,42.67,0.01,Critical,Net Banking
ORD-10927,2023-09-25,Sep,2023,Danielle Salazar,Returning,Corporate,South,Slovakia (Slovak Republic),Mississippi,East Jeremymouth,Technology,Accessories,On,6,707.86,0.12,42.68,3737.5,229.3,0.06,Medium,UPI
ORD-10928,2023-06-22,Jun,2023,Edward Martinez,Returning,Home Office,South,Isle of Man,Illinois,Lake Jennifer,Technology,Laptops,Push,7,798.41,0.24,49.71,4247.54,318.46,0.07,Critical,Card
ORD-10929,2024-04-21,Apr,2024,Russell Gordon,Returning,Home Office,West,Italy,Colorado,Johnsonmouth,Office Supplies,Binders,Act,5,602.35,0.14,38.33,2590.11,640.83,0.25,Critical,Cash
ORD-10930,2023-02-03,Feb,2023,Madeline Sims,VIP,Home Office,East,Wallis and Futuna,Vermont,East Christineborough,Technology,Phones,Detail,4,122.95,0.19,32.1,398.36,72.85,0.18,High,Cash
ORD-10931,2024-08-29,Aug,2024,Melissa Rogers,New,Consumer,South,Oman,Idaho,Amberfurt,Office Supplies,Paper,Continue,2,503.75,0.05,8.97,957.12,159.44,0.17,Critical,Cash
ORD-10932,2025-03-04,Mar,2025,Paul Adams,New,Home Office,Central,Saint Lucia,California,Lake Jessicatown,Office Supplies,Storage,Everybody,8,116.47,0.16,42.26,782.68,77.85,0.1,Low,Card
ORD-10933,2024-03-25,Mar,2024,Devin Bennett,New,Corporate,East,Angola,Nevada,New Rogerstad,Furniture,Chairs,Buy,5,512.65,0.01,5.69,2537.62,-240.2,-0.09,Critical,Net Banking
ORD-10934,2023-08-29,Aug,2023,Jennifer Ingram,Returning,Consumer,South,Equatorial Guinea,Minnesota,Lake Jennifer,Furniture,Bookcases,Home,3,685.15,0.22,6.63,1603.25,-138.62,-0.09,Critical,Cash
ORD-10935,2025-05-16,May,2025,Benjamin Lee,VIP,Corporate,North,Czech Republic,Wyoming,New Meredithmouth,Office Supplies,Binders,Wear,10,13.97,0.17,19.22,115.95,10.72,0.09,Low,Cash
ORD-10936,2025-06-17,Jun,2025,Stephanie Kim,Returning,Consumer,Central,Morocco,Washington,Karenland,Furniture,Tables,Final,6,693.99,0.23,40.89,3206.23,-280.82,-0.09,Medium,Card
ORD-10937,2024-07-03,Jul,2024,Cynthia Hicks,VIP,Corporate,East,Saint Lucia,Arizona,Gonzalezside,Technology,Accessories,Speech,7,399.73,0.08,42.6,2574.26,80.78,0.03,Critical,UPI
ORD-10938,2023-09-07,Sep,2023,Kenneth Robbins,New,Consumer,Central,Malta,Idaho,Kennedymouth,Office Supplies,Storage,Officer,8,491.13,0.23,44.03,3025.36,-151.18,-0.05,High,Net Banking
ORD-10939,2024-09-13,Sep,2024,Katie Woods,New,Consumer,Central,Iraq,Tennessee,South Thomasfurt,Office Supplies,Paper,Of,1,245.14,0.25,30.97,183.85,46.1,0.25,Low,UPI
ORD-10940,2025-10-31,Oct,2025,Shannon Griffith,Returning,Home Office,West,Egypt,Missouri,Port Lisa,Technology,Phones,Something,3,737.82,0.12,18.72,1947.84,249.48,0.13,High,Net Banking
ORD-10941,2025-06-23,Jun,2025,Yvonne Richard,VIP,Home Office,West,Slovakia (Slovak Republic),Maryland,Robertland,Office Supplies,Binders,Tv,9,389.29,0.03,7.99,3398.5,312.16,0.09,Critical,UPI
ORD-10942,2025-01-06,Jan,2025,Susan Ayala,VIP,Consumer,Central,Brunei Darussalam,Georgia,Anntown,Furniture,Bookcases,Ball,9,476.34,0.21,23.59,3386.78,-122.48,-0.04,Low,Net Banking
ORD-10943,2024-04-04,Apr,2024,Cheryl Koch,Returning,Consumer,East,Lebanon,New Hampshire,New Brianville,Furniture,Bookcases,Herself,1,148.46,0.09,27.8,135.1,40.45,0.3,Low,Card
ORD-10944,2024-06-05,Jun,2024,Eric Nguyen,New,Corporate,South,Djibouti,Kansas,Leonland,Office Supplies,Binders,You,9,46.82,0.1,39.71,379.24,-30.76,-0.08,Medium,Card
ORD-10945,2024-02-11,Feb,2024,Alexa Kim,New,Corporate,West,Saudi Arabia,West Virginia,Port Jordanstad,Office Supplies,Binders,Old,1,299.44,0.2,36.69,239.55,26.89,0.11,High,Net Banking
ORD-10946,2025-03-22,Mar,2025,Angela Mendoza,Returning,Home Office,Central,Latvia,Kentucky,Mccarthychester,Furniture,Tables,Day,5,635.62,0.11,28.15,2828.51,384.66,0.14,Critical,UPI
ORD-10947,2025-09-05,Sep,2025,Taylor Williams,VIP,Consumer,East,Solomon Islands,California,Hartmanberg,Office Supplies,Storage,Huge,4,600.72,0.2,14.77,1922.3,127.48,0.07,Critical,UPI
ORD-10948,2024-02-29,Feb,2024,Richard Powell,Returning,Consumer,East,Cook Islands,South Dakota,East Johnside,Furniture,Tables,Morning,2,252.97,0.09,36.96,460.41,29.31,0.06,Critical,Net Banking
ORD-10949,2024-08-28,Aug,2024,Michelle Johnson,Returning,Corporate,South,Lithuania,Rhode Island,Duncanmouth,Furniture,Tables,Especially,1,292.64,0.17,12.76,242.89,2.51,0.01,Low,Cash
ORD-10950,2024-10-26,Oct,2024,Colleen Schneider,Returning,Consumer,East,Cocos (Keeling) Islands,Michigan,West Cassandra,Furniture,Chairs,Agree,8,705.25,0.01,28.49,5585.58,1668.13,0.3,High,UPI
ORD-10951,2025-04-20,Apr,2025,Julia Harris,VIP,Home Office,East,Guatemala,Alaska,Lake Angela,Furniture,Tables,Go,9,320.97,0.05,17.36,2744.29,369.66,0.13,Low,Card
ORD-10952,2025-10-15,Oct,2025,Thomas Ross,VIP,Home Office,East,Sri Lanka,Kansas,Holmeshaven,Office Supplies,Paper,Politics,6,344.1,0.11,47.0,1837.49,159.97,0.09,Medium,Cash
ORD-10953,2023-04-22,Apr,2023,Sean Boyd,VIP,Home Office,East,Bahrain,Indiana,New Maria,Technology,Accessories,Try,2,782.18,0.27,32.7,1141.98,256.92,0.22,Low,Card
ORD-10954,2023-08-25,Aug,2023,Michael Daniels,VIP,Home Office,Central,San Marino,Illinois,Lindseyshire,Office Supplies,Binders,Then,1,262.35,0.1,33.39,236.12,37.32,0.16,Critical,Card
ORD-10955,2023-05-29,May,2023,Amber Weber,New,Corporate,South,Tunisia,South Carolina,Port Steven,Technology,Laptops,Although,2,257.08,0.25,18.67,385.62,47.92,0.12,Low,Net Banking
ORD-10956,2023-01-30,Jan,2023,Dr. Felicia Berry,Returning,Consumer,North,Guernsey,North Carolina,Tinaburgh,Technology,Phones,Drug,9,786.57,0.28,22.41,5096.97,-433.47,-0.09,Medium,Net Banking
ORD-10957,2023-09-22,Sep,2023,Shannon Stein,VIP,Home Office,East,Mozambique,Rhode Island,Chaneybury,Furniture,Tables,Father,8,225.49,0.04,18.87,1731.76,40.61,0.02,Critical,Cash
ORD-10958,2023-02-01,Feb,2023,Timothy Hall,VIP,Home Office,East,Puerto Rico,New Mexico,Port Deborahburgh,Office Supplies,Storage,Him,4,232.03,0.28,44.53,668.25,142.85,0.21,Low,Cash
ORD-10959,2025-09-18,Sep,2025,Brooke Lee,New,Home Office,East,Botswana,Ohio,Bakerville,Furniture,Chairs,Weight,4,89.65,0.26,38.87,265.36,79.42,0.3,Critical,Net Banking
ORD-10960,2024-05-24,May,2024,Alison Henry,Returning,Home Office,West,South Africa,South Dakota,Gonzalesfort,Furniture,Chairs,Over,7,248.79,0.13,20.38,1515.13,390.54,0.26,Critical,Cash
ORD-10961,2023-10-22,Oct,2023,Sarah Camacho,Returning,Consumer,North,Brazil,Pennsylvania,Samuelbury,Furniture,Bookcases,Figure,7,264.44,0.13,10.3,1610.44,129.62,0.08,Critical,Cash
ORD-10962,2023-03-15,Mar,2023,Christopher Fitzgerald,Returning,Home Office,South,Gambia,New Mexico,Tiffanymouth,Technology,Accessories,Those,5,675.63,0.02,16.63,3310.59,-215.27,-0.07,High,Card
ORD-10963,2024-02-04,Feb,2024,Shawn Morgan,New,Home Office,South,Brazil,Oklahoma,Franklinton,Technology,Phones,International,4,776.87,0.24,42.12,2361.68,652.52,0.28,High,Card
ORD-10964,2024-09-07,Sep,2024,Matthew Holt,Returning,Consumer,Central,Hong Kong,Idaho,Tarachester,Furniture,Tables,Himself,4,347.32,0.06,41.47,1305.92,138.3,0.11,High,Net Banking
ORD-10965,2023-06-26,Jun,2023,Cathy Lee,New,Corporate,East,Lao People's Democratic Republic,Alabama,Jamesville,Technology,Laptops,Listen,7,500.23,0.24,15.43,2661.22,633.82,0.24,Critical,Card
ORD-10966,2023-11-30,Nov,2023,Garrett White,Returning,Consumer,North,Djibouti,Maine,Gallagherton,Furniture,Tables,Free,3,19.6,0.04,7.46,56.45,5.82,0.1,Low,Cash
ORD-10967,2025-10-24,Oct,2025,Nicole Sanchez,VIP,Consumer,North,Bahamas,North Carolina,Timothyburgh,Office Supplies,Binders,Account,3,757.56,0.13,43.19,1977.23,293.8,0.15,Critical,UPI
ORD-10968,2025-07-04,Jul,2025,Rebecca Garcia,Returning,Consumer,Central,Afghanistan,Alaska,Ninaberg,Furniture,Chairs,Really,10,140.44,0.25,46.14,1053.3,-59.58,-0.06,High,UPI
ORD-10969,2025-05-21,May,2025,John Barajas,VIP,Home Office,North,New Caledonia,California,Richardfurt,Furniture,Tables,Another,5,492.13,0.3,38.1,1722.45,-80.94,-0.05,Critical,Cash
ORD-10970,2022-12-01,Dec,2022,Maria Aguirre,Returning,Corporate,North,Gibraltar,New Hampshire,Loganberg,Technology,Laptops,Participant,9,362.25,0.2,31.46,2608.2,-236.51,-0.09,Low,Card
ORD-10971,2024-04-03,Apr,2024,Robert Harrell,Returning,Consumer,West,Heard Island and McDonald Islands,New Hampshire,North Sandrastad,Furniture,Bookcases,The,4,213.89,0.1,5.18,770.0,-8.03,-0.01,Low,Cash
ORD-10972,2025-03-25,Mar,2025,Shelley Johnson,New,Home Office,West,Korea,Mississippi,New Jacqueline,Office Supplies,Storage,Education,5,52.19,0.02,40.31,255.73,-12.68,-0.05,Critical,Card
ORD-10973,2024-06-13,Jun,2024,Brian Johnson,Returning,Home Office,Central,Indonesia,Illinois,Greerfort,Office Supplies,Paper,Page,9,350.23,0.07,20.94,2931.43,579.29,0.2,Low,UPI
ORD-10974,2025-05-09,May,2025,Cory Goodwin,VIP,Home Office,Central,Belgium,Georgia,West Davidhaven,Furniture,Bookcases,Instead,4,644.34,0.02,35.03,2525.81,457.29,0.18,Critical,Net Banking
ORD-10975,2023-08-26,Aug,2023,Peter Price,Returning,Consumer,East,Tunisia,Rhode Island,Williamsborough,Furniture,Chairs,Public,1,339.1,0.18,19.38,278.06,26.67,0.1,Medium,Card
ORD-10976,2025-03-06,Mar,2025,Bryan Bennett,VIP,Consumer,South,Latvia,Arkansas,West Debbieview,Furniture,Bookcases,Many,7,178.4,0.23,15.54,961.58,-51.9,-0.05,Critical,UPI
ORD-10977,2023-10-07,Oct,2023,Edward Dyer,Returning,Corporate,West,Faroe Islands,Massachusetts,West Billytown,Technology,Laptops,Discover,3,93.83,0.12,39.1,247.71,39.63,0.16,Medium,Card
ORD-10978,2023-07-11,Jul,2023,Brianna Mcmahon,Returning,Corporate,East,Paraguay,Washington,Warrenmouth,Office Supplies,Paper,At,1,147.36,0.19,35.67,119.36,-3.68,-0.03,Medium,Net Banking
ORD-10979,2023-07-01,Jul,2023,Frank Klein,New,Corporate,East,Guernsey,Oregon,East Brianna,Furniture,Chairs,Mother,4,683.73,0.12,36.88,2406.73,638.94,0.27,Medium,Card
ORD-10980,2024-07-24,Jul,2024,Susan Hernandez,Returning,Home Office,West,Equatorial Guinea,New Mexico,Lake Huntermouth,Furniture,Bookcases,Affect,4,664.69,0.27,30.61,1940.89,485.86,0.25,Critical,Cash
ORD-10981,2024-02-24,Feb,2024,Teresa Oneill,VIP,Corporate,North,United Kingdom,Wisconsin,South Ericaview,Office Supplies,Storage,Buy,4,84.02,0.14,14.78,289.03,50.96,0.18,Low,Cash
ORD-10982,2025-11-05,Nov,2025,Amy Hernandez,New,Corporate,East,Congo,California,Cassandramouth,Technology,Accessories,Morning,3,463.64,0.17,33.48,1154.46,264.31,0.23,Critical,Net Banking
ORD-10983,2025-09-05,Sep,2025,Claudia Pacheco,VIP,Consumer,Central,Christmas Island,Rhode Island,West Rebecca,Furniture,Tables,Medical,3,590.86,0.08,30.31,1630.77,59.92,0.04,High,Card
ORD-10984,2025-08-17,Aug,2025,Dana Larson,New,Home Office,Central,Congo,Kentucky,Theresatown,Furniture,Bookcases,Agency,5,76.64,0.04,33.45,367.87,106.94,0.29,High,UPI
ORD-10985,2023-09-11,Sep,2023,Colin Cuevas,New,Consumer,North,Netherlands Antilles,Oklahoma,East Danielmouth,Technology,Laptops,Camera,7,759.5,0.07,48.45,4944.34,829.47,0.17,Medium,UPI
ORD-10986,2024-03-07,Mar,2024,Carlos Miller,New,Home Office,South,Lesotho,Oklahoma,South Amandaburgh,Office Supplies,Paper,Give,8,53.87,0.02,6.65,422.34,73.64,0.17,High,UPI
ORD-10987,2025-09-16,Sep,2025,Alexandra Martinez,New,Home Office,West,New Caledonia,Maryland,Caldwellfurt,Office Supplies,Paper,Become,7,57.7,0.15,29.75,343.31,97.17,0.28,Medium,UPI
ORD-10988,2025-05-21,May,2025,Jasmine Williams,VIP,Home Office,East,United States Minor Outlying Islands,Idaho,Aliciaborough,Technology,Phones,Community,9,155.98,0.26,24.58,1038.83,16.98,0.02,Medium,Card
ORD-10989,2024-06-27,Jun,2024,Spencer Conner,New,Consumer,Central,Brazil,California,West Bonnie,Technology,Phones,Ball,1,300.52,0.18,9.97,246.43,53.52,0.22,Low,Cash
ORD-10990,2023-02-04,Feb,2023,Janice White,VIP,Consumer,Central,Martinique,Idaho,Lake Chloemouth,Technology,Phones,Speak,2,415.79,0.09,48.87,756.74,-59.22,-0.08,Medium,Net Banking
ORD-10991,2024-11-20,Nov,2024,Leah Sanders,Returning,Corporate,Central,Madagascar,New York,Matthewport,Furniture,Tables,Rest,5,246.84,0.17,48.8,1024.39,30.08,0.03,Medium,UPI
ORD-10992,2024-01-23,Jan,2024,Kenneth Hanson,VIP,Home Office,North,Qatar,Utah,Peterfort,Furniture,Tables,Item,5,689.81,0.07,19.14,3207.62,-26.41,-0.01,Critical,Card
ORD-10993,2023-08-22,Aug,2023,Sarah Padilla,Returning,Home Office,East,Eritrea,Mississippi,Markview,Technology,Accessories,Reduce,5,503.59,0.26,36.69,1863.28,100.31,0.05,High,Cash
ORD-10994,2023-07-18,Jul,2023,Christy Blake,New,Consumer,South,Sao Tome and Principe,Minnesota,Lake Cynthiafurt,Office Supplies,Storage,Society,5,150.43,0.27,42.4,549.07,71.35,0.13,High,UPI
ORD-10995,2024-04-12,Apr,2024,Robert Jones,New,Consumer,North,Sudan,Alaska,Port Katelynside,Technology,Accessories,Age,3,305.2,0.22,40.35,714.17,44.7,0.06,Medium,UPI
ORD-10996,2024-03-08,Mar,2024,David English,VIP,Home Office,West,United States Virgin Islands,Vermont,Lake Justin,Office Supplies,Storage,Couple,5,259.88,0.04,21.54,1247.42,225.81,0.18,Low,UPI
ORD-10997,2024-05-18,May,2024,Gina Moore,Returning,Home Office,North,Macao,Texas,Veronicamouth,Office Supplies,Binders,Treat,2,548.25,0.26,48.82,811.41,232.94,0.29,Low,Net Banking
ORD-10998,2023-10-16,Oct,2023,James Freeman,New,Consumer,South,Guam,Utah,Stevensshire,Technology,Accessories,This,2,38.56,0.2,31.78,61.7,-2.06,-0.03,Medium,Net Banking
ORD-10999,2024-03-29,Mar,2024,Monica Morrison,Returning,Home Office,North,Chile,Montana,Dunlapburgh,Office Supplies,Storage,Glass,1,691.58,0.13,28.12,601.67,37.91,0.06,Critical,Card
ORD-11000,2023-07-18,Jul,2023,Brian Woods,VIP,Corporate,North,Netherlands Antilles,Hawaii,Amandaville,Technology,Accessories,By,10,416.97,0.1,34.09,3752.73,260.73,0.07,Low,Net Banking
ORD-11001,2025-06-10,Jun,2025,Lance Knight,Returning,Home Office,East,Libyan Arab Jamahiriya,Illinois,East Travistown,Technology,Phones,Leader,9,291.44,0.3,38.83,1836.07,155.41,0.08,Critical,UPI
ORD-11002,2023-02-03,Feb,2023,James Williams,New,Home Office,Central,Marshall Islands,Connecticut,East Samuel,Technology,Laptops,His,2,699.38,0.08,38.54,1286.86,223.37,0.17,High,Cash
ORD-11003,2025-08-23,Aug,2025,Kristen Jackson,Returning,Corporate,North,Sao Tome and Principe,New Mexico,West John,Office Supplies,Binders,Billion,10,586.07,0.16,34.92,4922.99,473.25,0.1,Medium,Cash
ORD-11004,2024-03-08,Mar,2024,John Cruz,New,Home Office,North,Burundi,Indiana,Justinburgh,Furniture,Tables,Gun,5,467.52,0.05,10.09,2220.72,80.12,0.04,Critical,Net Banking
ORD-11005,2023-07-20,Jul,2023,James West,VIP,Corporate,North,Bosnia and Herzegovina,Kansas,New Meghan,Technology,Accessories,Such,4,263.13,0.14,47.39,905.17,-26.83,-0.03,Critical,Card
ORD-11006,2023-05-03,May,2023,Randall Friedman,New,Corporate,West,Netherlands,Arkansas,West Jackmouth,Office Supplies,Storage,Term,8,542.84,0.0,6.6,4342.72,-200.65,-0.05,Low,UPI
ORD-11007,2024-12-17,Dec,2024,Sarah Williams,New,Consumer,North,Djibouti,Alabama,North Alexandraside,Office Supplies,Storage,Impact,3,644.9,0.15,36.08,1644.49,384.76,0.23,High,Card
ORD-11008,2024-03-20,Mar,2024,Sara Giles,New,Home Office,West,Haiti,Maine,Johnborough,Furniture,Bookcases,Inside,6,642.36,0.03,27.02,3738.54,196.6,0.05,High,Net Banking
ORD-11009,2022-12-14,Dec,2022,Gloria King,New,Corporate,East,Togo,Florida,New John,Furniture,Chairs,Others,1,587.17,0.02,25.73,575.43,112.6,0.2,High,Cash
ORD-11010,2025-07-02,Jul,2025,Steven Dickson,Returning,Home Office,Central,Cayman Islands,Indiana,Patricialand,Technology,Phones,Sport,9,486.49,0.01,22.11,4334.63,1057.6,0.24,Medium,Card
ORD-11011,2023-08-15,Aug,2023,Justin Silva,VIP,Corporate,East,United States Virgin Islands,Nebraska,West Yolanda,Technology,Accessories,Once,1,148.53,0.27,26.07,108.43,16.42,0.15,Low,UPI
ORD-11012,2023-08-13,Aug,2023,Alex Jensen,Returning,Home Office,West,French Polynesia,Nebraska,New Collin,Furniture,Chairs,Thank,8,581.34,0.04,34.81,4464.69,84.71,0.02,Low,Cash
ORD-11013,2024-01-25,Jan,2024,Brian Gray,VIP,Corporate,North,Barbados,Wisconsin,Lake Desireeland,Technology,Phones,Per,3,182.04,0.24,33.26,415.05,91.93,0.22,Low,Card
ORD-11014,2024-08-14,Aug,2024,Calvin Hoffman,Returning,Home Office,South,Niue,Kentucky,Youngport,Office Supplies,Paper,Law,6,444.82,0.24,17.43,2028.38,583.59,0.29,Medium,Cash
ORD-11015,2025-03-02,Mar,2025,Glenn Chen,Returning,Consumer,Central,Liechtenstein,Oklahoma,Welchport,Furniture,Bookcases,Run,7,456.72,0.09,30.34,2909.31,-192.11,-0.07,Medium,Card
ORD-11016,2025-06-12,Jun,2025,Sean Wilson,VIP,Consumer,South,United States of America,Colorado,Lake David,Technology,Accessories,Question,1,743.34,0.14,49.35,639.27,105.64,0.17,High,Card
ORD-11017,2024-01-30,Jan,2024,Mrs. Michaela Macias,New,Home Office,North,United States Virgin Islands,Iowa,Frazierton,Furniture,Tables,Part,10,153.83,0.02,32.49,1507.53,338.66,0.22,Critical,Net Banking
ORD-11018,2024-03-31,Mar,2024,Lauren Jones,New,Corporate,South,Zimbabwe,North Dakota,West William,Furniture,Bookcases,Strong,9,651.33,0.04,17.74,5627.49,-209.89,-0.04,Low,Net Banking
ORD-11019,2023-09-12,Sep,2023,David Frost,VIP,Consumer,East,Turkmenistan,New York,Brittneystad,Office Supplies,Paper,Investment,2,724.1,0.27,16.48,1057.19,178.05,0.17,Low,Card
ORD-11020,2023-06-01,Jun,2023,Brooke Ramsey DDS,Returning,Home Office,East,Niger,Ohio,North Veronica,Office Supplies,Paper,If,1,538.48,0.17,19.02,446.94,-28.46,-0.06,High,UPI
ORD-11021,2024-06-13,Jun,2024,Katherine Esparza,New,Corporate,North,Nepal,New Jersey,Gomezmouth,Office Supplies,Binders,Possible,7,256.36,0.18,18.1,1471.51,316.03,0.21,Critical,Card
ORD-11022,2024-03-20,Mar,2024,Patricia Hernandez,VIP,Consumer,West,Bosnia and Herzegovina,California,Ritaland,Furniture,Bookcases,Actually,4,658.62,0.29,42.39,1870.48,-88.87,-0.05,Critical,Card
ORD-11023,2023-07-01,Jul,2023,Kimberly Clark,VIP,Corporate,South,Puerto Rico,Montana,East Parker,Technology,Accessories,Real,9,160.97,0.22,41.85,1130.01,233.06,0.21,High,UPI
ORD-11024,2023-01-17,Jan,2023,Peter Maldonado MD,Returning,Corporate,South,Bahamas,North Dakota,Lake Mariahland,Office Supplies,Paper,Green,10,770.62,0.15,16.78,6550.27,-619.66,-0.09,High,UPI
ORD-11025,2023-01-18,Jan,2023,Julie Estrada,VIP,Corporate,Central,Thailand,Pennsylvania,West Joshuafurt,Office Supplies,Paper,Carry,1,228.31,0.09,47.44,207.76,-6.46,-0.03,High,Cash
ORD-11026,2024-03-16,Mar,2024,Dawn Bennett,New,Corporate,South,South Africa,New Hampshire,Lake Alan,Technology,Accessories,Scene,4,49.14,0.08,28.08,180.84,16.93,0.09,Critical,Card
ORD-11027,2024-10-01,Oct,2024,Vernon Alvarez,New,Home Office,Central,Italy,Louisiana,Jamesshire,Furniture,Tables,Ahead,5,577.0,0.09,37.22,2625.35,171.69,0.07,Critical,Net Banking
ORD-11028,2023-01-08,Jan,2023,Leslie Brown,Returning,Consumer,North,Lao People's Democratic Republic,California,Port Patrick,Furniture,Bookcases,Them,3,209.93,0.22,49.73,491.24,127.62,0.26,Medium,Cash
ORD-11029,2023-07-15,Jul,2023,Mr. Bryan Mcintosh MD,Returning,Consumer,Central,Vanuatu,Tennessee,West Miguel,Furniture,Tables,Here,2,314.82,0.2,26.04,503.71,121.36,0.24,Medium,Net Banking
ORD-11030,2023-01-21,Jan,2023,Julie Walker,VIP,Consumer,West,South Georgia and the South Sandwich Islands,Ohio,South Crystalstad,Technology,Phones,Father,2,681.67,0.24,37.3,1036.14,266.26,0.26,Low,Net Banking
ORD-11031,2022-12-25,Dec,2022,Julie Marquez,Returning,Corporate,North,Burkina Faso,Kansas,Kaylaport,Technology,Phones,Again,9,450.48,0.02,40.54,3973.23,240.39,0.06,High,UPI
ORD-11032,2023-09-12,Sep,2023,Douglas Schneider,New,Home Office,Central,Tanzania,Nevada,West David,Office Supplies,Paper,Fast,7,246.08,0.03,38.43,1670.88,375.01,0.22,Medium,UPI
ORD-11033,2023-09-28,Sep,2023,Alan Parker,Returning,Corporate,North,Central African Republic,Delaware,South Phillip,Office Supplies,Storage,Difficult,10,207.74,0.16,16.7,1745.02,397.36,0.23,Medium,Net Banking
ORD-11034,2025-11-17,Nov,2025,Brianna Kelly,Returning,Consumer,West,Jamaica,Massachusetts,Lake Jennifer,Furniture,Tables,Way,5,44.55,0.28,25.93,160.38,19.29,0.12,Low,Card
ORD-11035,2025-01-24,Jan,2025,Mark Brown,New,Home Office,Central,Cayman Islands,Illinois,Lake Mary,Technology,Laptops,Agreement,8,566.3,0.2,22.26,3624.32,623.24,0.17,Low,Net Banking
ORD-11036,2023-05-17,May,2023,Julie Lozano,New,Home Office,South,Mozambique,Vermont,Sharonmouth,Furniture,Bookcases,Responsibility,9,204.54,0.03,20.78,1785.63,64.41,0.04,High,Card
ORD-11037,2023-02-27,Feb,2023,Brittany Wood,Returning,Home Office,West,Cape Verde,South Dakota,East Nicoleside,Office Supplies,Storage,Attorney,1,111.01,0.13,13.05,96.58,13.36,0.14,Critical,Net Banking
ORD-11038,2023-05-13,May,2023,Rachael Porter,VIP,Corporate,West,Belize,Tennessee,Marytown,Furniture,Chairs,Add,3,771.51,0.12,19.17,2036.79,157.88,0.08,High,Card
ORD-11039,2024-04-15,Apr,2024,James Bruce,VIP,Home Office,North,Turkey,Florida,Rogersstad,Furniture,Tables,Few,7,753.31,0.01,12.46,5220.44,352.28,0.07,Low,Card
ORD-11040,2024-09-07,Sep,2024,James Smith,Returning,Home Office,North,Djibouti,Virginia,New Tina,Furniture,Tables,Pm,3,200.85,0.1,9.45,542.29,4.22,0.01,Medium,Cash
ORD-11041,2025-09-15,Sep,2025,Shelia Holt,New,Corporate,Central,Nepal,California,South Briantown,Technology,Laptops,Think,1,119.69,0.02,23.36,117.3,23.9,0.2,High,Net Banking
ORD-11042,2024-01-28,Jan,2024,Roberta Perry,New,Home Office,South,Cameroon,Massachusetts,West Anita,Furniture,Chairs,Entire,5,321.13,0.28,9.17,1156.07,-43.13,-0.04,High,UPI
ORD-11043,2025-03-07,Mar,2025,Joshua Johnson,VIP,Home Office,North,Dominican Republic,Washington,Bairdburgh,Furniture,Chairs,Report,4,749.95,0.23,23.17,2309.85,486.56,0.21,Low,Net Banking
ORD-11044,2025-11-20,Nov,2025,Christopher Kelly,VIP,Corporate,West,Guyana,Ohio,East Jessicaberg,Technology,Laptops,Appear,4,663.65,0.17,8.66,2203.32,461.56,0.21,High,UPI
ORD-11045,2025-03-14,Mar,2025,Amanda Glover,VIP,Home Office,South,Guam,Nebraska,Evanshaven,Furniture,Chairs,Lay,2,561.51,0.03,49.24,1089.33,158.67,0.15,Critical,Cash
ORD-11046,2023-08-01,Aug,2023,Mary Zimmerman,New,Consumer,North,China,Rhode Island,Port Margaretland,Office Supplies,Paper,Artist,3,65.73,0.15,36.13,167.61,39.77,0.24,High,Card
ORD-11047,2024-02-12,Feb,2024,Richard Randall,Returning,Home Office,South,Pitcairn Islands,Kentucky,Ericstad,Technology,Phones,Buy,8,361.35,0.16,19.04,2428.27,-64.36,-0.03,Critical,Cash
ORD-11048,2023-11-08,Nov,2023,Dawn Fox,VIP,Home Office,East,Jamaica,Hawaii,New Anthony,Furniture,Tables,Southern,9,589.89,0.22,21.12,4141.03,78.9,0.02,Critical,Cash
ORD-11049,2023-03-24,Mar,2023,Michael Cook,VIP,Home Office,East,Faroe Islands,Louisiana,New Corey,Furniture,Chairs,Whole,9,297.49,0.13,12.54,2329.35,662.79,0.28,Critical,Cash
ORD-11050,2024-11-24,Nov,2024,Joseph Jordan,Returning,Consumer,South,Burundi,Virginia,Melissatown,Technology,Laptops,Game,3,335.51,0.21,14.68,795.16,189.91,0.24,Low,Card
ORD-11051,2024-06-28,Jun,2024,Patricia Howard,New,Corporate,South,Chile,Wisconsin,West Joseph,Technology,Phones,Church,2,406.6,0.0,33.98,813.2,217.11,0.27,Medium,UPI
ORD-11052,2024-08-28,Aug,2024,Brianna Barnes,Returning,Home Office,East,San Marino,Pennsylvania,Cookport,Technology,Laptops,Cell,3,11.78,0.15,23.8,30.04,4.38,0.15,Medium,Cash
ORD-11053,2024-02-16,Feb,2024,Julie Schmidt,New,Consumer,West,Niue,South Carolina,South Andreaville,Office Supplies,Binders,Sister,2,361.51,0.15,12.75,614.57,-3.49,-0.01,Low,Cash
ORD-11054,2025-07-26,Jul,2025,Caleb Colon,New,Corporate,North,Lebanon,Delaware,East Bryanside,Technology,Laptops,Mean,7,31.79,0.15,6.65,189.15,22.96,0.12,Low,Net Banking
ORD-11055,2025-02-11,Feb,2025,Sophia Davis,New,Corporate,East,Rwanda,Colorado,West Micheal,Office Supplies,Storage,Upon,1,427.98,0.16,39.66,359.5,99.71,0.28,Critical,Card
ORD-11056,2025-05-05,May,2025,Brian Ford,New,Home Office,South,Mexico,Connecticut,Vincentfurt,Furniture,Chairs,Share,7,662.89,0.05,41.91,4408.22,1061.44,0.24,Critical,Net Banking
ORD-11057,2024-04-08,Apr,2024,Steven Hayes,VIP,Home Office,East,Lesotho,Kentucky,Lake Joshuabury,Office Supplies,Binders,Fish,7,475.09,0.18,39.99,2727.02,770.84,0.28,Low,Net Banking
ORD-11058,2023-01-24,Jan,2023,Ashley Patel,VIP,Home Office,North,Bolivia,Missouri,Melaniemouth,Furniture,Bookcases,Various,8,556.3,0.01,23.82,4405.9,-198.75,-0.05,Critical,Net Banking
ORD-11059,2023-12-18,Dec,2023,Jamie Joseph,New,Corporate,East,Korea,Minnesota,Lake Michelle,Office Supplies,Binders,Reveal,10,99.84,0.02,15.75,978.43,11.95,0.01,Critical,Net Banking
ORD-11060,2023-08-04,Aug,2023,Chelsea Gonzalez,VIP,Consumer,North,Turkey,Michigan,East Stephaniemouth,Office Supplies,Binders,Chair,6,258.23,0.13,34.4,1347.96,349.9,0.26,Critical,Card
ORD-11061,2024-07-13,Jul,2024,Shane Morgan,New,Home Office,West,Svalbard & Jan Mayen Islands,California,East Thomas,Furniture,Chairs,Vote,7,426.95,0.23,33.47,2301.26,-201.71,-0.09,High,UPI
ORD-11062,2023-04-04,Apr,2023,Christopher Smith,New,Corporate,North,French Guiana,Connecticut,East Anthony,Office Supplies,Storage,Court,7,285.54,0.29,5.17,1419.13,-138.55,-0.1,Medium,Card
ORD-11063,2025-03-30,Mar,2025,Kathleen Rodriguez,VIP,Consumer,Central,Greece,New York,Port Mark,Furniture,Chairs,Probably,5,110.02,0.11,19.02,489.59,62.31,0.13,Medium,UPI
ORD-11064,2024-02-22,Feb,2024,Kathy Blake,VIP,Corporate,Central,Guam,Utah,Lake Mark,Furniture,Chairs,Strong,10,370.98,0.13,9.23,3227.53,506.02,0.16,High,UPI
ORD-11065,2024-02-06,Feb,2024,Natalie Holland,Returning,Corporate,Central,Saint Martin,Michigan,Lake Molly,Office Supplies,Binders,Involve,9,544.79,0.03,22.07,4756.02,922.66,0.19,Medium,Card
ORD-11066,2024-06-03,Jun,2024,Nicholas Williams,VIP,Corporate,Central,Andorra,Tennessee,New Stevenchester,Technology,Accessories,Cold,6,737.88,0.06,33.06,4161.64,847.71,0.2,High,UPI
ORD-11067,2025-04-09,Apr,2025,Virginia Carey,New,Corporate,North,Tunisia,Kentucky,North Erinton,Technology,Phones,Factor,6,317.41,0.07,22.23,1771.15,-77.49,-0.04,Critical,Cash
ORD-11068,2023-10-14,Oct,2023,Christopher Ayala,New,Home Office,South,Cameroon,Rhode Island,West Abigail,Office Supplies,Storage,Including,2,251.66,0.11,24.9,447.95,-3.21,-0.01,Low,Net Banking
ORD-11069,2024-10-04,Oct,2024,Curtis Good,New,Corporate,North,Central African Republic,North Carolina,Padillachester,Office Supplies,Binders,Total,6,281.24,0.01,24.95,1670.57,83.89,0.05,Low,Cash
ORD-11070,2023-03-01,Mar,2023,Jon Bolton,Returning,Consumer,North,Jersey,Washington,Ryanport,Technology,Laptops,Security,3,160.83,0.06,49.19,453.54,-41.18,-0.09,Critical,Cash
ORD-11071,2023-12-20,Dec,2023,Jenna Zimmerman,Returning,Corporate,Central,France,New Hampshire,East Scottfurt,Technology,Accessories,Two,7,271.02,0.28,12.23,1365.94,333.16,0.24,Medium,Net Banking
ORD-11072,2025-11-14,Nov,2025,Ryan Villanueva,Returning,Consumer,North,Vietnam,West Virginia,Markburgh,Office Supplies,Storage,Yourself,3,38.81,0.18,28.8,95.47,5.72,0.06,Medium,Card
ORD-11073,2023-08-21,Aug,2023,Jeffrey Smith,New,Home Office,East,Aruba,Indiana,Whiteland,Office Supplies,Paper,Process,8,232.13,0.02,23.93,1819.9,425.87,0.23,Low,Cash
ORD-11074,2023-08-13,Aug,2023,William Dennis,New,Corporate,West,San Marino,Connecticut,Coreyport,Technology,Phones,Respond,3,352.05,0.27,42.71,770.99,226.54,0.29,Medium,Cash
ORD-11075,2024-11-29,Nov,2024,Angela Wilson,VIP,Home Office,Central,Tonga,Delaware,North Stevenberg,Technology,Laptops,Perform,2,137.37,0.09,38.55,250.01,60.81,0.24,Critical,UPI
ORD-11076,2024-06-04,Jun,2024,Gina Webster,New,Consumer,West,Djibouti,Louisiana,Danielshaven,Furniture,Chairs,Military,5,342.26,0.11,36.54,1523.06,428.34,0.28,Low,UPI
ORD-11077,2024-12-04,Dec,2024,Richard Ray,Returning,Home Office,West,Montenegro,Pennsylvania,Robinfort,Furniture,Tables,Stay,6,595.6,0.13,26.0,3109.03,237.7,0.08,Low,Cash
ORD-11078,2024-10-18,Oct,2024,Terry Hansen,New,Consumer,West,Oman,South Carolina,East Aimee,Furniture,Bookcases,And,7,486.7,0.27,30.04,2487.04,227.56,0.09,Critical,Cash
ORD-11079,2023-04-21,Apr,2023,Elizabeth Chavez,Returning,Corporate,West,Kuwait,Arizona,Kevinchester,Technology,Accessories,Modern,10,53.57,0.13,42.85,466.06,9.71,0.02,Medium,Card
ORD-11080,2024-05-30,May,2024,Laura Green,Returning,Consumer,West,Libyan Arab Jamahiriya,Mississippi,East Christopher,Technology,Accessories,Capital,9,414.64,0.2,20.88,2985.41,-138.05,-0.05,Low,Net Banking
ORD-11081,2025-01-31,Jan,2025,Rebecca Davidson,Returning,Consumer,Central,Greenland,Louisiana,East Adam,Office Supplies,Binders,Data,9,669.34,0.21,32.52,4759.01,37.02,0.01,Medium,Cash
ORD-11082,2024-06-12,Jun,2024,Alexander White,VIP,Corporate,East,Moldova,Delaware,Port Christine,Technology,Accessories,Fast,2,713.62,0.26,10.27,1056.16,233.04,0.22,Critical,Cash
ORD-11083,2023-11-10,Nov,2023,Brian Willis,VIP,Consumer,Central,Botswana,Alaska,Bateshaven,Technology,Laptops,Single,3,398.11,0.21,48.24,943.52,-60.55,-0.06,Medium,Cash
ORD-11084,2024-01-31,Jan,2024,Kevin Myers,New,Consumer,East,Morocco,West Virginia,Robertbury,Technology,Laptops,Suddenly,5,198.47,0.18,22.0,813.73,138.29,0.17,High,Card
ORD-11085,2025-02-04,Feb,2025,Omar Glover MD,Returning,Corporate,East,Sao Tome and Principe,Missouri,Christinaville,Furniture,Tables,Sign,8,189.72,0.27,34.65,1107.96,78.47,0.07,Critical,Net Banking
ORD-11086,2022-12-12,Dec,2022,Brad Ruiz,Returning,Corporate,East,Saudi Arabia,North Carolina,New Carolynville,Furniture,Chairs,Wonder,6,144.34,0.23,14.59,666.85,186.37,0.28,High,UPI
ORD-11087,2023-08-24,Aug,2023,Ashlee Gonzales,VIP,Consumer,North,Czech Republic,Indiana,North Carlosshire,Office Supplies,Binders,Daughter,7,182.06,0.05,48.18,1210.7,97.28,0.08,Low,Net Banking
ORD-11088,2025-05-01,May,2025,Phillip Williams,New,Home Office,Central,Cocos (Keeling) Islands,Vermont,New Julieborough,Office Supplies,Paper,Chair,2,254.67,0.03,7.12,494.06,136.49,0.28,Low,Card
ORD-11089,2023-01-18,Jan,2023,Kyle Bennett,VIP,Corporate,North,Timor-Leste,Kansas,Port Cathyburgh,Technology,Accessories,Approach,4,624.35,0.11,32.8,2222.69,553.37,0.25,Medium,UPI
ORD-11090,2025-08-12,Aug,2025,Ashley Johnson,VIP,Corporate,South,Singapore,New Jersey,Kingborough,Furniture,Tables,Establish,1,46.95,0.11,30.08,41.79,-1.36,-0.03,Critical,Cash
ORD-11091,2024-10-22,Oct,2024,Rebekah Lyons,Returning,Corporate,North,Trinidad and Tobago,Pennsylvania,New Kristina,Furniture,Tables,Some,1,240.12,0.03,31.98,232.92,-7.6,-0.03,Low,Card
ORD-11092,2024-02-26,Feb,2024,Curtis Stein,VIP,Consumer,East,Jordan,Kansas,New Charlesside,Furniture,Chairs,Stock,5,648.85,0.12,22.38,2854.94,-241.41,-0.08,Critical,Card
ORD-11093,2023-09-24,Sep,2023,Andrew Jones,Returning,Home Office,North,Japan,Iowa,South Jennifer,Office Supplies,Paper,Tend,8,349.45,0.03,10.98,2711.73,-108.53,-0.04,High,UPI
ORD-11094,2024-01-28,Jan,2024,Jennifer White,VIP,Home Office,West,Saint Barthelemy,Minnesota,South Reginald,Furniture,Bookcases,Growth,8,395.81,0.22,11.65,2469.85,229.82,0.09,Low,Cash
ORD-11095,2024-05-02,May,2024,Andrea Mata,Returning,Corporate,West,Bolivia,Massachusetts,South Davidville,Technology,Laptops,Factor,10,157.19,0.11,17.55,1398.99,174.85,0.12,Low,Cash
ORD-11096,2023-01-30,Jan,2023,Kathleen Krause,VIP,Corporate,East,Nigeria,New Jersey,Lake Emily,Furniture,Tables,Eat,7,470.51,0.08,48.85,3030.08,378.59,0.12,High,Net Banking
ORD-11097,2023-06-10,Jun,2023,Pamela Ellis,VIP,Home Office,East,Benin,Alaska,Timothyshire,Technology,Laptops,Place,2,248.05,0.07,45.42,461.37,-8.64,-0.02,Low,Net Banking
ORD-11098,2025-07-28,Jul,2025,Paul Ramos,New,Consumer,Central,Norfolk Island,Rhode Island,Lake Jessica,Furniture,Tables,Trial,3,398.6,0.18,33.79,980.56,270.29,0.28,Critical,Net Banking
ORD-11099,2025-01-01,Jan,2025,Michael Simmons,VIP,Consumer,South,Mozambique,Oklahoma,Sheilaland,Office Supplies,Storage,Staff,1,673.22,0.2,47.6,538.58,100.37,0.19,High,Cash
ORD-11100,2023-07-18,Jul,2023,Mark Spencer,VIP,Consumer,North,Reunion,Maryland,Nancyborough,Office Supplies,Binders,Poor,2,295.73,0.16,35.81,496.83,-9.29,-0.02,Critical,Card
ORD-11101,2025-02-09,Feb,2025,Corey Hernandez,New,Consumer,North,Hungary,Louisiana,Biancaville,Office Supplies,Binders,Laugh,2,207.26,0.03,37.76,402.08,-14.4,-0.04,Medium,Cash
ORD-11102,2024-07-16,Jul,2024,Matthew Young,Returning,Consumer,Central,United States Virgin Islands,Kentucky,New Davidport,Technology,Phones,Sea,8,169.38,0.09,14.53,1233.09,261.51,0.21,Medium,UPI
ORD-11103,2024-09-24,Sep,2024,Cynthia May,VIP,Consumer,North,Pitcairn Islands,West Virginia,Christinaville,Furniture,Chairs,Brother,5,229.12,0.15,6.69,973.76,7.11,0.01,High,Net Banking
ORD-11104,2023-03-28,Mar,2023,Leah Brown,Returning,Consumer,South,Guatemala,Alaska,South Angelashire,Technology,Phones,Skin,5,256.44,0.24,16.59,974.47,-83.24,-0.09,Critical,UPI
ORD-11105,2025-01-18,Jan,2025,Alex Jackson,VIP,Home Office,East,Trinidad and Tobago,California,South Sandrachester,Technology,Phones,Share,10,306.31,0.04,22.16,2940.58,136.98,0.05,Medium,UPI
ORD-11106,2025-05-12,May,2025,Jeremy Gutierrez,New,Consumer,North,United States Virgin Islands,New Hampshire,Turnertown,Technology,Accessories,Since,10,146.03,0.08,35.33,1343.48,-74.77,-0.06,Medium,UPI
ORD-11107,2025-10-17,Oct,2025,Kenneth Byrd,New,Home Office,South,Mexico,Tennessee,Brownfurt,Technology,Accessories,Realize,4,108.24,0.25,8.07,324.72,48.32,0.15,Critical,Net Banking
ORD-11108,2023-03-17,Mar,2023,Eric Norris,New,Home Office,North,Heard Island and McDonald Islands,New Mexico,Stephensview,Furniture,Bookcases,These,8,278.6,0.12,45.59,1961.34,-12.87,-0.01,Low,Cash
ORD-11109,2025-03-21,Mar,2025,William Parker,Returning,Home Office,North,Thailand,Kentucky,North Markland,Office Supplies,Binders,Single,7,450.61,0.19,17.08,2554.96,289.22,0.11,High,Cash
ORD-11110,2025-02-06,Feb,2025,David Bartlett,New,Corporate,West,Colombia,Montana,North Amberton,Technology,Phones,Teacher,5,561.86,0.2,33.13,2247.44,-64.24,-0.03,High,Cash
ORD-11111,2024-02-27,Feb,2024,Rebecca Taylor,VIP,Corporate,West,Taiwan,New York,Port Todd,Furniture,Tables,Understand,1,276.65,0.02,31.44,271.12,74.25,0.27,Critical,UPI
ORD-11112,2023-01-21,Jan,2023,Harold Mercer,Returning,Consumer,East,French Southern Territories,Maine,Philipshire,Technology,Laptops,It,10,796.59,0.21,34.73,6293.06,569.48,0.09,Low,Cash
ORD-11113,2024-11-15,Nov,2024,Alyssa Freeman MD,VIP,Home Office,East,Macao,South Dakota,Hallberg,Technology,Phones,Minute,1,338.65,0.24,13.71,257.37,32.62,0.13,Low,Net Banking
ORD-11114,2023-03-01,Mar,2023,Jeffrey Johnson,Returning,Consumer,North,Qatar,Massachusetts,South Brandonton,Office Supplies,Storage,Away,7,102.13,0.05,7.24,679.16,75.19,0.11,Low,UPI
ORD-11115,2025-09-18,Sep,2025,Katherine Lewis,Returning,Consumer,East,Tajikistan,Connecticut,Harrishaven,Furniture,Bookcases,Today,4,629.41,0.07,44.43,2341.41,512.04,0.22,High,Net Banking
ORD-11116,2023-09-07,Sep,2023,Melanie Ford,Returning,Home Office,East,Myanmar,Mississippi,Schneiderchester,Technology,Laptops,Involve,7,415.51,0.07,22.78,2704.97,175.37,0.06,High,Net Banking
ORD-11117,2022-12-07,Dec,2022,Mark Larsen,New,Consumer,North,Nepal,California,Karenchester,Furniture,Bookcases,Wife,5,280.1,0.07,24.03,1302.46,87.26,0.07,High,UPI
ORD-11118,2024-03-19,Mar,2024,Karen Delgado,VIP,Home Office,West,United States of America,Tennessee,Port Natalieport,Office Supplies,Storage,Spring,9,682.12,0.25,40.44,4604.31,440.29,0.1,High,Card
ORD-11119,2024-09-22,Sep,2024,Brandon Weaver,Returning,Home Office,East,Lao People's Democratic Republic,Connecticut,Port Marcburgh,Technology,Laptops,Direction,2,495.97,0.1,42.42,892.75,159.16,0.18,Low,Net Banking
ORD-11120,2023-09-05,Sep,2023,Lorraine Miller,New,Corporate,North,Croatia,Georgia,New Justin,Furniture,Chairs,Positive,10,519.17,0.19,23.85,4205.28,662.27,0.16,Low,Cash
ORD-11121,2024-04-20,Apr,2024,Dr. Natalie Peters,New,Corporate,South,Latvia,Oregon,Brettmouth,Office Supplies,Binders,Tax,6,537.38,0.23,29.48,2482.7,-225.78,-0.09,High,Card
ORD-11122,2023-08-11,Aug,2023,Melissa Thompson,New,Corporate,West,Greece,Montana,Lindsayfurt,Furniture,Bookcases,Determine,7,462.82,0.26,12.29,2397.41,-78.28,-0.03,High,Net Banking
ORD-11123,2022-12-09,Dec,2022,Dennis Armstrong,VIP,Corporate,South,Montenegro,Idaho,Lake William,Office Supplies,Binders,True,5,217.63,0.03,37.33,1055.51,-98.51,-0.09,High,Cash
ORD-11124,2023-07-03,Jul,2023,Kelly Ferguson,VIP,Home Office,East,Korea,North Dakota,Sarahbury,Technology,Laptops,Line,10,546.43,0.12,46.36,4808.58,1001.63,0.21,High,UPI
ORD-11125,2024-05-16,May,2024,Erik Estrada,Returning,Corporate,South,Antarctica (the territory South of 60 deg S),Idaho,Port Jeffrey,Office Supplies,Paper,Carry,3,210.01,0.01,47.58,623.73,68.01,0.11,High,UPI
ORD-11126,2025-07-06,Jul,2025,Erin Turner,VIP,Corporate,North,Australia,Washington,North Edward,Technology,Laptops,From,7,339.46,0.04,29.78,2281.17,329.01,0.14,Low,UPI
ORD-11127,2025-04-17,Apr,2025,Brittany Pierce,VIP,Home Office,South,Bolivia,South Dakota,South Derekchester,Furniture,Chairs,Artist,6,554.37,0.03,13.67,3226.43,-91.42,-0.03,High,Cash
ORD-11128,2023-07-29,Jul,2023,Diana Dean,New,Consumer,West,Costa Rica,New Hampshire,Robertsontown,Office Supplies,Paper,Five,3,350.4,0.1,32.04,946.08,-83.6,-0.09,Medium,UPI
ORD-11129,2023-01-16,Jan,2023,Tyler Fisher Jr.,VIP,Home Office,North,Benin,Indiana,Tuckertown,Technology,Accessories,Board,8,194.77,0.1,41.12,1402.34,163.26,0.12,High,Card
ORD-11130,2023-03-02,Mar,2023,Sarah Tran,VIP,Home Office,Central,Holy See (Vatican City State),Oregon,Lake Nathanstad,Furniture,Tables,Think,8,352.47,0.23,49.57,2171.22,281.87,0.13,Medium,Cash
ORD-11131,2023-11-17,Nov,2023,Patrick Anderson,New,Corporate,North,Bermuda,Louisiana,East April,Office Supplies,Storage,Radio,7,643.19,0.23,12.28,3466.79,143.59,0.04,Critical,Cash
ORD-11132,2024-03-12,Mar,2024,Mary Luna,New,Corporate,South,Puerto Rico,Texas,South Derrick,Technology,Accessories,She,5,104.36,0.21,12.07,412.22,93.58,0.23,High,Cash
ORD-11133,2025-09-15,Sep,2025,Jamie Miller,Returning,Corporate,West,Grenada,South Carolina,Wrightberg,Furniture,Bookcases,Wife,6,684.39,0.13,10.62,3572.52,615.36,0.17,High,Cash
ORD-11134,2023-01-31,Jan,2023,Janet Burton,VIP,Consumer,Central,Vanuatu,Kansas,Kingbury,Technology,Phones,Power,7,715.95,0.04,14.02,4811.18,838.4,0.17,Critical,Card
ORD-11135,2023-05-12,May,2023,Amanda Green,VIP,Home Office,West,Macedonia,Rhode Island,East Courtneyside,Technology,Phones,Mouth,2,231.72,0.28,33.46,333.68,-28.43,-0.09,Critical,Net Banking
ORD-11136,2024-01-09,Jan,2024,Bradley Barnes,VIP,Home Office,Central,Thailand,Georgia,South Steve,Technology,Laptops,Body,10,493.43,0.02,45.17,4835.61,-408.06,-0.08,Medium,Net Banking
ORD-11137,2023-02-27,Feb,2023,David Hartman,New,Corporate,East,Burundi,Kentucky,New Spencerfort,Office Supplies,Binders,Suffer,8,627.58,0.17,28.61,4167.13,1146.57,0.28,High,Card
ORD-11138,2024-02-05,Feb,2024,Kimberly Stone,VIP,Home Office,North,Tajikistan,Idaho,Taylorburgh,Office Supplies,Storage,Reduce,1,423.48,0.11,47.18,376.9,45.99,0.12,Medium,UPI
ORD-11139,2023-05-20,May,2023,Johnny Schaefer,VIP,Corporate,Central,Gabon,Michigan,Smithland,Furniture,Bookcases,Look,7,595.72,0.17,33.14,3461.13,1031.05,0.3,High,UPI
ORD-11140,2023-11-19,Nov,2023,William Matthews,VIP,Corporate,South,Burkina Faso,Michigan,Maryburgh,Technology,Laptops,Above,5,791.32,0.28,11.45,2848.75,840.87,0.3,Low,Net Banking
ORD-11141,2025-09-11,Sep,2025,Emily Cruz,VIP,Home Office,South,Ghana,California,West Aaron,Technology,Laptops,Where,1,28.12,0.05,25.83,26.71,4.05,0.15,High,Card
ORD-11142,2023-04-24,Apr,2023,Amy Sullivan,VIP,Consumer,West,Greece,North Dakota,Alexandraview,Furniture,Chairs,Democratic,8,712.4,0.23,11.27,4388.38,302.93,0.07,Critical,Net Banking
ORD-11143,2024-07-05,Jul,2024,Anthony Bush,VIP,Consumer,North,Hong Kong,Vermont,West Vanessa,Furniture,Tables,Style,3,636.08,0.27,26.08,1393.02,228.06,0.16,Critical,Card
ORD-11144,2025-10-31,Oct,2025,Bobby Willis,Returning,Home Office,North,Uganda,Arkansas,Johnstad,Office Supplies,Binders,Head,8,347.91,0.01,13.67,2755.45,496.07,0.18,Critical,Net Banking
ORD-11145,2023-11-07,Nov,2023,Rebecca Williams,VIP,Consumer,South,Guadeloupe,Utah,Lake Dennis,Office Supplies,Storage,Game,7,619.35,0.07,32.15,4031.97,1091.83,0.27,Medium,Cash
ORD-11146,2025-05-03,May,2025,Kim Potts,New,Consumer,South,Cameroon,Virginia,New Pamela,Office Supplies,Paper,To,8,193.99,0.15,11.19,1319.13,339.7,0.26,High,Net Banking
ORD-11147,2023-04-13,Apr,2023,Steven Simmons,Returning,Corporate,Central,Antarctica (the territory South of 60 deg S),Delaware,Campbellton,Technology,Accessories,Nation,7,52.13,0.11,41.8,324.77,-18.42,-0.06,Low,Net Banking
ORD-11148,2025-06-06,Jun,2025,Dana Gonzales,VIP,Corporate,West,Gibraltar,Iowa,New Robert,Office Supplies,Paper,Occur,6,60.14,0.24,18.57,274.24,-11.34,-0.04,Critical,Card
ORD-11149,2023-06-27,Jun,2023,Katie Johnson,New,Consumer,East,Guernsey,South Dakota,Cynthiabury,Office Supplies,Binders,Mind,3,81.23,0.1,24.84,219.32,16.87,0.08,Medium,Net Banking
ORD-11150,2023-01-29,Jan,2023,Mr. Ronald Crawford,Returning,Corporate,West,Timor-Leste,New Mexico,Bernardville,Office Supplies,Storage,Degree,10,666.67,0.25,37.78,5000.02,385.9,0.08,Critical,Cash
ORD-11151,2023-05-28,May,2023,Katherine Washington,VIP,Corporate,North,Germany,South Dakota,Lake Keith,Technology,Laptops,Mention,2,149.48,0.28,16.57,215.25,-4.11,-0.02,High,Net Banking
ORD-11152,2025-08-26,Aug,2025,Mr. Patrick Ayala,Returning,Consumer,North,Oman,Delaware,North Donnatown,Technology,Laptops,Even,9,311.7,0.2,40.61,2244.24,-116.03,-0.05,Low,Cash
ORD-11153,2025-09-28,Sep,2025,Alyssa Saunders,New,Consumer,East,Wallis and Futuna,Rhode Island,Keithmouth,Furniture,Chairs,Eye,6,115.5,0.21,22.98,547.47,24.0,0.04,Medium,Card
ORD-11154,2025-03-13,Mar,2025,Andrew Miller,Returning,Consumer,South,Algeria,Illinois,Ericton,Office Supplies,Storage,Among,6,537.3,0.25,27.51,2417.85,298.6,0.12,Medium,UPI
ORD-11155,2025-10-20,Oct,2025,Christian Freeman,Returning,Home Office,West,Saint Barthelemy,New Jersey,Angelaville,Furniture,Tables,Debate,1,153.41,0.19,37.7,124.26,6.57,0.05,High,Card
ORD-11156,2023-06-07,Jun,2023,Anthony Reilly,Returning,Corporate,South,Ireland,Rhode Island,North Mary,Office Supplies,Paper,Push,9,453.29,0.27,34.7,2978.12,103.73,0.03,Medium,Net Banking
ORD-11157,2024-11-07,Nov,2024,Tiffany Pena,VIP,Consumer,Central,Northern Mariana Islands,Oklahoma,Deborahville,Technology,Phones,Break,3,407.47,0.06,14.75,1149.07,127.02,0.11,Low,Cash
ORD-11158,2023-09-19,Sep,2023,Susan Allen,VIP,Home Office,Central,French Polynesia,Connecticut,Lauraborough,Furniture,Bookcases,Wonder,3,353.31,0.05,24.03,1006.93,51.34,0.05,Critical,Cash
ORD-11159,2025-06-18,Jun,2025,Jacob Becker,New,Corporate,West,Philippines,Colorado,Port Nancy,Office Supplies,Paper,Ok,6,184.07,0.06,40.53,1038.15,-96.7,-0.09,Critical,Net Banking
ORD-11160,2025-01-16,Jan,2025,Danielle Davis,Returning,Home Office,North,Japan,South Carolina,East Tracifort,Furniture,Chairs,Compare,5,693.81,0.06,40.73,3260.91,149.6,0.05,Critical,Net Banking
ORD-11161,2023-07-16,Jul,2023,Samantha Torres,VIP,Corporate,Central,Solomon Islands,New Jersey,Lake Joshuamouth,Furniture,Tables,Bed,4,483.82,0.16,9.96,1625.64,373.13,0.23,Critical,UPI
ORD-11162,2022-11-30,Nov,2022,Nicole Stone,Returning,Consumer,West,Czech Republic,Arizona,New Stacy,Office Supplies,Paper,Collection,10,381.47,0.06,21.02,3585.82,552.17,0.15,Low,Cash
ORD-11163,2025-06-04,Jun,2025,Tammy Stokes,New,Consumer,West,Lesotho,Nebraska,West Robertville,Technology,Accessories,Toward,8,26.72,0.24,14.73,162.46,-11.44,-0.07,Medium,Cash
ORD-11164,2023-09-16,Sep,2023,Sheila Hubbard,VIP,Consumer,South,Bahrain,Florida,Jonesfort,Furniture,Tables,Avoid,3,192.88,0.24,45.58,439.77,95.95,0.22,Medium,UPI
ORD-11165,2022-11-25,Nov,2022,Samuel Hensley,Returning,Home Office,North,Gambia,Nebraska,Garciaport,Technology,Laptops,Open,7,379.3,0.01,30.25,2628.55,-173.59,-0.07,Low,Card
ORD-11166,2023-06-15,Jun,2023,Alexander Diaz,VIP,Corporate,North,Botswana,Kentucky,North Maryfort,Furniture,Chairs,Leave,1,314.53,0.25,46.87,235.9,-1.53,-0.01,Medium,Card
ORD-11167,2023-07-22,Jul,2023,Charlene Duncan,VIP,Corporate,West,Bermuda,Massachusetts,Lake Kennethville,Technology,Phones,High,9,716.38,0.29,35.97,4577.67,762.44,0.17,Critical,Net Banking
ORD-11168,2025-02-05,Feb,2025,Ashley Olson,Returning,Corporate,South,French Polynesia,Montana,Cameronburgh,Furniture,Bookcases,Billion,6,14.17,0.1,48.09,76.52,7.85,0.1,Critical,Cash
ORD-11169,2025-09-19,Sep,2025,Stephen Wright,Returning,Consumer,East,Mayotte,North Carolina,South Josephshire,Technology,Accessories,Minute,3,251.88,0.11,28.65,672.52,50.48,0.08,Critical,Cash
ORD-11170,2025-07-26,Jul,2025,Sonia Robinson,New,Corporate,North,Honduras,Montana,Jenkinsborough,Furniture,Chairs,Beat,10,464.16,0.14,40.44,3991.78,756.5,0.19,Low,UPI
ORD-11171,2025-01-04,Jan,2025,Shannon James,Returning,Consumer,South,Marshall Islands,Vermont,New Annetteport,Office Supplies,Binders,Happy,9,724.26,0.01,19.81,6453.16,23.22,0.0,Low,UPI
ORD-11172,2024-01-23,Jan,2024,Edwin Clark,New,Corporate,North,Togo,Maine,Patrickbury,Office Supplies,Binders,Other,3,442.62,0.29,43.41,942.78,-73.94,-0.08,High,Card
ORD-11173,2022-12-02,Dec,2022,Maria Yates,Returning,Consumer,East,Faroe Islands,New Jersey,Port Caseystad,Technology,Accessories,Stand,5,197.48,0.15,32.77,839.29,111.06,0.13,Medium,Cash
ORD-11174,2025-04-20,Apr,2025,Melissa Madden,New,Home Office,West,Romania,Virginia,Morganstad,Office Supplies,Binders,Too,8,279.04,0.2,24.17,1785.86,313.8,0.18,Critical,Card
ORD-11175,2024-03-03,Mar,2024,Tiffany Hughes,VIP,Consumer,South,Mongolia,Arkansas,Salazarbury,Technology,Laptops,Hospital,5,199.63,0.07,17.25,928.28,68.12,0.07,Low,Card
ORD-11176,2024-11-04,Nov,2024,Robin Brown,New,Home Office,East,Burkina Faso,Michigan,Paulabury,Office Supplies,Binders,Station,7,370.28,0.17,45.5,2151.33,-69.36,-0.03,Low,Net Banking
ORD-11177,2024-09-19,Sep,2024,Edward Fernandez,VIP,Consumer,South,Pitcairn Islands,South Dakota,Port Stevenshire,Technology,Accessories,Speak,7,646.09,0.06,12.68,4251.27,284.14,0.07,Low,Card
ORD-11178,2024-12-05,Dec,2024,Kimberly Martinez,New,Corporate,West,Eritrea,Nevada,Alexanderbury,Office Supplies,Paper,Subject,7,280.67,0.25,14.38,1473.52,151.33,0.1,Low,Card
ORD-11179,2024-08-21,Aug,2024,Nancy Savage,New,Consumer,East,Lao People's Democratic Republic,Oklahoma,Murphychester,Technology,Phones,May,2,616.13,0.19,13.61,998.13,269.11,0.27,Medium,UPI
ORD-11180,2025-07-20,Jul,2025,Donald Long,VIP,Corporate,East,Czech Republic,Delaware,Crystalhaven,Technology,Laptops,Economic,6,444.07,0.03,36.73,2584.49,687.03,0.27,Low,Cash
ORD-11181,2025-07-24,Jul,2025,Anne Johnson,New,Consumer,North,Venezuela,Wyoming,Lawrencechester,Furniture,Tables,Sister,4,185.63,0.17,37.5,616.29,146.83,0.24,High,Cash
ORD-11182,2023-06-05,Jun,2023,Jacqueline Taylor MD,VIP,Consumer,South,Sweden,Montana,Paulville,Technology,Laptops,Again,10,789.99,0.21,13.1,6240.92,-508.46,-0.08,Medium,Net Banking
ORD-11183,2024-06-14,Jun,2024,Adam Anderson,New,Home Office,North,Malaysia,Missouri,West Deanna,Furniture,Chairs,Either,8,220.85,0.25,15.35,1325.1,100.71,0.08,Critical,Card
ORD-11184,2022-11-28,Nov,2022,Kimberly Kidd,New,Corporate,West,Wallis and Futuna,Vermont,Webbmouth,Office Supplies,Binders,Word,10,539.73,0.22,34.08,4209.89,603.55,0.14,High,UPI
ORD-11185,2024-04-21,Apr,2024,Tim Walls,VIP,Corporate,North,Pitcairn Islands,Maine,Crystalville,Furniture,Chairs,Peace,6,377.78,0.03,20.29,2198.68,172.76,0.08,Medium,Cash
ORD-11186,2023-08-03,Aug,2023,Cassandra Hardy,Returning,Home Office,Central,Kyrgyz Republic,Maine,South Adrienneborough,Furniture,Bookcases,Before,3,666.73,0.17,39.11,1660.16,496.54,0.3,Medium,UPI
ORD-11187,2025-05-09,May,2025,Robert Lamb,Returning,Home Office,South,Pakistan,Iowa,Lake Patriciamouth,Office Supplies,Storage,Garden,9,540.8,0.12,38.6,4283.14,-320.04,-0.07,Medium,Card
ORD-11188,2023-07-19,Jul,2023,Steven Morris,New,Corporate,North,Guinea,Connecticut,Brooksport,Furniture,Bookcases,Voice,1,425.3,0.11,31.9,378.52,79.73,0.21,Medium,Net Banking
ORD-11189,2023-04-10,Apr,2023,Ashley Sanchez,Returning,Consumer,West,Argentina,Rhode Island,Brandonmouth,Furniture,Tables,Worker,7,793.4,0.09,28.64,5053.96,1478.02,0.29,High,UPI
ORD-11190,2023-04-05,Apr,2023,Miss Becky Mcfarland MD,Returning,Corporate,East,Malawi,California,Cookmouth,Furniture,Chairs,If,6,85.65,0.16,26.98,431.68,82.38,0.19,High,UPI
ORD-11191,2024-05-03,May,2024,Alyssa Sanders,New,Consumer,West,Barbados,Utah,Anthonyton,Technology,Phones,From,2,173.36,0.05,23.08,329.38,2.6,0.01,Critical,Cash
ORD-11192,2025-05-11,May,2025,James Owen,Returning,Home Office,East,Iceland,West Virginia,Port Timothyshire,Technology,Accessories,Deal,3,84.17,0.04,8.31,242.41,15.15,0.06,Low,Net Banking
ORD-11193,2023-09-12,Sep,2023,Daniel Anderson,Returning,Consumer,South,Cook Islands,New Hampshire,East Kennethtown,Office Supplies,Storage,Account,8,689.3,0.19,46.32,4466.66,-269.12,-0.06,Low,Net Banking
ORD-11194,2023-08-09,Aug,2023,Anthony Brooks,VIP,Home Office,Central,Djibouti,Nebraska,New Andrechester,Office Supplies,Paper,Sell,6,305.73,0.21,22.81,1449.16,82.96,0.06,Low,Cash
ORD-11195,2024-07-19,Jul,2024,Anna Jenkins,VIP,Consumer,North,Haiti,Illinois,Maldonadofurt,Furniture,Chairs,Use,9,337.6,0.08,14.83,2795.33,464.52,0.17,High,Net Banking
ORD-11196,2024-07-06,Jul,2024,Morgan Robinson,New,Consumer,North,Dominican Republic,New York,Chloeburgh,Furniture,Chairs,Sea,1,401.65,0.29,31.18,285.17,40.27,0.14,Medium,Cash
ORD-11197,2025-07-03,Jul,2025,Dawn Campbell,New,Consumer,South,Comoros,Montana,South Jenniferfort,Furniture,Chairs,Matter,9,308.9,0.14,34.83,2390.89,-71.94,-0.03,Low,UPI
ORD-11198,2024-06-26,Jun,2024,Steven Ray,New,Home Office,East,Zambia,Mississippi,Amandaborough,Furniture,Chairs,Wear,6,667.3,0.17,20.14,3323.15,-307.81,-0.09,High,UPI
ORD-11199,2023-07-02,Jul,2023,Cassie Acosta,New,Consumer,West,Luxembourg,Louisiana,Tannerborough,Office Supplies,Paper,Style,8,418.2,0.26,24.85,2475.74,482.04,0.19,Critical,Net Banking
ORD-11200,2024-02-24,Feb,2024,Madeline Bell,New,Consumer,North,United Arab Emirates,Kansas,Port Ryan,Technology,Laptops,Drop,5,214.74,0.19,28.08,869.7,251.34,0.29,Critical,UPI
ORD-11201,2025-04-01,Apr,2025,Ray Shaw,VIP,Consumer,East,Cuba,Ohio,West Latoya,Furniture,Chairs,Laugh,6,658.56,0.18,14.26,3240.12,349.27,0.11,Critical,Net Banking
ORD-11202,2025-10-02,Oct,2025,Tammy Bradley,Returning,Corporate,East,Bulgaria,Montana,Port Eduardo,Office Supplies,Storage,Use,2,442.6,0.16,11.83,743.57,79.19,0.11,Critical,Card
ORD-11203,2022-11-26,Nov,2022,Donald Freeman,Returning,Corporate,South,United States Minor Outlying Islands,Kansas,Gomezborough,Technology,Phones,Arrive,3,360.88,0.21,41.59,855.29,-58.93,-0.07,High,Card
ORD-11204,2024-03-24,Mar,2024,Ryan Holmes,Returning,Home Office,South,Western Sahara,Colorado,West Ashley,Office Supplies,Binders,Let,3,521.65,0.23,22.25,1205.01,224.85,0.19,High,Card
ORD-11205,2024-11-19,Nov,2024,Jimmy Rose,VIP,Consumer,North,Estonia,Utah,Josephchester,Technology,Laptops,Teach,3,380.32,0.17,6.33,947.0,171.71,0.18,Low,Net Banking
ORD-11206,2025-01-22,Jan,2025,James Diaz,New,Consumer,West,Saint Barthelemy,Michigan,Nicholefort,Office Supplies,Paper,Collection,10,536.03,0.0,23.58,5360.3,582.66,0.11,Medium,UPI
ORD-11207,2022-12-16,Dec,2022,Sarah Scott,Returning,Consumer,South,Saint Lucia,Maine,Griffinfurt,Office Supplies,Paper,Worker,1,302.89,0.09,29.43,275.63,5.52,0.02,Low,UPI
ORD-11208,2024-11-17,Nov,2024,Michele Williamson,New,Home Office,Central,Switzerland,California,Nelsonmouth,Furniture,Bookcases,Green,8,535.82,0.01,10.84,4243.69,-118.95,-0.03,Low,Cash
ORD-11209,2024-05-19,May,2024,Gina Patrick,New,Corporate,East,Senegal,Maine,Mcgeetown,Technology,Accessories,Let,7,793.21,0.21,47.39,4386.45,379.57,0.09,Medium,Net Banking
ORD-11210,2023-11-19,Nov,2023,Christopher Dyer,VIP,Consumer,East,Uganda,Minnesota,Swansonberg,Office Supplies,Paper,Western,6,679.92,0.06,20.13,3834.75,-38.33,-0.01,Critical,Card
ORD-11211,2025-08-23,Aug,2025,Brittany Clarke,Returning,Consumer,East,Saint Kitts and Nevis,North Carolina,Davidburgh,Technology,Phones,Appear,6,29.55,0.08,38.12,163.12,10.56,0.06,Low,Card
ORD-11212,2025-10-02,Oct,2025,Bethany Owens,VIP,Home Office,South,Ukraine,Idaho,Lake Roberttown,Office Supplies,Paper,Beyond,7,93.27,0.19,10.32,528.84,155.13,0.29,Critical,UPI
ORD-11213,2022-12-22,Dec,2022,Kenneth Harvey,New,Consumer,Central,Malaysia,Massachusetts,Romerostad,Furniture,Tables,Go,6,646.96,0.28,35.37,2794.87,102.2,0.04,Critical,Cash
ORD-11214,2024-07-28,Jul,2024,Shannon Herrera,Returning,Home Office,West,Namibia,Alaska,Port Amanda,Technology,Laptops,Rather,1,735.11,0.1,9.39,661.6,175.58,0.27,High,Net Banking
ORD-11215,2025-07-30,Jul,2025,Juan Lamb,VIP,Consumer,North,Brazil,Michigan,East Donnachester,Office Supplies,Storage,Sense,6,186.29,0.23,25.33,860.66,-57.44,-0.07,Critical,Card
ORD-11216,2024-05-01,May,2024,Angela Clark,Returning,Consumer,East,Thailand,Delaware,West Edwardchester,Office Supplies,Storage,Put,3,456.3,0.04,20.47,1314.14,124.57,0.09,Critical,Net Banking
ORD-11217,2024-11-30,Nov,2024,Shawn Frederick,New,Consumer,East,Cambodia,California,Jonathanfort,Furniture,Chairs,But,10,32.57,0.08,18.76,299.64,5.22,0.02,Medium,Card
ORD-11218,2023-03-06,Mar,2023,Angela Cain,Returning,Consumer,South,Holy See (Vatican City State),Utah,Proctorton,Office Supplies,Binders,Participant,8,432.96,0.19,15.98,2805.58,-0.72,0.0,Critical,Cash
ORD-11219,2024-09-05,Sep,2024,Taylor Johnson,VIP,Home Office,West,Gibraltar,Colorado,West Maryfort,Office Supplies,Storage,Type,5,324.63,0.04,8.49,1558.22,116.55,0.07,Medium,Net Banking
ORD-11220,2023-08-24,Aug,2023,Melissa Lawrence,New,Home Office,West,Botswana,Florida,Paulville,Technology,Laptops,True,5,393.7,0.14,38.37,1692.91,411.22,0.24,Low,Cash
ORD-11221,2023-07-29,Jul,2023,John Johnson,New,Corporate,North,Spain,Michigan,Davidburgh,Office Supplies,Binders,Consumer,7,260.87,0.18,8.0,1497.39,182.35,0.12,High,Card
ORD-11222,2025-04-26,Apr,2025,Michelle Brown,New,Consumer,West,Nicaragua,Kentucky,Williamsfort,Office Supplies,Storage,Create,3,129.22,0.13,45.06,337.26,-3.13,-0.01,High,Card
ORD-11223,2025-02-04,Feb,2025,Randy Kidd,Returning,Corporate,South,Bouvet Island (Bouvetoya),South Carolina,West Wayne,Office Supplies,Storage,Heavy,10,678.29,0.18,11.18,5561.98,-204.34,-0.04,Low,Net Banking
ORD-11224,2023-07-09,Jul,2023,Jacqueline Hernandez,Returning,Home Office,West,Syrian Arab Republic,Michigan,South Amandafort,Office Supplies,Binders,Product,10,456.18,0.15,45.11,3877.53,895.94,0.23,High,Card
ORD-11225,2025-04-02,Apr,2025,Dr. Kenneth Salazar DDS,VIP,Consumer,South,Costa Rica,South Dakota,Lake Alfred,Furniture,Tables,Modern,7,403.26,0.02,34.56,2766.36,550.28,0.2,Critical,Cash
ORD-11226,2025-07-28,Jul,2025,Ethan Johnson,VIP,Corporate,South,Zambia,New York,Wendyfurt,Office Supplies,Paper,Lot,7,161.08,0.13,47.3,980.98,-43.71,-0.04,High,UPI
ORD-11227,2025-01-21,Jan,2025,Austin Dixon,VIP,Consumer,South,Saudi Arabia,Nevada,Henryborough,Furniture,Tables,Party,5,19.17,0.09,22.29,87.22,2.21,0.03,Critical,Cash
ORD-11228,2025-08-01,Aug,2025,Robert Lopez,Returning,Home Office,Central,French Polynesia,Wisconsin,New Albert,Office Supplies,Binders,Field,9,734.48,0.18,42.24,5420.46,554.25,0.1,Low,Net Banking
ORD-11229,2024-02-20,Feb,2024,Kelsey Smith,VIP,Corporate,North,Panama,Kentucky,Robertport,Furniture,Bookcases,Work,2,569.15,0.19,44.51,922.02,207.21,0.22,Low,Net Banking
ORD-11230,2024-06-19,Jun,2024,Jimmy Farmer,New,Consumer,West,Montenegro,New York,Clarkchester,Furniture,Chairs,Beat,6,417.64,0.24,25.65,1904.44,350.13,0.18,High,UPI
ORD-11231,2023-04-24,Apr,2023,Tiffany Lee,VIP,Corporate,Central,Moldova,Vermont,Perryshire,Furniture,Tables,Keep,7,442.81,0.21,31.49,2448.74,-153.94,-0.06,High,Cash
ORD-11232,2024-10-27,Oct,2024,Christopher Alexander,Returning,Home Office,West,Slovenia,Indiana,Ronaldbury,Furniture,Tables,Executive,8,252.4,0.24,6.93,1534.59,258.68,0.17,Medium,Card
ORD-11233,2024-11-13,Nov,2024,Michael Elliott,Returning,Corporate,North,Mali,Wyoming,Port Jessicamouth,Office Supplies,Binders,Along,3,36.83,0.24,26.21,83.97,17.53,0.21,Critical,Net Banking
ORD-11234,2025-02-03,Feb,2025,David Roberts,New,Corporate,West,Micronesia,Iowa,West Dylanfort,Furniture,Chairs,Book,5,468.7,0.28,34.49,1687.32,435.71,0.26,High,Cash
ORD-11235,2024-11-14,Nov,2024,James Mclaughlin,New,Home Office,West,Poland,Indiana,North Andrea,Technology,Accessories,Ability,9,93.61,0.01,5.65,834.07,19.56,0.02,Low,UPI
ORD-11236,2025-02-09,Feb,2025,Mr. Douglas Taylor,Returning,Corporate,West,Equatorial Guinea,Wisconsin,East Christy,Technology,Phones,Mission,5,689.5,0.22,25.06,2689.05,84.34,0.03,Medium,Cash
ORD-11237,2024-11-19,Nov,2024,Robert Thomas,New,Corporate,West,Holy See (Vatican City State),Colorado,Gallagherbury,Office Supplies,Storage,Civil,9,407.96,0.09,5.32,3341.19,547.74,0.16,Medium,Cash
ORD-11238,2025-09-06,Sep,2025,Grace Taylor,New,Consumer,Central,French Guiana,Texas,Colleenville,Furniture,Bookcases,Institution,3,92.23,0.09,33.9,251.79,33.23,0.13,Medium,Card
ORD-11239,2023-10-12,Oct,2023,Shannon Austin,Returning,Home Office,North,Equatorial Guinea,Kansas,East Michelle,Office Supplies,Storage,Skin,9,707.99,0.03,40.2,6180.75,1845.52,0.3,High,Net Banking
ORD-11240,2025-08-21,Aug,2025,Dawn Roberts,VIP,Corporate,West,Netherlands,Ohio,South Sandraland,Technology,Accessories,Tonight,4,726.7,0.09,20.1,2645.19,-253.87,-0.1,High,Net Banking
ORD-11241,2025-07-03,Jul,2025,Jeremiah Schwartz,VIP,Corporate,North,Colombia,Oregon,Smithview,Office Supplies,Storage,Whole,7,559.73,0.29,40.35,2781.86,-45.19,-0.02,Critical,Card
ORD-11242,2024-11-03,Nov,2024,Lori Rosario,New,Corporate,Central,Madagascar,Idaho,Port Bobbyfort,Technology,Phones,Sister,10,477.51,0.11,48.85,4249.84,245.08,0.06,Low,Cash
ORD-11243,2024-06-20,Jun,2024,Timothy Young,New,Home Office,Central,Tuvalu,South Carolina,East Robert,Technology,Accessories,Positive,1,459.43,0.08,18.53,422.68,10.05,0.02,High,UPI
ORD-11244,2023-12-31,Dec,2023,Ronald Wells,VIP,Corporate,East,Zambia,Mississippi,Port Thomas,Furniture,Tables,Beat,10,126.39,0.11,12.38,1124.87,69.13,0.06,Medium,Net Banking
ORD-11245,2025-07-11,Jul,2025,Elizabeth King,New,Home Office,North,Nicaragua,Idaho,West Anthony,Office Supplies,Paper,Economy,1,779.15,0.24,9.12,592.15,152.74,0.26,Low,Card
ORD-11246,2025-05-23,May,2025,Ashlee Gay,VIP,Corporate,East,Moldova,Louisiana,Castrostad,Office Supplies,Binders,Owner,7,611.2,0.22,28.98,3337.15,936.76,0.28,Critical,UPI
ORD-11247,2023-01-25,Jan,2023,Joshua Jenkins,VIP,Corporate,Central,Guam,New York,Richardfort,Office Supplies,Storage,Write,3,671.41,0.07,47.33,1873.23,287.97,0.15,Critical,Card
ORD-11248,2025-03-20,Mar,2025,Barbara Steele DVM,New,Corporate,West,Zimbabwe,Arkansas,Frederickshire,Office Supplies,Binders,Feeling,2,97.42,0.14,35.98,167.56,2.47,0.01,High,Card
ORD-11249,2025-10-12,Oct,2025,Angela Torres,VIP,Consumer,North,Russian Federation,New Mexico,New Teresafurt,Office Supplies,Paper,Thing,4,459.02,0.2,46.68,1468.86,27.42,0.02,Low,Card
ORD-11250,2023-06-24,Jun,2023,Gina Johnson,VIP,Home Office,West,Palestinian Territory,Vermont,Christianmouth,Furniture,Bookcases,Above,5,198.4,0.19,13.92,803.52,170.01,0.21,Low,Cash
ORD-11251,2024-10-05,Oct,2024,Jamie Morgan,Returning,Home Office,South,Barbados,Michigan,Penningtontown,Furniture,Chairs,Sign,4,747.88,0.26,31.41,2213.72,-144.62,-0.07,Critical,Cash
ORD-11252,2023-06-17,Jun,2023,Dr. Katie Johnson,VIP,Home Office,East,Central African Republic,New York,South Samuel,Technology,Laptops,Most,4,72.01,0.23,43.2,221.79,-9.66,-0.04,Low,Net Banking
ORD-11253,2023-07-02,Jul,2023,Anthony Vasquez,VIP,Corporate,West,Marshall Islands,New York,South Christinahaven,Technology,Accessories,Kitchen,8,783.84,0.11,11.06,5580.94,616.34,0.11,Medium,Cash
ORD-11254,2023-04-15,Apr,2023,Alan Reyes,Returning,Corporate,Central,Nauru,New York,South Davidmouth,Furniture,Bookcases,Ever,10,481.07,0.12,18.53,4233.42,510.09,0.12,High,Cash
ORD-11255,2025-09-15,Sep,2025,Julia Ortiz,New,Corporate,South,India,Washington,West Regina,Office Supplies,Paper,With,9,88.22,0.06,20.02,746.34,80.84,0.11,High,Net Banking
ORD-11256,2024-11-20,Nov,2024,Joseph Martin,Returning,Home Office,Central,Papua New Guinea,Montana,South Christy,Furniture,Tables,Or,9,640.07,0.28,43.37,4147.65,682.41,0.16,Low,UPI
ORD-11257,2025-08-18,Aug,2025,Melissa Joseph,VIP,Home Office,South,Canada,Utah,Edwardland,Technology,Laptops,Candidate,5,526.61,0.24,32.23,2001.12,478.32,0.24,High,Net Banking
ORD-11258,2023-07-26,Jul,2023,Christian Chambers,Returning,Consumer,North,Oman,Virginia,East Shawna,Office Supplies,Paper,Talk,3,601.02,0.02,22.78,1767.0,172.01,0.1,Critical,Card
ORD-11259,2024-03-09,Mar,2024,David Hunt,Returning,Corporate,North,Somalia,Vermont,North Joseph,Office Supplies,Binders,Describe,7,605.02,0.22,28.14,3303.41,463.78,0.14,Medium,UPI
ORD-11260,2024-01-12,Jan,2024,Jennifer Robinson,Returning,Corporate,East,Tanzania,Pennsylvania,Tammyville,Office Supplies,Storage,Majority,8,788.16,0.04,13.11,6053.07,256.51,0.04,High,UPI
ORD-11261,2024-11-20,Nov,2024,Jose Matthews,New,Corporate,East,Colombia,Delaware,Brownmouth,Technology,Accessories,Special,4,354.93,0.13,23.36,1235.16,44.77,0.04,Critical,UPI
ORD-11262,2023-01-18,Jan,2023,Jason Ward,VIP,Corporate,North,Belgium,Virginia,South Alicia,Office Supplies,Binders,Official,4,169.28,0.29,13.28,480.76,0.63,0.0,High,Card
ORD-11263,2024-11-15,Nov,2024,Eric Arias,Returning,Consumer,East,Guadeloupe,Wisconsin,South Kathleen,Furniture,Bookcases,Position,6,460.68,0.06,39.86,2598.24,759.0,0.29,Medium,Cash
ORD-11264,2024-05-09,May,2024,Kevin Lopez,New,Home Office,North,Faroe Islands,New Hampshire,Vargasland,Technology,Accessories,Bill,10,619.61,0.03,44.28,6010.22,590.66,0.1,High,UPI
ORD-11265,2024-05-15,May,2024,Abigail Carr,VIP,Consumer,Central,Sao Tome and Principe,Vermont,East Danielchester,Furniture,Chairs,Available,10,16.58,0.29,23.71,117.72,2.45,0.02,Medium,Card
ORD-11266,2024-04-12,Apr,2024,Christie Kelley,New,Home Office,Central,Nicaragua,Hawaii,Lake Thomas,Office Supplies,Binders,Discussion,8,182.92,0.24,16.35,1112.15,127.94,0.12,High,Net Banking
ORD-11267,2023-11-21,Nov,2023,Sean Sherman,Returning,Home Office,South,Barbados,South Dakota,Lake Donald,Technology,Phones,Letter,8,12.42,0.01,8.3,98.37,23.19,0.24,High,Cash
ORD-11268,2023-08-01,Aug,2023,Jane Brooks,VIP,Home Office,West,Montserrat,Montana,Tylerfurt,Office Supplies,Storage,Accept,3,186.64,0.1,40.21,503.93,-34.6,-0.07,Critical,Cash
ORD-11269,2024-05-04,May,2024,Alyssa Williams,Returning,Home Office,Central,Georgia,South Dakota,Barneston,Office Supplies,Storage,Name,5,532.85,0.18,39.07,2184.68,562.97,0.26,High,Cash
ORD-11270,2023-05-09,May,2023,Carlos Woods,New,Home Office,East,Croatia,Arizona,Pamelashire,Technology,Laptops,Investment,10,181.86,0.07,16.22,1691.3,351.26,0.21,High,Card
ORD-11271,2024-07-19,Jul,2024,Alfred Guerrero,New,Corporate,North,Martinique,Maine,South Brendaside,Technology,Phones,Relate,7,704.83,0.02,31.21,4835.13,1355.32,0.28,Low,Net Banking
ORD-11272,2024-06-04,Jun,2024,Brent Williams,Returning,Corporate,East,Colombia,Washington,Samanthaville,Technology,Accessories,My,1,223.27,0.19,29.56,180.85,9.46,0.05,Critical,Card
ORD-11273,2022-12-11,Dec,2022,Yolanda Klein,Returning,Corporate,North,Western Sahara,California,Smithtown,Furniture,Tables,Identify,4,715.63,0.15,34.78,2433.14,-58.51,-0.02,High,Net Banking
ORD-11274,2023-01-29,Jan,2023,Kenneth Taylor,VIP,Home Office,East,Moldova,Nevada,Garrettton,Technology,Accessories,Might,4,713.04,0.12,26.95,2509.9,621.05,0.25,Medium,UPI
ORD-11275,2025-08-06,Aug,2025,Aaron Novak,New,Consumer,Central,French Guiana,South Carolina,Tiffanyburgh,Furniture,Tables,Reason,3,550.83,0.28,38.56,1189.79,-116.25,-0.1,High,UPI
ORD-11276,2024-12-19,Dec,2024,Michael Richardson,Returning,Corporate,West,Comoros,Virginia,New Josephton,Technology,Phones,Send,10,666.13,0.29,13.03,4729.52,1374.78,0.29,Low,Cash
ORD-11277,2023-03-01,Mar,2023,Roger Miles,VIP,Home Office,East,Niger,West Virginia,West Christinaburgh,Furniture,Chairs,Design,4,337.36,0.19,25.84,1093.05,-87.9,-0.08,High,Card
ORD-11278,2023-04-22,Apr,2023,Adam Cunningham,New,Consumer,North,Togo,Oklahoma,South Cynthia,Technology,Phones,Say,5,314.46,0.04,22.2,1509.41,216.86,0.14,Critical,Cash
ORD-11279,2024-09-09,Sep,2024,Courtney Evans,VIP,Home Office,West,Kenya,Wyoming,South Lisa,Technology,Phones,Single,8,497.68,0.29,43.01,2826.82,590.32,0.21,Critical,Net Banking
ORD-11280,2024-03-20,Mar,2024,Larry Sampson,New,Home Office,East,Kuwait,Delaware,Sarahton,Office Supplies,Storage,Happy,2,793.19,0.28,47.52,1142.19,265.53,0.23,Critical,UPI
ORD-11281,2024-10-03,Oct,2024,Lisa Warren,VIP,Corporate,South,Afghanistan,Arkansas,New Todd,Technology,Phones,College,7,52.01,0.21,31.41,287.62,-23.02,-0.08,Critical,Cash
ORD-11282,2023-11-15,Nov,2023,Charles Cole,Returning,Corporate,Central,Anguilla,Florida,Youngton,Furniture,Chairs,Never,10,529.25,0.13,24.56,4604.48,-0.01,0.0,Critical,Net Banking
ORD-11283,2025-02-15,Feb,2025,Joseph Vaughn,New,Corporate,Central,Lao People's Democratic Republic,Washington,South Elizabethtown,Technology,Accessories,Star,4,390.27,0.18,17.72,1280.09,35.45,0.03,Critical,Cash
ORD-11284,2025-02-04,Feb,2025,Timothy Smith,VIP,Consumer,North,Switzerland,California,Househaven,Technology,Laptops,Purpose,9,28.09,0.13,8.75,219.94,22.94,0.1,Medium,Cash
ORD-11285,2024-03-29,Mar,2024,Sonya Harris,Returning,Corporate,West,Taiwan,Maine,Robbinsshire,Technology,Laptops,Wear,4,94.22,0.12,34.13,331.65,43.21,0.13,High,UPI
ORD-11286,2023-01-22,Jan,2023,Travis Romero,VIP,Consumer,North,Tunisia,Nevada,Natashaside,Furniture,Bookcases,Center,3,31.44,0.12,25.95,83.0,3.74,0.05,Medium,Net Banking
ORD-11287,2025-06-18,Jun,2025,Edward Franco,VIP,Corporate,South,Ireland,Massachusetts,Cameronmouth,Office Supplies,Binders,War,3,420.99,0.15,45.91,1073.52,-28.76,-0.03,High,Net Banking
ORD-11288,2023-11-21,Nov,2023,Mark Blackwell,Returning,Corporate,South,Thailand,New York,Russellville,Technology,Laptops,School,6,243.1,0.17,46.66,1210.64,188.26,0.16,High,Net Banking
ORD-11289,2022-12-26,Dec,2022,Brittney Baker,VIP,Consumer,South,Georgia,Iowa,Juanview,Office Supplies,Binders,Manage,5,59.77,0.05,22.84,283.91,-2.31,-0.01,High,Cash
ORD-11290,2024-10-08,Oct,2024,Kevin Orozco,Returning,Home Office,South,Bulgaria,Iowa,New Jeffery,Technology,Accessories,Account,10,36.75,0.18,11.83,301.35,31.88,0.11,Low,Net Banking
ORD-11291,2025-04-02,Apr,2025,Michelle Ryan,Returning,Consumer,West,Nauru,Utah,Claudiamouth,Furniture,Chairs,East,5,555.07,0.03,24.6,2692.09,137.75,0.05,Medium,Cash
ORD-11292,2023-11-10,Nov,2023,Steve Hall,VIP,Corporate,West,Mauritania,Oregon,Tylerstad,Furniture,Tables,Evidence,6,613.51,0.04,41.23,3533.82,-28.26,-0.01,Critical,UPI
ORD-11293,2022-12-21,Dec,2022,Veronica Hart,Returning,Corporate,South,Guyana,California,West Christy,Office Supplies,Storage,Skin,9,780.35,0.13,9.2,6110.14,142.4,0.02,Medium,UPI
ORD-11294,2024-04-25,Apr,2024,Richard Hunter,Returning,Consumer,South,Nauru,South Carolina,South Anthonyville,Technology,Laptops,Send,10,505.05,0.11,19.25,4494.94,528.15,0.12,High,UPI
ORD-11295,2025-01-15,Jan,2025,Amanda Gallagher,New,Consumer,West,Poland,Kansas,Dunlapstad,Furniture,Tables,Expert,3,723.31,0.17,21.29,1801.04,134.93,0.07,Critical,Cash
ORD-11296,2023-07-05,Jul,2023,William Phillips,New,Corporate,Central,Cote d'Ivoire,Kentucky,New Ricky,Office Supplies,Paper,Industry,1,795.79,0.01,15.9,787.83,185.53,0.24,Medium,Cash
ORD-11297,2025-11-01,Nov,2025,Jessica Wright,Returning,Corporate,West,Bahrain,Kansas,Amystad,Furniture,Bookcases,Though,8,563.41,0.28,26.08,3245.24,829.6,0.26,Critical,Net Banking
ORD-11298,2025-08-11,Aug,2025,Olivia Jackson,New,Corporate,North,United Arab Emirates,Nevada,Meganmouth,Furniture,Tables,Too,6,182.17,0.04,22.45,1049.3,224.12,0.21,Critical,Net Banking
ORD-11299,2024-06-13,Jun,2024,Christopher May,VIP,Home Office,North,Mozambique,New Hampshire,Port Jonathanhaven,Technology,Accessories,President,7,468.25,0.23,22.13,2523.87,-170.07,-0.07,Critical,Net Banking
ORD-11300,2025-07-10,Jul,2025,Tonya Massey,New,Corporate,North,Seychelles,Nebraska,New Michael,Technology,Phones,Then,1,47.89,0.13,16.88,41.66,0.89,0.02,High,Card
ORD-11301,2022-12-10,Dec,2022,Jasmine Allen DVM,Returning,Home Office,North,Armenia,Wisconsin,North Peterchester,Furniture,Tables,Recognize,1,794.43,0.07,6.32,738.82,189.88,0.26,High,Net Banking
ORD-11302,2025-01-28,Jan,2025,Dylan Herrera,VIP,Home Office,North,Solomon Islands,Kentucky,East Joan,Furniture,Chairs,Place,10,508.38,0.28,30.62,3660.34,-117.42,-0.03,High,Cash
ORD-11303,2023-03-22,Mar,2023,Ashley Romero,Returning,Corporate,East,Oman,New Jersey,Margaretberg,Technology,Laptops,Oil,8,739.52,0.02,25.19,5797.84,1555.54,0.27,Low,Net Banking
ORD-11304,2023-05-08,May,2023,Timothy York,Returning,Corporate,East,San Marino,Missouri,South Kimberly,Technology,Laptops,System,4,24.91,0.19,18.23,80.71,15.35,0.19,Critical,Cash
ORD-11305,2025-09-19,Sep,2025,Breanna Hayes,Returning,Consumer,South,Spain,Rhode Island,East Kevinton,Technology,Accessories,Out,4,43.16,0.14,16.76,148.47,14.67,0.1,Critical,UPI
ORD-11306,2024-06-14,Jun,2024,Patrick Freeman,VIP,Consumer,Central,Kazakhstan,Michigan,Mosleyside,Furniture,Tables,High,1,615.6,0.21,12.47,486.32,97.49,0.2,Critical,UPI
ORD-11307,2023-04-12,Apr,2023,Nicholas Bullock,New,Home Office,Central,Cayman Islands,New York,East Davidtown,Furniture,Tables,Politics,3,272.73,0.25,34.98,613.64,-52.23,-0.09,Critical,Cash
ORD-11308,2025-05-25,May,2025,Kevin Cooper,New,Home Office,Central,Montserrat,Maryland,Lake Desireeberg,Technology,Laptops,Skill,2,673.95,0.28,43.86,970.49,37.4,0.04,High,Net Banking
ORD-11309,2023-06-04,Jun,2023,Emily Goodwin,Returning,Home Office,North,Azerbaijan,Arizona,Port Amandachester,Technology,Laptops,Coach,5,268.96,0.21,34.98,1062.39,-6.67,-0.01,Low,Cash
ORD-11310,2025-05-01,May,2025,Jessica Cortez,VIP,Corporate,East,Rwanda,Louisiana,Davidshire,Furniture,Chairs,Home,2,761.14,0.19,25.75,1233.05,306.36,0.25,Critical,UPI
ORD-11311,2024-01-11,Jan,2024,Amanda Wilson,Returning,Home Office,South,Australia,Maine,Rodriguezfurt,Furniture,Bookcases,Decision,6,506.31,0.05,44.43,2885.97,690.63,0.24,Low,Card
ORD-11312,2025-10-19,Oct,2025,Antonio Williams,Returning,Home Office,South,Peru,West Virginia,Weaverport,Office Supplies,Binders,Loss,7,52.94,0.14,30.4,318.7,12.78,0.04,Critical,Card
ORD-11313,2023-08-29,Aug,2023,Kimberly Greer,Returning,Consumer,West,Pitcairn Islands,Texas,South Robinberg,Office Supplies,Storage,Us,3,242.83,0.07,39.7,677.5,186.44,0.28,Low,Net Banking
ORD-11314,2024-08-12,Aug,2024,Jessica Patel,Returning,Consumer,Central,Portugal,Iowa,Johnsonville,Technology,Phones,Own,6,432.47,0.12,35.9,2283.44,212.07,0.09,Critical,Cash
ORD-11315,2025-04-13,Apr,2025,Yesenia Zuniga,Returning,Corporate,East,Tajikistan,New York,East Waynestad,Technology,Laptops,Create,10,558.9,0.12,20.65,4918.32,-274.28,-0.06,Critical,Card
ORD-11316,2022-12-24,Dec,2022,Kevin Rogers,New,Consumer,North,Bolivia,Vermont,New Patriciaborough,Technology,Phones,Center,5,329.24,0.17,15.1,1366.35,-98.5,-0.07,Low,Card
ORD-11317,2023-12-14,Dec,2023,Lawrence Patton,Returning,Corporate,East,Cambodia,Ohio,Jonesbury,Technology,Laptops,Hour,7,306.34,0.1,7.18,1929.94,89.7,0.05,High,Cash
ORD-11318,2024-12-21,Dec,2024,April Todd,New,Consumer,West,Tokelau,Tennessee,South Austin,Technology,Accessories,Man,7,412.86,0.27,18.54,2109.71,139.06,0.07,High,UPI
ORD-11319,2024-10-23,Oct,2024,Diana Hernandez,Returning,Corporate,North,Hungary,Missouri,New Allen,Technology,Phones,Worry,7,598.55,0.29,6.1,2974.79,172.44,0.06,Low,UPI
ORD-11320,2024-05-14,May,2024,Crystal Brown,New,Consumer,Central,Holy See (Vatican City State),Oklahoma,South Zachary,Office Supplies,Storage,Experience,3,46.85,0.09,47.9,127.9,8.33,0.07,Critical,Net Banking
ORD-11321,2024-08-02,Aug,2024,Aaron Miller,New,Home Office,West,Maldives,Texas,New Christianside,Technology,Accessories,We,4,634.3,0.05,44.56,2410.34,439.82,0.18,High,UPI
ORD-11322,2025-04-07,Apr,2025,Kimberly Walls,New,Corporate,South,American Samoa,Kentucky,Amandafort,Furniture,Tables,Remember,6,392.69,0.11,29.13,2096.96,-124.14,-0.06,Critical,Net Banking
ORD-11323,2023-04-07,Apr,2023,Alison Shepherd,Returning,Consumer,East,Fiji,Virginia,North Meganstad,Furniture,Bookcases,Able,5,797.18,0.13,24.87,3467.73,467.06,0.13,High,Net Banking
ORD-11324,2025-11-08,Nov,2025,Barbara Peterson,New,Corporate,Central,Algeria,Mississippi,East Joshuachester,Office Supplies,Binders,Energy,5,557.72,0.0,45.49,2788.6,822.27,0.29,Low,Net Banking
ORD-11325,2023-09-20,Sep,2023,Anthony Burke,New,Corporate,Central,Nicaragua,Virginia,Port Josephfort,Office Supplies,Paper,Article,2,263.52,0.08,20.93,484.88,117.89,0.24,Low,UPI
ORD-11326,2025-08-04,Aug,2025,Tina Flores,VIP,Corporate,Central,Holy See (Vatican City State),New Jersey,New Christopher,Furniture,Bookcases,Structure,1,629.87,0.16,30.03,529.09,136.45,0.26,Critical,Cash
ORD-11327,2023-04-02,Apr,2023,Christian Klein,VIP,Consumer,East,Libyan Arab Jamahiriya,Arkansas,New Sandra,Technology,Phones,Something,7,379.08,0.16,20.08,2228.99,662.91,0.3,Low,Net Banking
ORD-11328,2024-06-01,Jun,2024,Suzanne Johnson,Returning,Corporate,North,Lithuania,Louisiana,Victoriaview,Office Supplies,Binders,Conference,2,663.3,0.16,28.31,1114.34,95.03,0.09,High,UPI
ORD-11329,2023-10-06,Oct,2023,John Dawson,VIP,Consumer,North,British Virgin Islands,Tennessee,Calvinhaven,Furniture,Chairs,Too,6,182.75,0.16,17.55,921.06,57.89,0.06,Low,UPI
ORD-11330,2023-09-08,Sep,2023,Joshua Ward,VIP,Home Office,Central,Cape Verde,Alaska,North Keithhaven,Furniture,Bookcases,Every,2,363.55,0.27,16.0,530.78,106.04,0.2,High,Net Banking
ORD-11331,2024-07-30,Jul,2024,Timothy Lane,VIP,Corporate,South,Finland,Missouri,Heatherberg,Furniture,Bookcases,Key,2,140.8,0.0,22.67,281.6,-22.93,-0.08,High,Net Banking
ORD-11332,2023-11-13,Nov,2023,Melissa Sparks,VIP,Consumer,East,Antarctica (the territory South of 60 deg S),Alaska,North Robert,Office Supplies,Paper,Teach,9,727.36,0.27,27.89,4778.76,7.29,0.0,High,Net Banking
ORD-11333,2024-06-01,Jun,2024,Heather Marsh,VIP,Corporate,Central,Guatemala,Texas,Woodfurt,Office Supplies,Storage,South,1,754.26,0.13,12.45,656.21,191.2,0.29,Critical,Card
ORD-11334,2024-12-20,Dec,2024,Nancy Schneider,VIP,Consumer,North,Guatemala,Oregon,South Carlafort,Technology,Accessories,Institution,5,728.07,0.13,19.87,3167.1,243.0,0.08,Medium,Cash
ORD-11335,2024-02-11,Feb,2024,Gabrielle Vazquez,New,Consumer,East,Netherlands,Indiana,New Colleenfort,Furniture,Bookcases,Truth,1,30.49,0.02,6.22,29.88,6.62,0.22,Low,Cash
ORD-11336,2023-04-20,Apr,2023,Nicole Phillips,Returning,Consumer,Central,Suriname,Kansas,East Laceyfort,Technology,Accessories,List,9,708.77,0.23,41.38,4911.78,1316.99,0.27,Low,UPI
ORD-11337,2024-08-29,Aug,2024,Antonio Odonnell,VIP,Home Office,West,Jamaica,New Mexico,Port Kayla,Office Supplies,Storage,Anyone,5,543.48,0.05,37.75,2581.53,68.31,0.03,Medium,Card
ORD-11338,2023-09-24,Sep,2023,Lance Moyer,Returning,Home Office,East,Tuvalu,California,Traceyborough,Furniture,Bookcases,Agency,8,396.01,0.08,20.71,2914.63,629.55,0.22,High,Net Banking
ORD-11339,2025-10-31,Oct,2025,Jennifer Gomez,Returning,Corporate,South,Saint Martin,Utah,Griffinstad,Furniture,Bookcases,Clear,6,750.42,0.11,47.92,4007.24,-44.25,-0.01,Low,Cash
ORD-11340,2024-06-17,Jun,2024,Patricia Simon,VIP,Home Office,West,Denmark,Missouri,New Steven,Office Supplies,Paper,Successful,10,780.02,0.14,39.83,6708.17,1774.92,0.26,Critical,Card
ORD-11341,2024-04-15,Apr,2024,Nathan Harrison,Returning,Home Office,Central,Sierra Leone,Arizona,Gallegoschester,Office Supplies,Paper,Traditional,3,386.63,0.27,27.41,846.72,42.41,0.05,Critical,UPI
ORD-11342,2023-04-05,Apr,2023,Michael Gonzalez,VIP,Consumer,South,French Southern Territories,California,Caldwellshire,Office Supplies,Paper,Win,10,720.19,0.04,42.68,6913.82,30.95,0.0,Critical,Card
ORD-11343,2024-04-06,Apr,2024,Anthony Gardner,VIP,Consumer,North,Mayotte,Nevada,West Brookeberg,Office Supplies,Binders,Society,9,380.38,0.23,32.37,2636.03,-91.36,-0.03,Low,Cash
ORD-11344,2025-05-19,May,2025,Barbara Gross,New,Consumer,Central,Singapore,Massachusetts,Johnhaven,Furniture,Tables,Floor,2,36.47,0.03,14.84,70.75,1.39,0.02,Low,UPI
ORD-11345,2025-07-31,Jul,2025,Nicole Berry,VIP,Home Office,East,Thailand,South Dakota,South Kylehaven,Technology,Laptops,Culture,3,431.47,0.03,25.01,1255.58,335.15,0.27,High,Cash
ORD-11346,2025-03-05,Mar,2025,Ivan Romero,Returning,Corporate,East,Mongolia,Indiana,Millsstad,Office Supplies,Storage,Price,3,82.77,0.07,37.04,230.93,14.46,0.06,Critical,Cash
ORD-11347,2023-08-17,Aug,2023,Sherry Davila,Returning,Home Office,South,Saint Kitts and Nevis,Arizona,Millerview,Furniture,Chairs,Reason,7,511.44,0.1,41.32,3222.07,737.76,0.23,Low,Net Banking
ORD-11348,2025-01-01,Jan,2025,Alison Chen,Returning,Home Office,East,Uganda,Colorado,North Edwardchester,Office Supplies,Storage,Think,4,332.16,0.04,11.35,1275.49,236.6,0.19,High,Net Banking
ORD-11349,2024-08-29,Aug,2024,Amber Allen,Returning,Home Office,West,San Marino,Michigan,Gutierrezton,Office Supplies,Binders,Mother,5,607.36,0.27,25.86,2216.86,-86.97,-0.04,Low,Cash
ORD-11350,2023-10-21,Oct,2023,Brandon Jenkins,New,Corporate,West,French Southern Territories,Oregon,Stewartland,Furniture,Bookcases,She,5,589.53,0.18,10.47,2417.07,578.27,0.24,Critical,Cash
ORD-11351,2023-03-13,Mar,2023,Dr. Joseph Mcmahon,VIP,Corporate,Central,Pakistan,Georgia,Averyland,Furniture,Chairs,Civil,1,604.71,0.13,10.72,526.1,60.68,0.12,Medium,Cash
ORD-11352,2025-09-13,Sep,2025,Adam Daniel,New,Corporate,Central,Grenada,Virginia,West John,Office Supplies,Storage,Pattern,9,242.21,0.06,45.15,2049.1,170.28,0.08,Critical,UPI
ORD-11353,2025-08-03,Aug,2025,Michael Moore,New,Corporate,North,Nicaragua,Maine,South Brittney,Office Supplies,Storage,What,7,727.6,0.12,48.3,4482.02,897.58,0.2,Low,Card
ORD-11354,2024-09-24,Sep,2024,Kelly Orr,New,Corporate,North,Cameroon,Mississippi,Port John,Technology,Laptops,Industry,5,457.96,0.27,18.53,1671.55,-41.09,-0.02,High,Cash
ORD-11355,2024-10-24,Oct,2024,Kenneth Harris,New,Home Office,South,Nicaragua,Washington,Briannaport,Office Supplies,Paper,Official,9,334.44,0.07,16.82,2799.26,607.56,0.22,High,Net Banking
ORD-11356,2024-07-11,Jul,2024,Christopher Lang,VIP,Home Office,Central,Seychelles,Oklahoma,Port Jacquelineberg,Technology,Laptops,Myself,4,164.58,0.28,6.62,473.99,140.48,0.3,Medium,UPI
ORD-11357,2023-05-11,May,2023,Timothy Chavez,Returning,Corporate,Central,Tanzania,North Carolina,Clarkside,Furniture,Bookcases,Possible,10,799.91,0.23,13.73,6159.31,156.3,0.03,Critical,UPI
ORD-11358,2024-05-27,May,2024,Mary Garcia,Returning,Corporate,South,Benin,West Virginia,New Travis,Furniture,Tables,Dream,4,553.51,0.14,40.49,1904.07,13.78,0.01,Critical,Card
ORD-11359,2025-01-18,Jan,2025,Austin Potter,VIP,Corporate,West,Mongolia,Mississippi,Bakertown,Furniture,Bookcases,Somebody,9,524.8,0.03,42.97,4581.5,273.1,0.06,High,Net Banking
ORD-11360,2023-09-12,Sep,2023,Julie Wiley,Returning,Corporate,East,United States of America,Minnesota,East Thomasville,Technology,Laptops,Together,1,288.2,0.14,17.07,247.85,69.31,0.28,Medium,UPI
ORD-11361,2024-09-29,Sep,2024,Alex Ortiz,Returning,Home Office,South,Saint Martin,Florida,West Amyport,Office Supplies,Binders,Three,10,145.19,0.29,23.18,1030.85,-76.52,-0.07,High,Cash
ORD-11362,2023-11-15,Nov,2023,Alexandra Bond,VIP,Home Office,West,Antigua and Barbuda,North Dakota,Thomasmouth,Furniture,Chairs,Feel,7,796.36,0.11,25.48,4961.32,1329.13,0.27,Low,Card
ORD-11363,2025-07-29,Jul,2025,Charles Dean,VIP,Consumer,West,Namibia,Illinois,New Jenniferport,Furniture,Chairs,Memory,1,439.6,0.11,44.24,391.24,43.06,0.11,Critical,Cash
ORD-11364,2025-03-18,Mar,2025,Dr. Sierra Hernandez,New,Corporate,Central,Netherlands Antilles,Texas,West Elizabethfort,Technology,Accessories,Fund,10,494.55,0.16,37.95,4154.22,868.57,0.21,Critical,UPI
ORD-11365,2025-01-30,Jan,2025,Jasmine Palmer,New,Home Office,East,Cocos (Keeling) Islands,Massachusetts,Laurenmouth,Furniture,Bookcases,Where,3,471.36,0.13,40.65,1230.25,271.26,0.22,Critical,Net Banking
ORD-11366,2024-12-24,Dec,2024,Deborah Graham,VIP,Home Office,Central,Cyprus,Wisconsin,Allisonmouth,Technology,Accessories,Purpose,5,537.9,0.08,47.27,2474.34,49.2,0.02,High,Card
ORD-11367,2025-10-29,Oct,2025,Christopher Garcia,VIP,Home Office,North,Lebanon,New Jersey,East Justinland,Technology,Accessories,Important,6,241.09,0.13,39.56,1258.49,325.49,0.26,Low,UPI
ORD-11368,2025-10-09,Oct,2025,Danielle Gonzalez,Returning,Home Office,East,Northern Mariana Islands,North Carolina,Thompsonton,Furniture,Chairs,Kitchen,10,262.0,0.3,34.67,1834.0,267.51,0.15,High,UPI
ORD-11369,2024-09-27,Sep,2024,Courtney Smith,VIP,Consumer,East,Eritrea,Arkansas,Kimberlymouth,Technology,Laptops,However,1,333.74,0.17,23.42,277.0,-0.89,0.0,Low,Card
ORD-11370,2023-12-14,Dec,2023,Cindy Campbell,Returning,Home Office,South,Chad,Colorado,South Marissamouth,Furniture,Chairs,Opportunity,9,653.21,0.22,21.2,4585.53,546.4,0.12,Critical,UPI
ORD-11371,2025-09-02,Sep,2025,Laura Orr,Returning,Consumer,South,Japan,Iowa,Vanessafurt,Technology,Laptops,Top,4,60.57,0.13,47.84,210.78,1.82,0.01,Low,Net Banking
ORD-11372,2023-03-13,Mar,2023,Kathy Harper,VIP,Corporate,East,Bulgaria,Minnesota,Carlsonberg,Technology,Phones,Kitchen,6,443.21,0.23,22.26,2047.63,285.74,0.14,Medium,Cash
ORD-11373,2023-09-19,Sep,2023,Paul Norris,New,Consumer,South,Zimbabwe,Mississippi,Kristaburgh,Technology,Accessories,Hundred,9,99.67,0.19,42.23,726.59,-17.3,-0.02,Medium,UPI
ORD-11374,2025-11-19,Nov,2025,Kelly Fields,New,Corporate,South,Somalia,Rhode Island,Wolfehaven,Furniture,Chairs,Value,4,274.47,0.29,48.36,779.49,55.87,0.07,Critical,UPI
ORD-11375,2025-08-29,Aug,2025,Paula Eaton,New,Home Office,West,Netherlands,Pennsylvania,Petersonberg,Office Supplies,Binders,Year,10,277.86,0.07,48.91,2584.1,121.01,0.05,Low,UPI
ORD-11376,2023-02-15,Feb,2023,Jared Chase,New,Corporate,West,Colombia,Massachusetts,Petersport,Office Supplies,Binders,Rich,5,687.98,0.22,38.08,2683.12,747.27,0.28,Critical,Card
ORD-11377,2025-01-06,Jan,2025,David Ford,Returning,Home Office,Central,Sri Lanka,North Dakota,Port Shaneshire,Technology,Phones,Important,10,369.18,0.23,30.73,2842.69,-213.44,-0.08,Medium,Cash
ORD-11378,2025-04-01,Apr,2025,Russell Richardson,New,Consumer,West,Bulgaria,Wyoming,Christopherstad,Office Supplies,Storage,Physical,7,166.53,0.13,33.62,1014.17,-88.67,-0.09,Critical,Card
ORD-11379,2024-09-05,Sep,2024,Lisa Mueller,Returning,Corporate,East,Croatia,New York,Garnerview,Furniture,Bookcases,So,10,676.36,0.02,24.24,6628.33,-195.83,-0.03,High,Cash
ORD-11380,2023-12-13,Dec,2023,Dawn Brown,New,Corporate,Central,Sudan,Georgia,North Cory,Furniture,Bookcases,Place,2,49.67,0.01,8.73,98.35,-8.42,-0.09,Critical,Net Banking
ORD-11381,2025-05-08,May,2025,James Morgan,New,Home Office,South,Korea,Utah,Murphyport,Technology,Laptops,Executive,9,388.3,0.07,22.28,3250.07,542.16,0.17,Low,Card
ORD-11382,2023-11-19,Nov,2023,Justin Harrison,Returning,Home Office,East,Vanuatu,New Jersey,Joshuaview,Technology,Phones,Mission,10,28.9,0.17,11.12,239.87,-22.76,-0.09,High,Cash
ORD-11383,2024-03-15,Mar,2024,Stephanie Anderson,VIP,Home Office,Central,Uruguay,Illinois,Justinburgh,Office Supplies,Storage,Method,3,771.71,0.27,46.57,1690.04,425.96,0.25,High,Card
ORD-11384,2023-09-06,Sep,2023,Stephen Martinez,Returning,Home Office,Central,Mayotte,Mississippi,Garystad,Technology,Laptops,Team,10,424.69,0.12,39.48,3737.27,91.83,0.02,Medium,Card
ORD-11385,2022-12-09,Dec,2022,Claire Moore,Returning,Home Office,North,Korea,Louisiana,New Angela,Technology,Laptops,Able,3,672.85,0.27,48.03,1473.54,-26.34,-0.02,Low,UPI
ORD-11386,2024-08-27,Aug,2024,Jason Watts,VIP,Consumer,West,Saint Kitts and Nevis,Nevada,West Kevin,Technology,Phones,Cost,2,688.0,0.19,19.42,1114.56,-55.58,-0.05,Medium,Card
ORD-11387,2025-09-04,Sep,2025,Cheryl Gibson,New,Consumer,South,South Africa,Alaska,Ronaldfort,Furniture,Tables,Account,8,676.33,0.24,22.36,4112.09,29.47,0.01,Low,Cash
ORD-11388,2025-11-05,Nov,2025,Joseph Webb,Returning,Corporate,North,Australia,Alabama,North Cassidy,Furniture,Bookcases,Entire,8,604.06,0.25,36.04,3624.36,636.94,0.18,Medium,Net Banking
ORD-11389,2023-02-22,Feb,2023,Laura Cox,VIP,Corporate,South,Taiwan,New Jersey,Carolshire,Furniture,Chairs,Letter,2,529.69,0.16,47.74,889.88,16.68,0.02,Critical,Cash
ORD-11390,2024-11-29,Nov,2024,Timothy Mccarthy,Returning,Home Office,North,Montserrat,North Dakota,North Lisafurt,Office Supplies,Paper,Economy,1,120.55,0.02,46.84,118.14,-5.76,-0.05,Medium,UPI
ORD-11391,2024-08-23,Aug,2024,Angel Nichols,VIP,Consumer,East,Czech Republic,Idaho,New Michaelside,Office Supplies,Storage,Issue,8,529.19,0.07,43.51,3937.17,-63.56,-0.02,Low,Net Banking
ORD-11392,2024-12-11,Dec,2024,Robert Owens,Returning,Corporate,Central,Senegal,Maine,East Jeremiahchester,Furniture,Tables,Night,2,762.86,0.04,32.27,1464.69,61.78,0.04,Medium,Card
ORD-11393,2025-10-24,Oct,2025,Kristi Lopez,Returning,Home Office,Central,Zimbabwe,Oklahoma,Dodsontown,Office Supplies,Paper,Interest,8,374.27,0.28,47.04,2155.8,-102.96,-0.05,Critical,UPI
ORD-11394,2023-04-10,Apr,2023,Ralph Peterson,New,Corporate,North,Northern Mariana Islands,North Dakota,North George,Technology,Phones,Before,7,587.79,0.29,34.15,2921.32,-78.38,-0.03,Critical,Net Banking
ORD-11395,2023-02-22,Feb,2023,Kelsey Andrews,VIP,Corporate,Central,Canada,Texas,South Brian,Technology,Laptops,Difficult,2,632.35,0.03,22.56,1226.76,153.94,0.13,Medium,Card
ORD-11396,2025-09-13,Sep,2025,Susan Torres,New,Consumer,East,Bahrain,New Jersey,Lake Mary,Technology,Accessories,Or,4,19.02,0.29,35.92,54.02,1.16,0.02,Medium,Cash
ORD-11397,2024-06-30,Jun,2024,Kevin Johnson,VIP,Consumer,South,Solomon Islands,Wyoming,Lake Pamelaborough,Technology,Phones,Pretty,5,538.78,0.24,41.72,2047.36,582.58,0.28,High,UPI
ORD-11398,2024-05-13,May,2024,Terry Powers,VIP,Corporate,West,Anguilla,Iowa,Michaelfurt,Technology,Accessories,Particular,1,436.33,0.19,40.41,353.43,96.61,0.27,Low,UPI
ORD-11399,2025-11-10,Nov,2025,Jason Swanson,New,Corporate,South,Oman,Georgia,Heatherfort,Office Supplies,Storage,Friend,4,557.18,0.12,22.87,1961.27,-9.03,0.0,Critical,Cash
ORD-11400,2025-02-01,Feb,2025,Megan Huffman,Returning,Home Office,East,Cape Verde,Vermont,Lake Sandra,Furniture,Chairs,Ago,3,775.68,0.19,35.14,1884.9,308.16,0.16,Medium,Card
ORD-11401,2024-10-17,Oct,2024,Ryan Hudson,New,Consumer,North,Kuwait,West Virginia,Brownberg,Furniture,Tables,Five,2,772.29,0.07,47.72,1436.46,240.54,0.17,Medium,Net Banking
ORD-11402,2024-08-31,Aug,2024,Steven Chapman,VIP,Home Office,Central,Isle of Man,Nevada,Nicholasberg,Office Supplies,Storage,Yard,1,389.15,0.15,8.96,330.78,-12.07,-0.04,High,Card
ORD-11403,2023-12-21,Dec,2023,Megan Gomez,Returning,Home Office,West,Brunei Darussalam,New Hampshire,Dannyfort,Furniture,Bookcases,Phone,4,593.5,0.19,34.87,1922.94,17.06,0.01,Low,Cash
ORD-11404,2023-11-02,Nov,2023,Rachel Townsend,New,Corporate,South,Trinidad and Tobago,Mississippi,Ericfort,Furniture,Bookcases,Question,5,376.06,0.29,24.34,1335.01,371.02,0.28,High,Card
ORD-11405,2024-03-17,Mar,2024,Scott Garcia,VIP,Home Office,South,Kyrgyz Republic,Idaho,South Pamela,Technology,Accessories,Pay,3,478.69,0.14,17.37,1235.02,249.88,0.2,Medium,Cash
ORD-11406,2024-06-26,Jun,2024,Arthur Norton,Returning,Corporate,North,French Polynesia,New Mexico,Cindyfurt,Technology,Laptops,Save,8,528.85,0.16,48.41,3553.87,586.7,0.17,Critical,Cash
ORD-11407,2024-12-06,Dec,2024,Megan Reed,New,Corporate,North,Jersey,Indiana,Butlerport,Furniture,Chairs,Local,1,541.93,0.12,9.62,476.9,122.6,0.26,Medium,Cash
ORD-11408,2023-01-15,Jan,2023,Jose Davies,Returning,Corporate,East,Mexico,Virginia,New Darleneberg,Furniture,Bookcases,One,10,300.02,0.24,20.21,2280.15,562.15,0.25,Low,Net Banking
ORD-11409,2023-05-28,May,2023,Dana Briggs,VIP,Home Office,North,Denmark,Iowa,Susanfort,Technology,Laptops,Field,1,644.79,0.22,34.33,502.94,-35.64,-0.07,High,Cash
ORD-11410,2023-12-13,Dec,2023,Charlene Boone,Returning,Consumer,South,Saudi Arabia,Ohio,North Kathrynborough,Office Supplies,Binders,Value,7,414.53,0.29,48.21,2060.21,383.99,0.19,Low,Net Banking
ORD-11411,2023-09-06,Sep,2023,Sheena Phillips,New,Corporate,West,Venezuela,Delaware,Eugeneton,Technology,Accessories,Only,6,284.52,0.08,26.39,1570.55,181.07,0.12,Low,Net Banking
ORD-11412,2025-08-01,Aug,2025,Lynn Schaefer,VIP,Consumer,South,Qatar,Pennsylvania,Sullivanmouth,Technology,Phones,Positive,2,528.48,0.09,12.15,961.83,167.64,0.17,Low,Card
ORD-11413,2024-11-25,Nov,2024,Joshua Davis,Returning,Consumer,South,Belgium,South Dakota,Youngshire,Furniture,Chairs,Message,4,458.51,0.22,38.95,1430.55,412.84,0.29,High,UPI
ORD-11414,2023-02-26,Feb,2023,Erin Davenport,Returning,Consumer,East,Niue,Delaware,West Michael,Technology,Phones,List,10,401.06,0.03,16.34,3890.28,-171.3,-0.04,High,Cash
ORD-11415,2023-07-28,Jul,2023,Kathleen Scott,VIP,Corporate,Central,Burundi,Alaska,Michaelbury,Technology,Phones,Best,7,516.05,0.2,41.8,2889.88,-55.01,-0.02,Medium,Card
ORD-11416,2025-11-09,Nov,2025,Wanda Hawkins,Returning,Corporate,West,Finland,South Dakota,East Brian,Technology,Accessories,Present,9,462.75,0.01,49.91,4123.1,159.85,0.04,Medium,UPI
ORD-11417,2025-01-23,Jan,2025,Jeffrey Lyons,New,Consumer,East,Senegal,Washington,South Charleneside,Office Supplies,Binders,Job,1,664.5,0.01,48.86,657.86,99.09,0.15,Critical,Net Banking
ORD-11418,2024-06-11,Jun,2024,Matthew Brown,New,Corporate,West,Uzbekistan,South Carolina,New Peter,Furniture,Bookcases,Sea,3,409.8,0.13,41.95,1069.58,46.35,0.04,Low,Net Banking
ORD-11419,2023-07-07,Jul,2023,Ms. Jamie Mcpherson DDS,New,Consumer,East,Faroe Islands,New York,Alexanderfort,Office Supplies,Paper,Imagine,2,333.36,0.06,24.15,626.72,-3.48,-0.01,Critical,Cash
ORD-11420,2023-02-12,Feb,2023,Jaclyn House,New,Home Office,South,Trinidad and Tobago,West Virginia,South Mark,Office Supplies,Binders,Total,4,699.0,0.22,47.89,2180.88,168.78,0.08,Low,Cash
ORD-11421,2024-07-13,Jul,2024,April Johnson,New,Home Office,East,Solomon Islands,Rhode Island,New Emilyfort,Technology,Phones,Tough,6,238.12,0.13,13.58,1242.99,368.23,0.3,High,Net Banking
ORD-11422,2025-02-25,Feb,2025,Aaron Chen,VIP,Corporate,North,Chile,California,Careyberg,Furniture,Bookcases,Group,1,106.4,0.13,41.87,92.57,11.75,0.13,Low,UPI
ORD-11423,2024-03-13,Mar,2024,Jessica Owens,New,Corporate,North,Finland,Rhode Island,North Eric,Office Supplies,Binders,Wrong,7,121.59,0.28,11.42,612.81,19.65,0.03,Low,Net Banking
ORD-11424,2023-09-24,Sep,2023,Jason Harvey,New,Consumer,South,Bangladesh,Hawaii,Bennettfort,Technology,Phones,Able,1,590.83,0.17,39.57,490.39,127.66,0.26,Medium,UPI
ORD-11425,2023-11-25,Nov,2023,Wyatt Thompson,Returning,Home Office,West,Anguilla,Nevada,Bakerville,Office Supplies,Binders,Wear,6,489.79,0.11,36.57,2615.48,397.98,0.15,Medium,Card
ORD-11426,2025-07-31,Jul,2025,Melissa Garcia,VIP,Consumer,East,Morocco,South Dakota,Michaelville,Furniture,Tables,Help,8,126.25,0.1,10.49,909.0,216.97,0.24,High,UPI
ORD-11427,2025-07-08,Jul,2025,Paula Johnson,Returning,Home Office,North,Tuvalu,Texas,South Anthonyborough,Furniture,Bookcases,Military,4,499.45,0.07,32.98,1857.95,38.78,0.02,Critical,UPI
ORD-11428,2023-09-08,Sep,2023,Lori Allen DVM,New,Home Office,Central,French Guiana,Ohio,Port Maureenhaven,Office Supplies,Storage,Teach,1,703.1,0.08,34.2,646.85,42.66,0.07,Critical,UPI
ORD-11429,2024-05-22,May,2024,James Wolf,Returning,Corporate,West,Netherlands Antilles,Nebraska,New Vickifurt,Technology,Laptops,Current,2,412.63,0.07,46.11,767.49,190.87,0.25,High,Net Banking
ORD-11430,2023-03-01,Mar,2023,Frank Jones,New,Consumer,North,Vietnam,New Mexico,Taylorshire,Furniture,Tables,Mean,8,73.65,0.01,43.53,583.31,34.58,0.06,Medium,Cash
ORD-11431,2025-06-18,Jun,2025,Michael Gray,Returning,Consumer,East,Peru,Rhode Island,Reedborough,Office Supplies,Binders,Technology,2,422.61,0.28,32.04,608.56,158.81,0.26,Low,Cash
ORD-11432,2024-11-18,Nov,2024,Monica Barry,New,Home Office,North,Guinea-Bissau,Massachusetts,New Craig,Office Supplies,Paper,Friend,4,794.94,0.04,21.7,3052.57,-289.58,-0.09,High,Cash
ORD-11433,2023-07-23,Jul,2023,Jeffrey Conway,New,Consumer,South,Peru,Iowa,Port John,Technology,Accessories,Administration,5,584.1,0.22,47.1,2277.99,112.06,0.05,Medium,Card
ORD-11434,2025-11-20,Nov,2025,Karen Gonzales,Returning,Corporate,North,Barbados,Hawaii,Wilsonton,Furniture,Tables,Science,8,701.59,0.08,32.25,5163.7,-396.99,-0.08,Medium,UPI
ORD-11435,2024-10-22,Oct,2024,Tonya Flowers,Returning,Home Office,South,Luxembourg,Mississippi,North Amy,Furniture,Bookcases,Second,3,211.83,0.08,35.94,584.65,76.91,0.13,Critical,Card
ORD-11436,2025-10-09,Oct,2025,Jamie Raymond MD,VIP,Consumer,North,Tonga,Wyoming,Andersonport,Office Supplies,Paper,Draw,2,330.59,0.12,32.45,581.84,130.48,0.22,High,Card
ORD-11437,2024-07-07,Jul,2024,Stephen Garcia,New,Corporate,South,Bhutan,West Virginia,Port Christopher,Technology,Accessories,Response,8,653.81,0.0,49.61,5230.48,-120.74,-0.02,High,UPI
ORD-11438,2023-12-02,Dec,2023,Patricia Hayes,VIP,Consumer,North,Czech Republic,Kansas,Donovanfurt,Technology,Accessories,Huge,8,236.19,0.03,35.51,1832.83,487.03,0.27,Critical,Net Banking
ORD-11439,2023-11-03,Nov,2023,Angie Jones,New,Corporate,South,Central African Republic,Idaho,East Angel,Office Supplies,Storage,Hand,1,726.97,0.2,44.01,581.58,70.77,0.12,Medium,Cash
ORD-11440,2024-01-23,Jan,2024,Mrs. Madeline Mata,Returning,Home Office,West,Kyrgyz Republic,Maine,West Melissa,Furniture,Tables,Long,10,784.99,0.14,37.48,6750.91,1377.23,0.2,Critical,Net Banking
ORD-11441,2024-09-26,Sep,2024,Joe Perkins,Returning,Corporate,West,Czech Republic,Connecticut,Loganport,Technology,Phones,Series,2,250.91,0.13,45.92,436.58,14.94,0.03,Critical,UPI
ORD-11442,2023-06-06,Jun,2023,Barbara Mason,VIP,Consumer,Central,Slovakia (Slovak Republic),South Dakota,Rileyburgh,Office Supplies,Paper,Try,6,401.08,0.03,32.64,2334.29,5.39,0.0,Medium,Cash
ORD-11443,2023-01-21,Jan,2023,Jacob Rodriguez,Returning,Home Office,North,Belize,North Carolina,East Justin,Furniture,Tables,Hold,6,114.78,0.3,39.15,482.08,120.79,0.25,Critical,Net Banking
ORD-11444,2024-06-16,Jun,2024,Cody Kirk,VIP,Corporate,Central,Western Sahara,Tennessee,East Maryport,Furniture,Bookcases,To,8,649.39,0.07,13.07,4831.46,691.53,0.14,Low,UPI
ORD-11445,2025-04-18,Apr,2025,Adam Brennan,New,Corporate,West,Bosnia and Herzegovina,New Mexico,West Jennifer,Furniture,Chairs,Into,4,714.84,0.1,48.28,2573.42,-102.32,-0.04,High,Cash
ORD-11446,2023-11-21,Nov,2023,George Peters,New,Consumer,North,Tokelau,South Dakota,Lake Paul,Furniture,Bookcases,Industry,4,127.72,0.21,28.67,403.6,31.96,0.08,Medium,Cash
ORD-11447,2023-06-05,Jun,2023,David Rodriguez,VIP,Corporate,South,Germany,New York,East Mirandatown,Technology,Laptops,Believe,8,291.61,0.21,27.35,1842.98,272.87,0.15,High,Net Banking
ORD-11448,2024-11-22,Nov,2024,Timothy Nelson,VIP,Corporate,East,Guyana,Maryland,West Jeanette,Furniture,Bookcases,Government,10,157.2,0.27,5.49,1147.56,-39.86,-0.03,Medium,Card
ORD-11449,2023-08-29,Aug,2023,Sylvia Jackson,VIP,Corporate,West,United States Virgin Islands,North Dakota,West Dennis,Technology,Accessories,Peace,10,454.56,0.24,35.8,3454.66,-215.47,-0.06,Medium,Cash
ORD-11450,2023-02-25,Feb,2023,Tina Ruiz,VIP,Home Office,West,Peru,Texas,South Monique,Office Supplies,Paper,Difficult,3,724.54,0.08,22.52,1999.73,458.26,0.23,Critical,Cash
ORD-11451,2023-05-09,May,2023,Michael Collins,VIP,Consumer,North,Palestinian Territory,Connecticut,New Lauren,Technology,Phones,Article,9,665.29,0.07,23.69,5568.48,1475.15,0.26,Critical,Card
ORD-11452,2023-03-05,Mar,2023,Susan Diaz,Returning,Corporate,Central,Liechtenstein,Michigan,Port Michaelside,Furniture,Chairs,Watch,7,724.24,0.08,26.87,4664.11,334.49,0.07,Medium,Card
ORD-11453,2024-04-24,Apr,2024,Patricia Anderson,New,Home Office,North,Belgium,Florida,Morrisonmouth,Furniture,Tables,Event,2,755.16,0.03,32.04,1465.01,172.65,0.12,Critical,UPI
ORD-11454,2025-01-18,Jan,2025,Mark Henderson,Returning,Home Office,Central,British Indian Ocean Territory (Chagos Archipelago),New Jersey,Perryport,Technology,Accessories,During,3,348.72,0.05,47.64,993.85,57.57,0.06,Medium,Net Banking
ORD-11455,2023-08-28,Aug,2023,Joseph Ford,New,Consumer,North,Guam,California,South Samantha,Technology,Phones,Player,5,286.69,0.23,39.98,1103.76,177.74,0.16,Medium,Card
ORD-11456,2024-10-01,Oct,2024,Jennifer Smith,New,Home Office,Central,Lebanon,Arkansas,Jaredshire,Technology,Phones,Could,2,328.0,0.13,13.38,570.72,58.77,0.1,High,Net Banking
ORD-11457,2023-05-07,May,2023,Mark Robbins,Returning,Consumer,West,Slovakia (Slovak Republic),Alabama,North Coreyport,Furniture,Chairs,Public,2,99.68,0.05,26.63,189.39,-6.06,-0.03,Critical,Cash
ORD-11458,2022-12-26,Dec,2022,Joshua Gutierrez,New,Home Office,North,Yemen,New York,Anthonystad,Furniture,Bookcases,Eye,6,545.35,0.05,27.83,3108.5,-204.52,-0.07,Critical,Cash
ORD-11459,2024-04-15,Apr,2024,Jamie Villarreal,VIP,Consumer,North,Congo,Oregon,Ewingbury,Office Supplies,Storage,Fear,6,294.53,0.07,47.64,1643.48,244.64,0.15,Medium,Net Banking
ORD-11460,2023-12-04,Dec,2023,John Bennett,Returning,Home Office,North,Vanuatu,Tennessee,North Amandachester,Office Supplies,Storage,Care,8,784.25,0.04,12.15,6023.04,1010.69,0.17,Medium,Net Banking
ORD-11461,2024-01-07,Jan,2024,Chad Lopez,New,Home Office,North,Dominican Republic,Mississippi,Austinland,Technology,Phones,Part,3,23.3,0.08,33.45,64.31,19.12,0.3,High,Cash
ORD-11462,2024-10-10,Oct,2024,Ronald Fletcher,New,Corporate,North,Bhutan,Michigan,Williamport,Office Supplies,Paper,Leader,8,229.96,0.06,26.87,1729.3,-80.95,-0.05,Low,UPI
ORD-11463,2024-08-26,Aug,2024,Johnny Foley,Returning,Home Office,North,Korea,Louisiana,West Mark,Technology,Accessories,Lay,9,163.04,0.28,22.09,1056.5,-31.37,-0.03,Critical,Card
ORD-11464,2023-07-16,Jul,2023,Julie Peters,Returning,Corporate,West,Armenia,North Carolina,East Stevenfort,Furniture,Chairs,Wish,5,686.69,0.18,29.02,2815.43,-255.65,-0.09,Critical,Net Banking
ORD-11465,2025-09-17,Sep,2025,Kenneth Mccann,Returning,Home Office,Central,Sudan,Wisconsin,Woodburgh,Office Supplies,Binders,Wish,5,204.54,0.21,11.27,807.93,217.6,0.27,Medium,Cash
ORD-11466,2023-07-09,Jul,2023,Samuel Griffith,Returning,Consumer,South,Dominican Republic,Delaware,Donaldtown,Technology,Phones,Business,2,464.42,0.28,14.32,668.76,195.74,0.29,Medium,Cash
ORD-11467,2024-04-21,Apr,2024,Carl Stark,New,Home Office,East,Taiwan,New Hampshire,Ianland,Furniture,Chairs,Require,1,255.75,0.18,43.99,209.72,-19.77,-0.09,Low,Net Banking
ORD-11468,2023-10-31,Oct,2023,Jimmy Turner,Returning,Home Office,East,Kenya,West Virginia,Lake Linda,Furniture,Tables,Plan,4,29.65,0.17,15.47,98.44,4.67,0.05,Low,Cash
ORD-11469,2023-06-06,Jun,2023,Anthony Henderson,New,Consumer,Central,South Africa,Idaho,South Tim,Office Supplies,Storage,Draw,2,230.49,0.13,24.51,401.05,35.74,0.09,Critical,Card
ORD-11470,2025-01-24,Jan,2025,John Nguyen,Returning,Corporate,South,Christmas Island,Delaware,Ericmouth,Office Supplies,Paper,Matter,4,769.46,0.27,47.59,2246.82,393.15,0.17,Medium,Net Banking
ORD-11471,2025-07-24,Jul,2025,Jennifer Elliott,VIP,Home Office,South,Korea,Kansas,Lake Stevenfurt,Technology,Accessories,Blue,1,150.55,0.25,21.85,112.91,-6.51,-0.06,Low,Card
ORD-11472,2023-07-27,Jul,2023,Anthony Luna,Returning,Corporate,East,Liechtenstein,Nebraska,North Erica,Technology,Laptops,Apply,10,792.38,0.19,32.96,6418.28,306.46,0.05,High,Cash
ORD-11473,2025-06-27,Jun,2025,Jenna Frazier,VIP,Consumer,North,Madagascar,New Mexico,Foxside,Furniture,Tables,Author,6,381.33,0.03,14.31,2219.34,105.92,0.05,Medium,Cash
ORD-11474,2023-10-30,Oct,2023,Nathan Le,New,Home Office,North,Vietnam,Maryland,North Laura,Office Supplies,Paper,Local,6,584.64,0.08,24.12,3227.21,57.85,0.02,High,Net Banking
ORD-11475,2025-11-07,Nov,2025,Margaret Brown,Returning,Corporate,West,Madagascar,Connecticut,Michaelborough,Technology,Phones,Together,3,700.12,0.18,6.48,1722.3,-53.61,-0.03,Low,Card
ORD-11476,2023-11-10,Nov,2023,Michael Webb,New,Home Office,South,Holy See (Vatican City State),New Hampshire,West Joshua,Furniture,Chairs,Agreement,9,297.91,0.13,23.97,2332.64,-75.33,-0.03,Critical,UPI
ORD-11477,2024-07-19,Jul,2024,Veronica Mercado,Returning,Corporate,North,Latvia,Colorado,Adamfurt,Technology,Accessories,Town,8,560.89,0.26,10.94,3320.47,338.74,0.1,High,Card
ORD-11478,2025-04-20,Apr,2025,Jose Moore,New,Consumer,North,Turkey,Utah,South Lisaside,Office Supplies,Binders,See,3,600.65,0.01,14.84,1783.93,-16.77,-0.01,Critical,Net Banking
ORD-11479,2023-03-19,Mar,2023,James Lester,VIP,Corporate,North,Poland,Tennessee,Matthewview,Furniture,Bookcases,Health,8,243.56,0.27,47.97,1422.39,-85.4,-0.06,Medium,Net Banking
ORD-11480,2025-03-30,Mar,2025,Brenda Ward,Returning,Corporate,South,Bahamas,South Carolina,North Kaitlyn,Furniture,Tables,Machine,7,690.25,0.13,41.85,4203.62,70.38,0.02,Critical,UPI
ORD-11481,2023-11-13,Nov,2023,Jennifer Kim,New,Consumer,South,Palau,New Hampshire,Lake Larrytown,Office Supplies,Binders,Fear,2,659.71,0.15,8.01,1121.51,36.08,0.03,High,Net Banking
ORD-11482,2023-04-13,Apr,2023,Brett Edwards,VIP,Consumer,South,Bulgaria,Oklahoma,North Ashley,Office Supplies,Storage,Research,4,613.65,0.03,45.77,2380.96,-200.43,-0.08,Critical,Card
ORD-11483,2024-07-09,Jul,2024,Sandra Bright,VIP,Home Office,South,Ghana,Missouri,Eugenebury,Furniture,Tables,Our,8,678.29,0.02,9.96,5317.79,-430.74,-0.08,Medium,Net Banking
ORD-11484,2023-06-06,Jun,2023,Stephen Pacheco,New,Consumer,South,United States Minor Outlying Islands,West Virginia,East Jenniferbury,Technology,Phones,Side,9,145.27,0.07,7.4,1215.91,151.87,0.12,Low,Card
ORD-11485,2022-12-19,Dec,2022,Christy Evans,New,Consumer,South,Bosnia and Herzegovina,Kansas,West Kelsey,Technology,Phones,Nearly,6,580.67,0.13,33.3,3031.1,557.68,0.18,Critical,Cash
ORD-11486,2023-07-21,Jul,2023,Roy Johnson,New,Consumer,North,Kenya,Ohio,North Nathan,Office Supplies,Binders,Two,6,590.62,0.27,41.99,2586.92,340.68,0.13,High,Net Banking
ORD-11487,2023-01-19,Jan,2023,Andrew Wall,VIP,Corporate,North,Cocos (Keeling) Islands,Georgia,West Ruthton,Office Supplies,Storage,Tend,5,545.62,0.26,29.38,2018.79,493.04,0.24,Critical,Card
ORD-11488,2025-11-22,Nov,2025,Yvonne Choi,VIP,Home Office,West,Christmas Island,Iowa,New Karen,Furniture,Bookcases,Single,7,242.09,0.0,49.18,1694.63,434.7,0.26,Low,Net Banking
ORD-11489,2023-12-12,Dec,2023,Michael Powell,New,Home Office,North,French Southern Territories,Colorado,Kimberg,Furniture,Chairs,Sing,4,748.66,0.28,47.49,2156.14,-116.27,-0.05,Low,Net Banking
ORD-11490,2025-03-08,Mar,2025,Dr. Sue Downs,Returning,Home Office,Central,Chad,Massachusetts,Jerryside,Technology,Accessories,Protect,10,646.7,0.22,44.06,5044.26,1259.2,0.25,Medium,Cash
ORD-11491,2025-08-06,Aug,2025,Paul Powell,New,Home Office,West,Saint Helena,Georgia,Davidport,Furniture,Chairs,Over,10,68.36,0.14,30.7,587.9,107.82,0.18,Medium,Net Banking
ORD-11492,2023-07-12,Jul,2023,Nicole Skinner,New,Corporate,East,New Zealand,Colorado,Murraytown,Technology,Laptops,Here,2,593.02,0.0,30.57,1186.04,50.84,0.04,Low,Card
ORD-11493,2023-07-22,Jul,2023,Kevin Adams,Returning,Home Office,South,China,New Jersey,North Sarahton,Office Supplies,Paper,A,3,457.94,0.1,37.67,1236.44,287.38,0.23,Medium,Cash
ORD-11494,2024-05-05,May,2024,Troy Bass,New,Corporate,Central,Greece,New Hampshire,New Jennifer,Technology,Laptops,Prepare,8,654.74,0.19,16.22,4242.72,-109.16,-0.03,Medium,UPI
ORD-11495,2024-10-05,Oct,2024,Mark Walton,VIP,Home Office,East,Djibouti,Kansas,Debbiefort,Furniture,Bookcases,Open,8,687.14,0.01,16.2,5442.15,425.65,0.08,High,Net Banking
ORD-11496,2023-10-10,Oct,2023,Amber Wilson,VIP,Consumer,South,Chad,North Carolina,West Amanda,Office Supplies,Binders,Program,5,790.5,0.05,5.82,3754.88,-7.57,0.0,Low,UPI
ORD-11497,2025-07-09,Jul,2025,Amanda Yoder,Returning,Home Office,West,Lithuania,Virginia,Reynoldshaven,Technology,Laptops,Door,5,731.28,0.07,34.48,3400.45,-107.67,-0.03,Critical,UPI
ORD-11498,2022-12-18,Dec,2022,Billy Smith,New,Consumer,Central,Romania,Missouri,Tashafurt,Office Supplies,Storage,Eight,2,699.83,0.14,43.31,1203.71,19.33,0.02,Low,Card
ORD-11499,2024-01-21,Jan,2024,Brenda Sampson,New,Home Office,South,Iran,New Jersey,South Jamie,Technology,Phones,Beat,4,667.91,0.02,17.89,2618.21,445.68,0.17,Medium,UPI
ORD-11500,2023-02-16,Feb,2023,Jonathan Morgan,New,Home Office,Central,Oman,Maine,Anthonymouth,Furniture,Tables,Wear,2,56.03,0.11,11.59,99.73,-2.04,-0.02,Medium,Net Banking
ORD-11501,2023-12-15,Dec,2023,Christopher Lewis,VIP,Consumer,Central,Niue,West Virginia,North Cherylchester,Office Supplies,Paper,Important,2,390.49,0.27,20.34,570.12,-4.58,-0.01,Critical,Card
ORD-11502,2024-07-07,Jul,2024,Casey Erickson,VIP,Home Office,North,Zambia,Kansas,South Laurenfort,Technology,Accessories,Building,10,581.98,0.13,19.7,5063.23,1140.46,0.23,Medium,Net Banking
ORD-11503,2023-03-13,Mar,2023,Timothy Tyler,New,Home Office,South,Korea,Tennessee,Henryhaven,Office Supplies,Binders,Various,1,733.95,0.11,47.27,653.22,28.72,0.04,Critical,Net Banking
ORD-11504,2023-10-07,Oct,2023,Amy Peters,New,Home Office,East,Swaziland,Alabama,Carolynburgh,Furniture,Bookcases,Rich,10,766.14,0.28,36.37,5516.21,1469.27,0.27,Critical,Net Banking
ORD-11505,2022-12-08,Dec,2022,Jane Logan,Returning,Corporate,South,Puerto Rico,Alabama,Port Lisa,Furniture,Tables,Better,6,68.5,0.03,12.74,398.67,77.65,0.19,Critical,Card
ORD-11506,2024-02-11,Feb,2024,Michael Orozco,VIP,Home Office,Central,China,New Jersey,Port Robertchester,Furniture,Chairs,Difficult,4,413.97,0.04,18.59,1589.64,132.42,0.08,High,Net Banking
ORD-11507,2025-10-02,Oct,2025,Lori Nguyen,Returning,Consumer,West,Nicaragua,North Dakota,Avilashire,Furniture,Bookcases,Father,7,516.9,0.14,6.92,3111.74,757.14,0.24,Low,Net Banking
ORD-11508,2023-05-08,May,2023,Patrick Singh,New,Corporate,East,British Indian Ocean Territory (Chagos Archipelago),South Dakota,Bergfurt,Furniture,Bookcases,Miss,8,195.03,0.05,32.47,1482.23,-18.49,-0.01,Medium,Net Banking
ORD-11509,2025-03-14,Mar,2025,Travis Cummings,Returning,Consumer,East,Estonia,Wyoming,New Michaelside,Office Supplies,Paper,Outside,6,232.25,0.16,21.99,1170.54,37.29,0.03,Medium,Cash
ORD-11510,2025-05-29,May,2025,Jasmin Yoder,VIP,Consumer,West,Dominica,Ohio,Jamesberg,Technology,Accessories,Movie,6,767.98,0.19,39.9,3732.38,62.15,0.02,High,Card
ORD-11511,2025-05-23,May,2025,Melanie Wells,VIP,Home Office,West,Lesotho,Ohio,Lake Christopher,Furniture,Chairs,Themselves,10,543.94,0.24,46.71,4133.94,-223.13,-0.05,Low,UPI
ORD-11512,2023-04-28,Apr,2023,Mr. Donald Castro,Returning,Home Office,West,Myanmar,New York,New Sarah,Office Supplies,Storage,Speech,3,92.52,0.16,45.6,233.15,-9.22,-0.04,Critical,Cash
ORD-11513,2025-01-15,Jan,2025,Steven Morales,Returning,Home Office,West,Djibouti,West Virginia,South Lucasstad,Furniture,Tables,Model,8,206.53,0.29,28.86,1173.09,-14.05,-0.01,Medium,UPI
ORD-11514,2024-05-24,May,2024,Adam Ramsey,VIP,Consumer,Central,Dominica,Indiana,Johnland,Office Supplies,Binders,Listen,9,475.92,0.07,22.35,3983.45,498.21,0.13,Critical,Net Banking
ORD-11515,2023-08-25,Aug,2023,Cheryl Ayala,New,Corporate,Central,Tunisia,Louisiana,Townsendshire,Technology,Laptops,Method,5,487.96,0.02,44.21,2391.0,716.62,0.3,Low,Card
ORD-11516,2024-01-01,Jan,2024,Matthew Malone,VIP,Consumer,South,Saint Vincent and the Grenadines,New Jersey,New Pennyport,Technology,Accessories,Investment,10,254.94,0.22,43.69,1988.53,24.29,0.01,Critical,Net Banking
ORD-11517,2024-10-04,Oct,2024,Jeffrey Fernandez,New,Home Office,North,Philippines,Maryland,Sanchezchester,Furniture,Chairs,Exactly,4,779.85,0.13,12.24,2713.88,-122.11,-0.04,High,UPI
ORD-11518,2024-03-11,Mar,2024,Scott Gregory,New,Home Office,East,Morocco,Arizona,Lunaside,Office Supplies,Paper,Within,5,751.41,0.14,28.24,3231.06,-27.36,-0.01,Medium,Card
ORD-11519,2024-08-11,Aug,2024,Nicholas Perez,New,Corporate,South,Turks and Caicos Islands,North Carolina,East Randyville,Technology,Accessories,,10,352.08,0.25,8.47,2640.6,-31.87,-0.01,Critical,UPI
ORD-11520,2024-03-04,Mar,2024,Mrs. Emily Smith,New,Corporate,North,Israel,Nevada,Pollardport,Office Supplies,Binders,Hour,9,102.79,0.09,29.91,841.85,47.59,0.06,Critical,Cash
ORD-11521,2023-06-20,Jun,2023,Alexander Sanders,VIP,Home Office,South,Norway,Colorado,Mooreborough,Furniture,Chairs,Speech,8,279.4,0.1,49.11,2011.68,500.68,0.25,High,UPI
ORD-11522,2024-07-22,Jul,2024,John Thompson,Returning,Consumer,West,Guyana,New Mexico,Kochmouth,Technology,Phones,Share,7,511.96,0.01,18.22,3547.88,77.3,0.02,Critical,UPI
ORD-11523,2024-12-10,Dec,2024,Deborah Vargas,Returning,Corporate,West,Holy See (Vatican City State),Nebraska,Josetown,Furniture,Bookcases,And,1,393.46,0.12,25.45,346.24,-5.29,-0.02,High,Cash
ORD-11524,2024-05-19,May,2024,Kimberly Diaz,Returning,Corporate,West,China,Hawaii,Johnstonbury,Technology,Phones,Tell,6,417.81,0.14,22.47,2155.9,113.8,0.05,Medium,Cash
ORD-11525,2024-09-02,Sep,2024,Frank Oneill,New,Corporate,West,South Georgia and the South Sandwich Islands,West Virginia,Reillyborough,Technology,Accessories,Military,4,247.69,0.17,26.65,822.33,-72.09,-0.09,Critical,Net Banking
ORD-11526,2024-11-08,Nov,2024,Cynthia Bass,VIP,Consumer,South,Bangladesh,Georgia,Lake Jamesstad,Office Supplies,Paper,Improve,6,795.15,0.08,24.74,4389.23,678.49,0.15,Critical,UPI
ORD-11527,2024-02-02,Feb,2024,Wanda Rangel,Returning,Corporate,East,Guadeloupe,Nebraska,Sanchezland,Technology,Laptops,Hard,1,566.74,0.27,49.28,413.72,96.09,0.23,High,Net Banking
ORD-11528,2024-10-18,Oct,2024,Aaron Molina,New,Home Office,East,Brazil,Louisiana,Anthonychester,Office Supplies,Paper,Town,5,636.67,0.22,46.31,2483.01,-154.75,-0.06,Medium,Card
ORD-11529,2024-02-18,Feb,2024,Tammie Estrada,New,Home Office,Central,Western Sahara,Maryland,Mcdanielbury,Technology,Phones,Here,5,694.38,0.24,38.6,2638.64,379.16,0.14,Low,UPI
ORD-11530,2024-01-25,Jan,2024,Troy Smith,VIP,Home Office,Central,Romania,Tennessee,Elizabethmouth,Office Supplies,Binders,Deal,1,365.1,0.24,26.93,277.48,8.54,0.03,Critical,UPI
ORD-11531,2022-12-07,Dec,2022,Robert Bradford,Returning,Corporate,North,Cook Islands,Hawaii,Mooreton,Technology,Phones,Thought,10,536.37,0.28,21.47,3861.86,81.58,0.02,Critical,UPI
ORD-11532,2023-12-09,Dec,2023,Aaron Johnson,Returning,Corporate,Central,Faroe Islands,Washington,New Anthonychester,Office Supplies,Binders,Prove,4,64.41,0.01,9.12,255.06,33.72,0.13,Medium,Card
ORD-11533,2024-04-15,Apr,2024,Zachary Freeman,VIP,Consumer,West,Guam,Iowa,West John,Office Supplies,Binders,Newspaper,6,220.82,0.24,25.01,1006.94,257.54,0.26,Low,Net Banking
ORD-11534,2024-09-19,Sep,2024,Dylan Lopez,New,Consumer,Central,Bangladesh,Alabama,South Matthew,Technology,Accessories,Enough,9,334.64,0.22,34.13,2349.17,-213.62,-0.09,Low,UPI
ORD-11535,2023-05-27,May,2023,Jared Bennett,Returning,Consumer,Central,Benin,Illinois,Donaldport,Furniture,Chairs,World,9,380.65,0.17,14.96,2843.46,83.91,0.03,Critical,Cash
ORD-11536,2025-08-27,Aug,2025,Samantha Becker,New,Home Office,East,Svalbard & Jan Mayen Islands,Connecticut,West Cassandrafort,Furniture,Chairs,Direction,10,288.81,0.23,43.93,2223.84,622.52,0.28,Critical,UPI
ORD-11537,2023-11-18,Nov,2023,Bryce Jones,New,Corporate,North,Oman,Nevada,East Masonberg,Office Supplies,Storage,Ready,3,118.77,0.16,14.42,299.3,76.97,0.26,Critical,Net Banking
ORD-11538,2023-02-17,Feb,2023,Anthony Edwards,VIP,Consumer,North,Albania,Wyoming,Port April,Office Supplies,Paper,Believe,6,227.89,0.28,47.46,984.48,-34.23,-0.03,Medium,Net Banking
ORD-11539,2025-07-21,Jul,2025,Thomas Hardin,VIP,Consumer,Central,Tanzania,Oklahoma,East Kristinafort,Technology,Accessories,Sit,10,311.94,0.29,40.41,2214.77,487.79,0.22,Low,Net Banking
ORD-11540,2024-07-28,Jul,2024,Mark Miller,Returning,Consumer,North,Vietnam,Utah,South Stacyton,Office Supplies,Binders,Possible,5,184.42,0.01,31.71,912.88,224.61,0.25,Medium,UPI
ORD-11541,2024-01-24,Jan,2024,Meghan Washington,Returning,Home Office,East,Solomon Islands,New Hampshire,North Theresaport,Office Supplies,Paper,Pass,5,113.31,0.14,10.47,487.23,-18.05,-0.04,Critical,Cash
ORD-11542,2025-06-16,Jun,2025,Daniel Smith,Returning,Home Office,West,Western Sahara,New York,Pateltown,Furniture,Bookcases,Traditional,8,299.63,0.29,27.6,1701.9,376.71,0.22,High,Net Banking
ORD-11543,2023-02-26,Feb,2023,Julie Davis,VIP,Home Office,Central,Taiwan,West Virginia,East Monique,Office Supplies,Storage,Bill,9,786.8,0.24,38.12,5381.71,-405.13,-0.08,Critical,Cash
ORD-11544,2025-05-14,May,2025,Travis Parks,VIP,Consumer,West,Liechtenstein,Hawaii,East Adam,Furniture,Bookcases,Single,10,748.81,0.06,41.21,7038.81,1361.26,0.19,Medium,Cash
ORD-11545,2022-12-25,Dec,2022,Kayla Johnston,New,Consumer,South,Mauritius,Maine,Port Robinfurt,Furniture,Chairs,Development,3,666.15,0.1,28.47,1798.6,436.71,0.24,Low,UPI
ORD-11546,2025-09-08,Sep,2025,Gregory Peterson,Returning,Corporate,North,Libyan Arab Jamahiriya,Virginia,Ninaville,Furniture,Chairs,Bank,8,502.12,0.18,38.6,3293.91,-228.8,-0.07,Low,Cash
ORD-11547,2024-03-29,Mar,2024,Karen Buchanan,Returning,Consumer,Central,Gabon,Arizona,North Shelleyview,Technology,Laptops,Employee,4,589.19,0.26,16.27,1744.0,-94.99,-0.05,High,Cash
ORD-11548,2023-08-14,Aug,2023,Andre Young,VIP,Consumer,West,Niue,North Dakota,Gregoryton,Furniture,Chairs,Real,10,432.18,0.1,11.59,3889.62,-241.78,-0.06,Critical,Cash
ORD-11549,2025-03-14,Mar,2025,Patrick Sloan,Returning,Corporate,South,Andorra,New York,West Rhonda,Technology,Accessories,Improve,3,748.47,0.17,5.57,1863.69,374.22,0.2,High,Cash
ORD-11550,2025-03-10,Mar,2025,Meghan Garcia,Returning,Consumer,North,Romania,Michigan,West Anthonymouth,Furniture,Bookcases,In,7,752.06,0.12,7.53,4632.69,-121.76,-0.03,Critical,Net Banking
ORD-11551,2024-11-08,Nov,2024,Angela Carlson,VIP,Home Office,West,Mauritius,Utah,New Jamesmouth,Office Supplies,Storage,Floor,1,201.15,0.14,42.52,172.99,36.94,0.21,Low,Card
ORD-11552,2025-04-29,Apr,2025,Maria Smith,New,Corporate,North,Cuba,North Dakota,Port Deannamouth,Office Supplies,Paper,Military,10,574.62,0.24,48.22,4367.11,1086.34,0.25,Critical,Net Banking
ORD-11553,2023-10-21,Oct,2023,Julie Simmons,VIP,Corporate,West,Gabon,Washington,Port Christopher,Technology,Accessories,Care,5,350.99,0.3,21.29,1228.46,31.28,0.03,High,Net Banking
ORD-11554,2024-05-19,May,2024,Jennifer Gray,VIP,Corporate,South,Australia,Connecticut,New Michael,Office Supplies,Storage,Become,1,125.66,0.12,44.38,110.58,7.92,0.07,Low,Cash
ORD-11555,2024-02-09,Feb,2024,Joshua Castillo,Returning,Home Office,West,Trinidad and Tobago,Michigan,West Samantha,Technology,Phones,Recognize,4,361.06,0.12,36.12,1270.93,16.44,0.01,Low,Card
ORD-11556,2025-02-17,Feb,2025,Lori Allen,Returning,Corporate,South,Ukraine,Connecticut,Lake Randy,Technology,Laptops,Door,3,341.78,0.04,17.18,984.33,289.49,0.29,Medium,Cash
ORD-11557,2025-09-04,Sep,2025,Rachel Brady,New,Home Office,North,Tanzania,Tennessee,North Sean,Furniture,Chairs,Debate,3,474.2,0.07,16.59,1323.02,229.84,0.17,Critical,Card
ORD-11558,2024-08-26,Aug,2024,Lauren Wilson,New,Home Office,West,Mali,New Mexico,Jenkinsport,Furniture,Tables,Indicate,3,181.82,0.18,24.67,447.28,9.51,0.02,Low,UPI
ORD-11559,2025-05-08,May,2025,Richard Ramirez,New,Home Office,Central,Lesotho,Idaho,Keithstad,Furniture,Bookcases,Skin,5,73.0,0.26,28.34,270.1,25.01,0.09,Low,Net Banking
ORD-11560,2025-01-30,Jan,2025,Holly Ware,New,Consumer,Central,Maldives,New Jersey,Mitchellberg,Technology,Laptops,Line,5,275.67,0.21,23.8,1088.9,170.76,0.16,Low,Card
ORD-11561,2025-09-17,Sep,2025,Cynthia Watts,Returning,Home Office,East,Turkey,Virginia,Underwoodshire,Technology,Laptops,Conference,2,618.65,0.1,36.55,1113.57,-61.23,-0.05,Critical,Cash
ORD-11562,2024-04-08,Apr,2024,Cheryl Alvarez,New,Corporate,South,Kiribati,New Jersey,Lake Jason,Furniture,Tables,Speech,4,330.96,0.08,42.39,1217.93,228.62,0.19,High,Net Banking
ORD-11563,2023-05-02,May,2023,Crystal Hanna,New,Home Office,East,Brunei Darussalam,Delaware,New Robert,Furniture,Chairs,Tv,3,452.66,0.07,9.57,1262.92,318.05,0.25,Critical,Net Banking
ORD-11564,2024-05-23,May,2024,Savannah Harris,New,Corporate,North,Bouvet Island (Bouvetoya),Delaware,Lake Alison,Office Supplies,Paper,Southern,5,376.26,0.07,28.35,1749.61,235.95,0.13,Critical,Card
ORD-11565,2025-10-14,Oct,2025,Hannah Dominguez,Returning,Consumer,Central,Costa Rica,Maine,Leehaven,Office Supplies,Storage,Author,9,671.37,0.06,45.19,5679.79,355.33,0.06,High,UPI
ORD-11566,2024-09-28,Sep,2024,Justin Reed,Returning,Home Office,Central,Montenegro,Montana,Martinezland,Office Supplies,Storage,Get,1,567.11,0.23,39.69,436.67,89.55,0.21,Medium,Cash
ORD-11567,2023-04-06,Apr,2023,Anthony Brown,Returning,Home Office,East,Mozambique,Wyoming,North Douglasstad,Office Supplies,Storage,West,6,562.34,0.25,25.78,2530.53,309.25,0.12,Low,Card
ORD-11568,2024-07-09,Jul,2024,Scott Cunningham,Returning,Home Office,North,Kazakhstan,South Carolina,South Douglas,Furniture,Chairs,Mr,3,421.56,0.08,6.84,1163.51,-59.26,-0.05,Low,Net Banking
ORD-11569,2023-05-01,May,2023,Bryan Jensen,Returning,Corporate,East,Madagascar,New Jersey,Monroestad,Technology,Phones,Describe,8,616.1,0.07,9.82,4583.78,-293.4,-0.06,Medium,Net Banking
ORD-11570,2024-07-11,Jul,2024,Linda Reyes,Returning,Home Office,North,Italy,Ohio,Suzanneview,Furniture,Bookcases,Order,2,541.15,0.09,42.3,984.89,80.1,0.08,High,Cash
ORD-11571,2024-08-22,Aug,2024,Colleen Russell,VIP,Home Office,East,Sierra Leone,Tennessee,Richardside,Technology,Accessories,Exactly,10,323.42,0.23,12.06,2490.33,-53.07,-0.02,Medium,UPI
ORD-11572,2022-12-29,Dec,2022,Monica Peterson,New,Consumer,Central,South Georgia and the South Sandwich Islands,Nebraska,South Lauramouth,Furniture,Bookcases,Why,1,453.37,0.25,18.83,340.03,-12.08,-0.04,High,Card
ORD-11573,2025-09-18,Sep,2025,Melanie Walker,Returning,Consumer,South,San Marino,Oklahoma,South Patriciaside,Office Supplies,Binders,But,3,797.93,0.0,20.67,2393.79,396.88,0.17,Critical,UPI
ORD-11574,2024-04-30,Apr,2024,Natasha Lopez,New,Corporate,North,Georgia,Illinois,West Adrienne,Furniture,Bookcases,With,2,166.78,0.19,21.76,270.18,59.4,0.22,Medium,Net Banking
ORD-11575,2024-06-25,Jun,2024,Kathleen Cervantes,VIP,Corporate,West,Myanmar,Utah,South Robertchester,Furniture,Bookcases,Grow,4,554.26,0.0,23.01,2217.04,122.59,0.06,High,Net Banking
ORD-11576,2023-05-08,May,2023,Jay Alvarado,VIP,Consumer,Central,Romania,Wisconsin,New Elizabeth,Office Supplies,Storage,Resource,1,775.1,0.04,33.85,744.1,132.46,0.18,Critical,Net Banking
ORD-11577,2023-08-05,Aug,2023,Connor Armstrong,VIP,Corporate,South,Iceland,Virginia,Matthewberg,Office Supplies,Paper,Us,9,200.36,0.23,25.76,1388.49,-48.73,-0.04,Low,Net Banking
ORD-11578,2025-02-16,Feb,2025,Chelsea White,Returning,Corporate,South,Tokelau,Colorado,East Josephshire,Technology,Accessories,Focus,3,305.45,0.16,31.64,769.73,106.93,0.14,Medium,Cash
ORD-11579,2022-12-22,Dec,2022,Brian Johnson,VIP,Consumer,Central,Macedonia,West Virginia,Port Adam,Technology,Phones,Will,4,133.02,0.04,37.22,510.8,121.78,0.24,Medium,Card
ORD-11580,2025-03-13,Mar,2025,Joseph Russell,VIP,Corporate,West,Tanzania,North Dakota,Lake Jeffreyport,Office Supplies,Paper,Important,6,753.66,0.13,45.11,3934.11,340.21,0.09,High,Card
ORD-11581,2025-09-01,Sep,2025,Rodney Austin,New,Corporate,South,Saint Barthelemy,Virginia,North Carla,Furniture,Chairs,Could,4,57.87,0.21,30.27,182.87,18.13,0.1,High,Net Banking
ORD-11582,2025-07-31,Jul,2025,Adrian Malone,New,Home Office,East,Czech Republic,Nevada,South Jameshaven,Technology,Laptops,Machine,2,37.03,0.07,21.43,68.88,17.98,0.26,High,Card
ORD-11583,2024-08-23,Aug,2024,Joseph Hernandez,Returning,Home Office,East,Gambia,New York,Alexland,Office Supplies,Binders,Key,2,206.96,0.13,24.05,360.11,8.37,0.02,High,Cash
ORD-11584,2025-04-23,Apr,2025,Isabella Harrison,New,Home Office,Central,Cook Islands,North Carolina,East Susanview,Furniture,Tables,Analysis,4,540.52,0.14,36.88,1859.39,-175.92,-0.09,High,UPI
ORD-11585,2023-09-19,Sep,2023,Joann Perez,New,Corporate,Central,Lithuania,North Carolina,Guerraberg,Office Supplies,Paper,Face,10,298.88,0.18,39.96,2450.82,-13.2,-0.01,Low,Card
ORD-11586,2024-09-12,Sep,2024,Ian Lee,Returning,Corporate,Central,Jamaica,Arkansas,Sandraburgh,Office Supplies,Storage,Central,10,265.88,0.22,24.92,2073.86,75.76,0.04,Medium,Net Banking
ORD-11587,2024-12-24,Dec,2024,Julie Wyatt,Returning,Corporate,West,Bosnia and Herzegovina,North Carolina,Boltonhaven,Office Supplies,Binders,Past,7,647.22,0.17,35.99,3760.35,-157.52,-0.04,Medium,Net Banking
ORD-11588,2023-03-05,Mar,2023,Jason Conley,VIP,Home Office,Central,Tunisia,Alabama,Port John,Furniture,Bookcases,Risk,6,621.82,0.28,10.95,2686.26,-109.84,-0.04,Medium,Card
ORD-11589,2023-10-04,Oct,2023,Kathryn Brown,New,Corporate,East,United Kingdom,Oregon,Harrismouth,Furniture,Chairs,Ever,10,408.49,0.18,18.18,3349.62,779.77,0.23,Critical,Cash
ORD-11590,2024-08-10,Aug,2024,Melvin Gonzalez,Returning,Corporate,North,Colombia,Rhode Island,Ericfurt,Furniture,Bookcases,Article,9,78.96,0.24,19.21,540.09,124.76,0.23,Critical,Net Banking
ORD-11591,2024-07-21,Jul,2024,Kimberly Hawkins,VIP,Corporate,West,Turkey,Michigan,Markville,Furniture,Bookcases,Major,4,440.64,0.27,37.51,1286.67,379.16,0.29,Critical,Net Banking
ORD-11592,2025-07-01,Jul,2025,Ashley Watts,VIP,Corporate,West,Lithuania,Alaska,Knightview,Office Supplies,Storage,Find,8,256.83,0.06,33.79,1931.36,-126.87,-0.07,Critical,Cash
ORD-11593,2023-07-20,Jul,2023,Melinda Barnes,VIP,Home Office,West,Peru,West Virginia,Douglashaven,Technology,Phones,Line,6,506.08,0.01,43.65,3006.12,-230.4,-0.08,Medium,Card
ORD-11594,2024-02-07,Feb,2024,Linda Dawson,VIP,Consumer,South,Monaco,South Dakota,South Lorraine,Technology,Laptops,Her,8,363.86,0.17,40.37,2416.03,274.99,0.11,Critical,Card
ORD-11595,2024-02-04,Feb,2024,Michael Copeland,Returning,Home Office,Central,Iraq,Hawaii,South Emilystad,Technology,Laptops,Half,5,288.91,0.04,20.69,1386.77,356.56,0.26,Low,Card
ORD-11596,2023-08-21,Aug,2023,Jose French,Returning,Home Office,Central,Equatorial Guinea,Mississippi,Martinfurt,Furniture,Chairs,Shoulder,10,274.96,0.08,8.79,2529.63,60.43,0.02,Critical,Card
ORD-11597,2022-12-25,Dec,2022,Joseph Marquez,VIP,Corporate,North,Fiji,Utah,West Jason,Furniture,Bookcases,Religious,4,235.58,0.19,45.0,763.28,162.46,0.21,High,Card
ORD-11598,2025-04-04,Apr,2025,Kenneth Lee,VIP,Home Office,Central,Hungary,West Virginia,New Ryanberg,Office Supplies,Storage,Medical,5,184.55,0.01,44.33,913.52,15.57,0.02,Critical,Net Banking
ORD-11599,2023-05-14,May,2023,Timothy Edwards,New,Corporate,North,Liberia,Washington,North Meghan,Furniture,Tables,As,7,539.23,0.01,14.77,3736.86,454.69,0.12,Low,Net Banking
ORD-11600,2024-12-16,Dec,2024,Savannah George,New,Corporate,North,India,Wyoming,Port Stephanieside,Office Supplies,Paper,Value,9,446.05,0.07,13.76,3733.44,489.3,0.13,Low,UPI
ORD-11601,2024-07-07,Jul,2024,Phillip Evans,VIP,Corporate,North,Tonga,Rhode Island,South Cody,Technology,Phones,Range,7,666.25,0.11,7.47,4150.74,234.02,0.06,Medium,Cash
ORD-11602,2023-06-22,Jun,2023,Brian Howell,VIP,Corporate,North,Brazil,Nebraska,Foxmouth,Furniture,Chairs,Be,2,673.21,0.02,20.24,1319.49,176.56,0.13,Low,UPI
ORD-11603,2024-11-11,Nov,2024,Carla Munoz,New,Home Office,East,Uruguay,Wisconsin,North Caseyberg,Technology,Phones,Third,3,527.97,0.28,41.07,1140.42,320.93,0.28,Critical,Net Banking
ORD-11604,2023-09-11,Sep,2023,Charles Giles,Returning,Corporate,West,Guinea,Utah,New Alan,Technology,Phones,Pick,6,705.36,0.19,33.88,3428.05,784.77,0.23,Critical,Card
ORD-11605,2024-03-01,Mar,2024,Sara Vance,VIP,Corporate,East,Saint Lucia,North Carolina,Newmanshire,Office Supplies,Paper,Because,9,277.33,0.23,5.33,1921.9,-9.63,-0.01,Medium,UPI
ORD-11606,2023-07-18,Jul,2023,Gregory Rodriguez,Returning,Corporate,South,Bahrain,South Dakota,Adamsfurt,Office Supplies,Binders,Class,8,704.4,0.16,13.47,4733.57,981.21,0.21,Low,Cash
ORD-11607,2024-06-30,Jun,2024,Raymond West,VIP,Consumer,Central,Papua New Guinea,Texas,Brightport,Office Supplies,Paper,Worry,9,569.32,0.15,31.2,4355.3,-297.29,-0.07,Critical,Cash
ORD-11608,2023-01-02,Jan,2023,Theresa Thomas,New,Home Office,West,Uruguay,Colorado,East Leah,Office Supplies,Storage,Fire,10,191.52,0.12,29.45,1685.38,415.56,0.25,Low,UPI
ORD-11609,2024-11-03,Nov,2024,Lisa Davis,New,Corporate,North,American Samoa,Tennessee,Ronaldhaven,Technology,Laptops,Relationship,5,359.44,0.11,14.05,1599.51,239.2,0.15,High,Net Banking
ORD-11610,2025-01-06,Jan,2025,Rhonda Hill,New,Corporate,Central,Western Sahara,Idaho,North Scott,Office Supplies,Binders,Result,6,172.19,0.12,14.93,909.16,20.05,0.02,Low,UPI
ORD-11611,2023-07-05,Jul,2023,John Vega,VIP,Home Office,East,Belize,Louisiana,West Vanessaview,Office Supplies,Binders,Along,3,646.61,0.04,25.24,1862.24,481.6,0.26,Critical,Cash
ORD-11612,2023-06-07,Jun,2023,Jordan Wallace,VIP,Consumer,West,Colombia,North Dakota,North Suzanneshire,Office Supplies,Paper,Finish,2,770.49,0.21,9.41,1217.37,138.82,0.11,Low,Cash
ORD-11613,2025-06-10,Jun,2025,Alan Vasquez,VIP,Consumer,East,Cayman Islands,Kansas,Deannaborough,Technology,Laptops,Dream,1,434.41,0.11,22.15,386.62,23.52,0.06,Critical,UPI
ORD-11614,2023-10-13,Oct,2023,Dale Murphy,New,Consumer,West,Saint Vincent and the Grenadines,California,Villegasshire,Technology,Accessories,Continue,8,613.69,0.21,44.31,3878.52,44.38,0.01,Medium,Card
ORD-11615,2024-01-26,Jan,2024,Sheila Cohen,New,Home Office,North,Gibraltar,Indiana,New James,Furniture,Bookcases,Perform,9,478.17,0.24,40.5,3270.68,794.5,0.24,Medium,UPI
ORD-11616,2023-05-28,May,2023,Carol Johns,VIP,Corporate,South,Tuvalu,Arkansas,Port Patricia,Technology,Accessories,Language,8,200.99,0.23,49.9,1238.1,235.87,0.19,Critical,Card
ORD-11617,2024-12-30,Dec,2024,Heather Wilson,Returning,Corporate,Central,Honduras,West Virginia,Morganhaven,Office Supplies,Paper,Increase,4,125.12,0.05,24.15,475.46,0.38,0.0,Low,Net Banking
ORD-11618,2024-07-08,Jul,2024,Amanda Gay,VIP,Home Office,Central,Kazakhstan,New Jersey,North Joseph,Technology,Accessories,Maintain,3,728.14,0.26,34.34,1616.47,-111.01,-0.07,High,Card
ORD-11619,2023-03-04,Mar,2023,Steven Lynch MD,New,Corporate,South,Wallis and Futuna,South Dakota,Grahamhaven,Technology,Accessories,Usually,6,634.95,0.19,39.82,3085.86,711.75,0.23,High,Net Banking
ORD-11620,2024-03-12,Mar,2024,Christopher Brooks,VIP,Consumer,North,Greenland,Washington,North Aaronberg,Technology,Laptops,Issue,9,235.64,0.03,7.34,2057.14,528.25,0.26,Low,Card
ORD-11621,2025-01-19,Jan,2025,Christina Williams,VIP,Corporate,South,Somalia,Michigan,Woodsbury,Office Supplies,Binders,Recent,2,569.55,0.12,26.89,1002.41,235.86,0.24,Medium,Net Banking
ORD-11622,2024-12-07,Dec,2024,Katrina Yoder,New,Corporate,South,Turkey,Rhode Island,Ronaldstad,Office Supplies,Storage,Can,6,562.99,0.04,42.18,3242.82,665.37,0.21,Low,UPI
ORD-11623,2024-09-25,Sep,2024,Christina Hunter,VIP,Home Office,North,Samoa,Florida,East Brittany,Furniture,Chairs,Address,8,316.37,0.02,11.15,2480.34,-105.57,-0.04,Medium,Net Banking
ORD-11624,2024-01-23,Jan,2024,Gina Clark,Returning,Consumer,West,Nicaragua,Rhode Island,Christinatown,Technology,Phones,Environmental,5,687.94,0.25,23.52,2579.78,148.76,0.06,Low,Net Banking
ORD-11625,2024-10-10,Oct,2024,Kathy Harvey,Returning,Consumer,West,Christmas Island,Mississippi,Port Peterchester,Office Supplies,Storage,Cause,6,699.47,0.11,9.58,3735.17,-183.87,-0.05,Medium,UPI
ORD-11626,2025-05-06,May,2025,Diane Vargas,Returning,Corporate,Central,Paraguay,Texas,Jonathanhaven,Technology,Phones,Huge,4,329.7,0.03,24.93,1279.24,-67.94,-0.05,Medium,Card
ORD-11627,2024-11-04,Nov,2024,Heather Conner,VIP,Home Office,West,Bulgaria,Maine,North Jamie,Office Supplies,Binders,Drive,2,280.91,0.01,19.11,556.2,55.88,0.1,Low,Card
ORD-11628,2025-03-08,Mar,2025,Melissa Rojas,VIP,Corporate,West,Portugal,West Virginia,East Mitchell,Furniture,Chairs,Into,5,473.77,0.04,46.81,2274.1,530.49,0.23,Critical,Card
ORD-11629,2023-07-21,Jul,2023,Daniel Cooper,VIP,Corporate,West,Equatorial Guinea,New Mexico,Charlesville,Furniture,Chairs,Feeling,7,734.38,0.21,47.35,4061.12,1062.84,0.26,Low,UPI
ORD-11630,2024-12-22,Dec,2024,Samantha Mack,New,Consumer,East,Equatorial Guinea,Pennsylvania,Greenmouth,Furniture,Tables,One,1,56.01,0.1,25.8,50.41,12.31,0.24,Medium,UPI
ORD-11631,2024-01-30,Jan,2024,Kim Murillo,Returning,Home Office,South,Turkmenistan,North Dakota,West Tylerland,Furniture,Bookcases,Director,7,334.38,0.1,38.67,2106.59,42.8,0.02,Critical,UPI
ORD-11632,2024-11-21,Nov,2024,Joseph Evans,Returning,Consumer,West,Switzerland,Illinois,Leestad,Furniture,Bookcases,Scene,6,37.31,0.29,8.27,158.94,35.79,0.23,Medium,UPI
ORD-11633,2022-12-16,Dec,2022,James Wilcox,Returning,Corporate,North,Bulgaria,Wisconsin,Castillochester,Office Supplies,Storage,Face,6,129.81,0.29,6.64,552.99,-2.49,0.0,Critical,Card
ORD-11634,2024-10-30,Oct,2024,Keith Luna,VIP,Consumer,Central,Poland,Texas,New Michael,Office Supplies,Binders,Worry,3,671.55,0.08,7.82,1853.48,239.14,0.13,High,Net Banking
ORD-11635,2025-09-18,Sep,2025,Jennifer Morrison,New,Consumer,East,Turkmenistan,Arkansas,Nortonville,Technology,Phones,Majority,4,362.89,0.02,18.08,1422.53,190.02,0.13,Critical,Net Banking
ORD-11636,2025-03-11,Mar,2025,Keith Hall,VIP,Home Office,East,Kiribati,California,Lindseytown,Technology,Laptops,Work,8,402.05,0.14,9.29,2766.1,-267.22,-0.1,High,UPI
ORD-11637,2023-08-27,Aug,2023,Bianca Johnson,VIP,Home Office,Central,Chad,South Dakota,Lake Jasonhaven,Technology,Laptops,Forward,10,458.32,0.02,43.93,4491.54,682.29,0.15,Medium,Cash
ORD-11638,2025-02-27,Feb,2025,Amy Myers,Returning,Consumer,East,Benin,Arizona,North Nicoleport,Technology,Laptops,Treatment,10,177.54,0.14,26.8,1526.84,-87.48,-0.06,Medium,UPI
ORD-11639,2024-11-13,Nov,2024,Michael Bowman,New,Home Office,South,French Polynesia,Minnesota,Billyton,Office Supplies,Binders,Own,7,509.96,0.12,36.74,3141.35,474.91,0.15,Medium,Cash
ORD-11640,2025-06-08,Jun,2025,Melissa Taylor,Returning,Corporate,Central,Myanmar,Montana,New Annton,Furniture,Bookcases,Option,9,540.17,0.27,17.65,3548.92,-343.36,-0.1,High,UPI
ORD-11641,2024-03-14,Mar,2024,Michael Lucas,Returning,Consumer,West,Isle of Man,Arkansas,South Dianatown,Technology,Accessories,Practice,1,469.85,0.04,34.64,451.06,102.16,0.23,Low,Net Banking
ORD-11642,2024-06-22,Jun,2024,Pamela Jenkins,Returning,Consumer,East,Libyan Arab Jamahiriya,Florida,North Kristenfort,Office Supplies,Paper,Piece,10,706.51,0.03,46.16,6853.15,-114.71,-0.02,Medium,Net Banking
ORD-11643,2025-10-12,Oct,2025,Bobby Warren,Returning,Consumer,West,New Caledonia,Virginia,Hardyside,Furniture,Chairs,Between,7,773.74,0.14,47.13,4657.91,-432.33,-0.09,Medium,Cash
ORD-11644,2023-02-13,Feb,2023,Tyrone Lopez,Returning,Corporate,North,Namibia,Colorado,Alexisbury,Office Supplies,Paper,Pass,6,296.85,0.06,22.22,1674.23,142.44,0.09,Medium,Cash
ORD-11645,2023-05-31,May,2023,James Bailey,Returning,Consumer,Central,Afghanistan,Iowa,New April,Furniture,Tables,Condition,2,739.11,0.22,19.88,1153.01,110.3,0.1,Medium,Card
ORD-11646,2024-09-02,Sep,2024,Lori Mcintosh,New,Consumer,North,Bahrain,Delaware,Garrettstad,Furniture,Chairs,Quickly,1,666.01,0.23,27.19,512.83,49.39,0.1,Critical,Net Banking
ORD-11647,2023-02-17,Feb,2023,Colleen Knight,VIP,Consumer,East,Dominica,Ohio,Mcdonaldport,Technology,Accessories,Religious,8,379.06,0.17,16.03,2516.96,76.11,0.03,Critical,Net Banking
ORD-11648,2024-12-31,Dec,2024,Andre Martinez,VIP,Corporate,East,Burundi,South Dakota,West Amy,Office Supplies,Paper,Threat,1,425.3,0.23,39.12,327.48,-19.83,-0.06,Low,UPI
ORD-11649,2023-09-01,Sep,2023,Teresa Strickland,VIP,Consumer,East,Cote d'Ivoire,Nevada,Lake Rebeccaburgh,Furniture,Bookcases,Account,1,332.55,0.14,18.6,285.99,83.96,0.29,Critical,Net Banking
ORD-11650,2023-12-02,Dec,2023,Timothy Guzman,Returning,Corporate,North,Ghana,Kentucky,Thomasshire,Furniture,Chairs,Prepare,3,70.98,0.08,32.84,195.9,-15.59,-0.08,Medium,UPI
ORD-11651,2024-08-24,Aug,2024,Jeffrey Young,Returning,Consumer,Central,Georgia,Arkansas,Lake Courtneyville,Technology,Laptops,Of,6,524.67,0.16,31.1,2644.34,-138.5,-0.05,Critical,UPI
ORD-11652,2023-12-15,Dec,2023,Kevin Stanley,Returning,Corporate,Central,Montserrat,Indiana,Costamouth,Technology,Phones,Score,7,336.48,0.02,20.65,2308.25,660.15,0.29,Low,Card
ORD-11653,2024-10-02,Oct,2024,Christina Terrell,VIP,Home Office,Central,Bouvet Island (Bouvetoya),South Dakota,Solomonburgh,Office Supplies,Paper,Message,2,266.93,0.02,21.31,523.18,51.17,0.1,Low,Cash
ORD-11654,2024-12-26,Dec,2024,Robin Brown,Returning,Home Office,South,Anguilla,Virginia,Port Tanya,Office Supplies,Binders,Whom,3,661.38,0.19,13.56,1607.15,-10.14,-0.01,Medium,Card
ORD-11655,2023-08-20,Aug,2023,Cody Gallegos,New,Corporate,South,Saint Kitts and Nevis,Iowa,Williamfurt,Office Supplies,Storage,Phone,5,752.73,0.15,8.98,3199.1,460.8,0.14,Low,Net Banking
ORD-11656,2025-09-11,Sep,2025,Jody Shields,VIP,Home Office,North,Macedonia,Illinois,Javierport,Furniture,Bookcases,Partner,1,480.74,0.08,15.74,442.28,-5.97,-0.01,Medium,Card
ORD-11657,2024-01-17,Jan,2024,Krista Smith,Returning,Home Office,East,Mozambique,New Mexico,Jamesburgh,Technology,Phones,Listen,6,345.38,0.05,11.75,1968.67,126.71,0.06,Critical,UPI
ORD-11658,2022-12-20,Dec,2022,Erika Strong,Returning,Consumer,West,Singapore,New Hampshire,Jimmyshire,Technology,Accessories,Bag,8,724.04,0.21,14.82,4575.93,223.0,0.05,Critical,Net Banking
ORD-11659,2024-02-20,Feb,2024,Jason Fletcher,Returning,Consumer,West,Morocco,Iowa,East Anthonyborough,Technology,Accessories,Style,1,56.68,0.24,28.32,43.08,10.24,0.24,Critical,UPI
ORD-11660,2023-02-22,Feb,2023,Matthew Carter,VIP,Home Office,South,American Samoa,Nevada,Clarkfort,Technology,Accessories,Course,1,106.07,0.24,23.26,80.61,4.38,0.05,Critical,Net Banking
ORD-11661,2025-08-09,Aug,2025,Alejandro Scott,Returning,Corporate,South,Barbados,Illinois,Triciaville,Office Supplies,Storage,Mother,1,751.35,0.19,24.12,608.59,166.25,0.27,Critical,Cash
ORD-11662,2024-07-28,Jul,2024,Sheila Moore,Returning,Home Office,South,Malta,New York,Harrisonside,Office Supplies,Paper,Real,5,597.12,0.05,48.8,2836.32,756.52,0.27,Medium,UPI
ORD-11663,2025-03-31,Mar,2025,Joshua King,VIP,Corporate,Central,Mali,Minnesota,Shawnchester,Office Supplies,Storage,Simply,9,631.23,0.08,12.49,5226.58,404.36,0.08,High,Card
ORD-11664,2024-04-12,Apr,2024,Anne Adams,New,Corporate,North,Mali,Idaho,Port Kathyfort,Technology,Accessories,Common,2,102.97,0.1,36.46,185.35,18.12,0.1,Medium,Card
ORD-11665,2025-02-26,Feb,2025,Christopher Stanley,VIP,Consumer,East,Spain,Pennsylvania,North Ronaldburgh,Office Supplies,Storage,Artist,7,529.09,0.3,8.5,2592.54,-179.12,-0.07,Medium,Cash
ORD-11666,2024-07-22,Jul,2024,Marissa Hodges,Returning,Consumer,West,Uzbekistan,Ohio,Jamesville,Technology,Laptops,Interesting,7,245.6,0.05,22.07,1633.24,-125.45,-0.08,Critical,Cash
ORD-11667,2023-08-31,Aug,2023,David Carter,Returning,Consumer,South,Mauritania,New Hampshire,Rossburgh,Office Supplies,Paper,Better,6,72.55,0.26,45.04,322.12,35.0,0.11,Medium,Card
ORD-11668,2023-12-22,Dec,2023,Jennifer Mendoza,VIP,Corporate,North,Kiribati,Maryland,West Stephanieville,Furniture,Chairs,Wonder,8,205.07,0.25,35.59,1230.42,256.82,0.21,High,UPI
ORD-11669,2025-07-14,Jul,2025,Jaime Jimenez,Returning,Consumer,West,Libyan Arab Jamahiriya,Idaho,Jacksonside,Technology,Laptops,Again,4,723.21,0.23,24.59,2227.49,626.7,0.28,Critical,Card
ORD-11670,2024-10-09,Oct,2024,Johnny Anderson,New,Home Office,South,Jamaica,Nebraska,Patrickhaven,Office Supplies,Paper,Game,4,796.29,0.23,11.73,2452.57,304.16,0.12,Medium,Card
ORD-11671,2023-03-03,Mar,2023,Amanda Conner,VIP,Home Office,West,Finland,Michigan,Allenview,Technology,Phones,Because,7,392.21,0.27,48.09,2004.19,585.22,0.29,Medium,UPI
ORD-11672,2023-04-17,Apr,2023,Jennifer Brown,VIP,Home Office,South,Barbados,Connecticut,West Heidiville,Office Supplies,Paper,Himself,9,359.41,0.04,47.28,3105.3,337.38,0.11,Medium,Net Banking
ORD-11673,2025-02-05,Feb,2025,Elizabeth Davis,VIP,Consumer,East,Sudan,Pennsylvania,Youngtown,Technology,Accessories,Various,9,552.08,0.13,24.38,4322.79,340.89,0.08,Critical,Card
ORD-11674,2023-04-23,Apr,2023,Sarah Brown,VIP,Consumer,South,Denmark,Connecticut,Jenniferberg,Technology,Laptops,Include,7,562.2,0.15,30.83,3345.09,547.67,0.16,Low,Cash
ORD-11675,2024-10-03,Oct,2024,Kelly Campbell,Returning,Consumer,East,Sudan,Utah,Brayhaven,Technology,Laptops,Out,5,326.55,0.12,19.19,1436.82,50.33,0.04,Medium,Card
ORD-11676,2023-10-24,Oct,2023,Casey West,VIP,Home Office,Central,Myanmar,Delaware,Jamesview,Furniture,Bookcases,Point,1,546.84,0.23,17.44,421.07,77.06,0.18,Medium,Net Banking
ORD-11677,2023-06-19,Jun,2023,Miguel Frank,New,Consumer,South,Macedonia,Louisiana,South Rhonda,Office Supplies,Binders,Subject,7,610.78,0.2,42.52,3420.37,889.03,0.26,High,UPI
ORD-11678,2023-07-19,Jul,2023,Vanessa Compton,VIP,Consumer,North,Armenia,California,Alisonborough,Office Supplies,Paper,Outside,2,23.76,0.03,49.08,46.09,6.33,0.14,Critical,UPI
ORD-11679,2023-02-27,Feb,2023,Mrs. Sarah Valencia,VIP,Consumer,East,Isle of Man,Maine,Davidshire,Office Supplies,Binders,Cold,2,661.1,0.26,42.28,978.43,59.77,0.06,Critical,UPI
ORD-11680,2023-01-10,Jan,2023,Katrina Espinoza,VIP,Corporate,Central,Cyprus,Arizona,North Carla,Furniture,Tables,Society,3,303.66,0.28,34.6,655.91,11.1,0.02,High,UPI
ORD-11681,2024-09-07,Sep,2024,Daniel Collins,VIP,Home Office,North,Slovakia (Slovak Republic),Idaho,Angelastad,Technology,Phones,Begin,3,95.29,0.14,7.96,245.85,35.23,0.14,High,Net Banking
ORD-11682,2023-06-05,Jun,2023,Robert King,VIP,Corporate,East,Cocos (Keeling) Islands,Tennessee,Rodgerston,Office Supplies,Binders,Piece,1,241.63,0.02,23.9,236.8,66.91,0.28,Critical,UPI
ORD-11683,2024-11-24,Nov,2024,Jeffrey Garcia,New,Home Office,North,Paraguay,Ohio,Lake Sarah,Technology,Laptops,Understand,6,102.18,0.17,9.19,508.86,98.92,0.19,Low,Cash
ORD-11684,2023-07-14,Jul,2023,Christine Davis,VIP,Consumer,East,Uruguay,Massachusetts,Christinemouth,Furniture,Tables,Unit,2,214.43,0.14,49.75,368.82,55.85,0.15,High,UPI
ORD-11685,2024-01-16,Jan,2024,John Ward,VIP,Consumer,Central,South Georgia and the South Sandwich Islands,South Dakota,Port Jasonberg,Technology,Laptops,Security,1,328.15,0.1,16.24,295.33,-14.38,-0.05,Critical,Card
ORD-11686,2023-07-09,Jul,2023,Todd Burns,VIP,Consumer,South,South Africa,South Dakota,West Christinashire,Office Supplies,Binders,Possible,6,208.2,0.11,29.69,1111.79,251.85,0.23,High,Cash
ORD-11687,2023-07-09,Jul,2023,Russell Smith,New,Consumer,West,San Marino,North Dakota,Lake Billy,Technology,Laptops,Happy,2,262.84,0.17,30.36,436.31,105.45,0.24,High,Cash
ORD-11688,2024-03-16,Mar,2024,Diana Mercado,VIP,Consumer,Central,Mauritania,Nevada,Lake Gloria,Furniture,Tables,Fact,10,399.43,0.23,36.62,3075.61,106.18,0.03,High,Cash
ORD-11689,2024-07-06,Jul,2024,Rodney Rice,New,Consumer,South,Paraguay,Massachusetts,South Kellyfort,Furniture,Tables,Positive,4,222.84,0.25,22.43,668.52,123.24,0.18,Critical,Net Banking
ORD-11690,2025-09-15,Sep,2025,Jeffrey Hernandez,Returning,Home Office,West,United States of America,Wisconsin,New Caroline,Technology,Accessories,Though,8,708.09,0.12,22.56,4984.95,996.33,0.2,High,Cash
ORD-11691,2023-11-01,Nov,2023,Lori Hansen,Returning,Corporate,Central,Burundi,Iowa,North Karenton,Technology,Accessories,Particular,6,742.01,0.28,12.02,3205.48,-254.83,-0.08,Low,Card
ORD-11692,2023-01-23,Jan,2023,Jason Miller,Returning,Corporate,South,Saint Lucia,Alabama,Walshborough,Office Supplies,Paper,Spend,3,71.53,0.1,6.87,193.13,12.05,0.06,Critical,Cash
ORD-11693,2025-06-03,Jun,2025,Mary Palmer,New,Home Office,South,Iceland,Maryland,Jimbury,Office Supplies,Paper,Toward,10,139.57,0.03,21.96,1353.83,131.9,0.1,High,UPI
ORD-11694,2023-03-24,Mar,2023,Timothy Harmon,Returning,Home Office,South,Congo,Maine,Edwardsview,Furniture,Chairs,Development,9,434.06,0.13,39.5,3398.69,507.48,0.15,Critical,Card
ORD-11695,2025-03-19,Mar,2025,Rebecca Campbell,VIP,Corporate,East,Palau,Maryland,West Michael,Office Supplies,Paper,News,5,403.37,0.0,33.97,2016.85,284.09,0.14,High,Cash
ORD-11696,2024-02-12,Feb,2024,Victor Smith,New,Consumer,East,Pitcairn Islands,Missouri,Taylorbury,Furniture,Tables,Able,2,570.8,0.1,31.27,1027.44,-1.31,0.0,Critical,Cash
ORD-11697,2023-07-24,Jul,2023,Billy Mendoza,New,Consumer,West,Finland,New Mexico,East Kimberly,Office Supplies,Storage,Interesting,7,115.13,0.18,29.16,660.85,60.08,0.09,High,Cash
ORD-11698,2023-02-17,Feb,2023,David Dorsey,Returning,Home Office,North,Micronesia,Rhode Island,East Katherinemouth,Office Supplies,Storage,Enjoy,4,471.5,0.1,43.74,1697.4,84.14,0.05,High,UPI
ORD-11699,2023-06-24,Jun,2023,Sherry Hernandez,Returning,Consumer,South,Egypt,California,Carrieshire,Technology,Laptops,Imagine,2,646.43,0.25,22.41,969.64,235.74,0.24,Critical,Net Banking
ORD-11700,2023-08-24,Aug,2023,Michael Jacobson,New,Consumer,East,Netherlands,Colorado,New Angela,Technology,Phones,Approach,1,300.72,0.14,20.31,258.62,30.14,0.12,High,Card
ORD-11701,2023-08-09,Aug,2023,Sheila Hammond,New,Corporate,West,Iran,Wyoming,West Paul,Technology,Phones,Opportunity,7,20.95,0.11,30.12,130.52,22.64,0.17,Medium,Card
ORD-11702,2024-01-30,Jan,2024,Megan Butler,VIP,Home Office,West,Palau,Arkansas,Amberfurt,Technology,Laptops,Data,9,118.65,0.26,36.07,790.21,37.9,0.05,High,Net Banking
ORD-11703,2024-09-22,Sep,2024,Aaron Cantu,Returning,Corporate,Central,Mongolia,Michigan,Smithtown,Technology,Phones,Feel,1,489.01,0.19,27.1,396.1,118.41,0.3,Critical,Card
ORD-11704,2025-01-10,Jan,2025,Tamara Thomas,New,Corporate,Central,Bolivia,Missouri,Lake Kimberlymouth,Technology,Laptops,Answer,5,426.63,0.04,5.14,2047.82,318.9,0.16,Low,Card
ORD-11705,2023-06-19,Jun,2023,Kevin Conrad,Returning,Home Office,North,South Africa,New Mexico,Barnettmouth,Office Supplies,Storage,Turn,2,780.56,0.2,47.4,1248.9,197.77,0.16,Low,Card
ORD-11706,2023-01-06,Jan,2023,Daniel Ortiz,Returning,Home Office,East,Nepal,Colorado,Port Matthew,Office Supplies,Storage,Floor,6,417.02,0.26,6.0,1851.57,-75.81,-0.04,High,Cash
ORD-11707,2023-08-11,Aug,2023,Amanda Green,VIP,Corporate,East,British Indian Ocean Territory (Chagos Archipelago),Connecticut,North Triciaview,Furniture,Chairs,Miss,6,759.37,0.11,23.27,4055.04,405.82,0.1,Low,Net Banking
ORD-11708,2023-07-30,Jul,2023,Rhonda Cannon,New,Home Office,East,Antigua and Barbuda,Maryland,Kevinburgh,Furniture,Chairs,City,2,770.77,0.1,37.09,1387.39,223.7,0.16,Critical,UPI
ORD-11709,2024-03-08,Mar,2024,Lisa Fernandez,VIP,Corporate,North,Iraq,Ohio,New Lisa,Furniture,Bookcases,Us,3,15.6,0.11,28.3,41.65,0.52,0.01,Medium,Cash
ORD-11710,2024-02-06,Feb,2024,Jasmine Cole MD,VIP,Home Office,South,Cape Verde,Alaska,Port Steven,Furniture,Bookcases,Large,7,256.72,0.12,21.54,1581.4,-56.73,-0.04,Medium,Net Banking
ORD-11711,2024-12-23,Dec,2024,Jennifer Miller,VIP,Home Office,East,Antarctica (the territory South of 60 deg S),Wyoming,Higginsshire,Technology,Phones,Education,7,376.69,0.23,19.99,2030.36,7.4,0.0,High,Net Banking
ORD-11712,2025-07-19,Jul,2025,Megan Harris,New,Consumer,South,Russian Federation,Utah,West Diana,Office Supplies,Paper,Me,5,774.23,0.12,38.96,3406.61,632.39,0.19,Medium,UPI
ORD-11713,2023-09-14,Sep,2023,Nathan Turner,VIP,Home Office,West,Finland,Arkansas,New Elizabethhaven,Furniture,Tables,Coach,1,179.11,0.21,15.19,141.5,-2.66,-0.02,Critical,Net Banking
ORD-11714,2022-11-29,Nov,2022,Marcus Boyd,New,Home Office,East,Benin,Alaska,Brownchester,Office Supplies,Storage,Race,8,534.02,0.16,44.08,3588.61,28.99,0.01,High,Cash
ORD-11715,2025-08-13,Aug,2025,Samuel Munoz,Returning,Corporate,South,United States of America,Missouri,Paigeshire,Technology,Laptops,Position,1,311.97,0.29,5.53,221.5,-5.95,-0.03,Low,UPI
ORD-11716,2023-06-13,Jun,2023,Lisa Thompson,New,Consumer,Central,Northern Mariana Islands,Tennessee,Alexachester,Furniture,Tables,Main,2,306.26,0.06,23.24,575.77,85.8,0.15,Medium,UPI
ORD-11717,2025-08-29,Aug,2025,Dana Hughes,New,Home Office,South,Nigeria,Nevada,Harveyside,Technology,Phones,Before,8,547.29,0.25,33.88,3283.74,607.44,0.18,Critical,UPI
ORD-11718,2024-05-22,May,2024,Hannah Wallace,VIP,Home Office,Central,Pitcairn Islands,New Jersey,Allenland,Furniture,Bookcases,Response,9,572.93,0.27,27.32,3764.15,701.73,0.19,High,Net Banking
ORD-11719,2025-02-14,Feb,2025,Vincent Cole,New,Corporate,East,Uganda,Connecticut,West Jennifer,Furniture,Chairs,Analysis,4,362.69,0.0,44.41,1450.76,133.68,0.09,Medium,Net Banking
ORD-11720,2023-08-03,Aug,2023,Jesse Jones,New,Home Office,East,Guam,Alabama,Ruizstad,Technology,Accessories,Hundred,3,390.57,0.29,47.72,831.91,213.95,0.26,Critical,Cash
ORD-11721,2024-02-24,Feb,2024,Richard Chase,Returning,Consumer,Central,Djibouti,California,New Erikachester,Technology,Phones,Goal,2,481.17,0.27,29.23,702.51,46.41,0.07,Low,UPI
ORD-11722,2025-10-07,Oct,2025,Paul Strickland,Returning,Home Office,East,San Marino,Kansas,West Bettystad,Office Supplies,Binders,Interesting,10,375.83,0.22,19.4,2931.47,-216.85,-0.07,Medium,Card
ORD-11723,2023-12-15,Dec,2023,Allen Montes,Returning,Consumer,West,Belgium,Missouri,Port Ashley,Office Supplies,Binders,Scene,4,322.94,0.28,45.92,930.07,-29.41,-0.03,High,UPI
ORD-11724,2023-04-26,Apr,2023,Richard Adams,Returning,Consumer,West,Gabon,New York,New Pamela,Office Supplies,Paper,Ability,7,467.33,0.11,24.34,2911.47,-198.92,-0.07,Low,Cash
ORD-11725,2024-08-29,Aug,2024,Daniel Marquez,VIP,Consumer,South,Timor-Leste,Maryland,Lindashire,Office Supplies,Paper,Raise,3,386.13,0.06,24.26,1088.89,-48.68,-0.04,Medium,Card
ORD-11726,2025-03-16,Mar,2025,Amanda Torres,Returning,Corporate,West,Finland,Mississippi,Dorseybury,Furniture,Chairs,Project,9,554.66,0.11,30.31,4442.83,-6.48,0.0,Medium,UPI
ORD-11727,2025-11-07,Nov,2025,Sabrina Rivera DDS,New,Consumer,West,Costa Rica,Massachusetts,Rebeccaland,Office Supplies,Paper,Across,4,53.01,0.3,5.66,148.43,13.74,0.09,High,Cash
ORD-11728,2024-11-21,Nov,2024,Connor Gonzalez,Returning,Corporate,West,Rwanda,North Dakota,Timborough,Office Supplies,Storage,Parent,4,663.92,0.05,27.26,2522.9,-207.41,-0.08,Low,UPI
ORD-11729,2025-07-11,Jul,2025,Sandra Adkins,New,Home Office,Central,British Indian Ocean Territory (Chagos Archipelago),Maine,Wangmouth,Office Supplies,Storage,Thank,10,293.62,0.14,21.07,2525.13,-66.12,-0.03,Critical,UPI
ORD-11730,2023-04-26,Apr,2023,Spencer Walter,Returning,Corporate,Central,United States Minor Outlying Islands,South Carolina,North Matthewborough,Technology,Laptops,South,8,776.88,0.26,5.31,4599.13,280.76,0.06,High,Cash
ORD-11731,2025-01-19,Jan,2025,Ernest Ross,New,Home Office,South,Wallis and Futuna,Kentucky,Michellehaven,Office Supplies,Binders,Break,9,122.68,0.21,5.88,872.25,59.29,0.07,Critical,Card
ORD-11732,2025-02-06,Feb,2025,Virginia Young,New,Consumer,East,Papua New Guinea,New Mexico,Adamsmouth,Furniture,Tables,Tax,1,145.38,0.26,8.4,107.58,24.64,0.23,Critical,Cash
ORD-11733,2023-08-13,Aug,2023,Mark Myers,New,Home Office,West,Djibouti,Oklahoma,Lake James,Technology,Laptops,Describe,6,291.43,0.03,32.37,1696.12,151.71,0.09,Critical,Cash
ORD-11734,2025-11-15,Nov,2025,Rebecca Mann,New,Consumer,North,Burundi,Vermont,Cardenasmouth,Furniture,Chairs,Lay,8,492.1,0.08,39.79,3621.86,990.58,0.27,High,UPI
ORD-11735,2023-09-11,Sep,2023,Donna Martinez,Returning,Home Office,East,Iceland,Washington,Gonzalezside,Office Supplies,Binders,Themselves,2,470.76,0.23,27.82,724.97,124.25,0.17,High,Cash
ORD-11736,2023-08-08,Aug,2023,Maria Hawkins,Returning,Home Office,West,Peru,California,Colinmouth,Technology,Laptops,Picture,2,204.73,0.07,19.8,380.8,48.99,0.13,Medium,UPI
ORD-11737,2023-07-17,Jul,2023,Jeff Ferguson,New,Consumer,West,Belarus,Utah,West Brendafurt,Office Supplies,Storage,Follow,10,512.41,0.16,37.54,4304.24,-16.05,0.0,High,Card
ORD-11738,2025-10-21,Oct,2025,Monica Davies,VIP,Home Office,North,Lebanon,California,Brownstad,Technology,Laptops,Agree,9,587.12,0.27,26.98,3857.38,919.07,0.24,Medium,Cash
ORD-11739,2024-01-26,Jan,2024,Robert Torres,VIP,Home Office,South,Brazil,Vermont,New Bridgetton,Technology,Laptops,Because,2,458.45,0.03,18.34,889.39,-73.54,-0.08,Critical,Cash
ORD-11740,2025-09-23,Sep,2025,Elizabeth Dunn,New,Corporate,Central,Saint Lucia,Alabama,New Juliaville,Office Supplies,Paper,Official,8,176.68,0.04,8.98,1356.9,327.89,0.24,High,Card
ORD-11741,2024-08-31,Aug,2024,Jessica Brooks,New,Home Office,North,Peru,Alaska,North Steventon,Office Supplies,Paper,Establish,10,144.5,0.14,39.95,1242.7,-83.68,-0.07,Low,UPI
ORD-11742,2024-08-16,Aug,2024,Paul Brown,VIP,Home Office,North,Kiribati,Pennsylvania,Camachoton,Technology,Accessories,Back,7,460.41,0.0,18.45,3222.87,-200.8,-0.06,High,UPI
ORD-11743,2023-01-02,Jan,2023,Carla Anderson,Returning,Corporate,North,Libyan Arab Jamahiriya,Illinois,Lopezville,Furniture,Chairs,Easy,3,51.59,0.08,32.11,142.39,-7.62,-0.05,Low,Net Banking
ORD-11744,2024-08-12,Aug,2024,Sydney Williams,Returning,Consumer,North,Isle of Man,Maryland,Port Nicoleborough,Furniture,Chairs,That,1,619.09,0.19,21.71,501.46,-40.58,-0.08,Low,Net Banking
ORD-11745,2023-10-08,Oct,2023,Jacqueline Randolph,Returning,Home Office,North,Costa Rica,Connecticut,Alexstad,Furniture,Tables,End,10,317.32,0.19,10.08,2570.29,446.97,0.17,Critical,UPI
ORD-11746,2025-06-12,Jun,2025,Christopher Bennett,New,Home Office,South,Central African Republic,New Hampshire,Watsonmouth,Technology,Phones,Position,4,270.33,0.07,6.4,1005.63,200.02,0.2,High,Card
ORD-11747,2023-11-26,Nov,2023,Timothy Williams,New,Consumer,West,Belize,North Dakota,Juliefurt,Technology,Laptops,Peace,5,97.85,0.03,44.63,474.57,10.78,0.02,High,Net Banking
ORD-11748,2023-11-18,Nov,2023,Tim Garcia,VIP,Corporate,East,Malta,Connecticut,Smithside,Technology,Laptops,Walk,8,167.19,0.01,46.8,1324.14,163.48,0.12,Medium,Net Banking
ORD-11749,2025-08-08,Aug,2025,Melissa Jackson,New,Consumer,South,Guyana,Oregon,Rosetown,Technology,Phones,Price,8,351.79,0.18,17.18,2307.74,528.19,0.23,Critical,Card
ORD-11750,2024-09-24,Sep,2024,Thomas Smith,New,Consumer,South,Haiti,North Dakota,North Coreyside,Technology,Accessories,Identify,5,83.96,0.01,50.0,415.6,71.49,0.17,High,Net Banking
ORD-11751,2023-04-09,Apr,2023,James Deleon,New,Home Office,North,Argentina,Idaho,Douglasburgh,Technology,Laptops,Learn,6,119.8,0.02,18.62,704.42,96.95,0.14,Medium,Cash
ORD-11752,2024-09-13,Sep,2024,Lisa King,VIP,Corporate,North,Guadeloupe,Wisconsin,New Jeffreyhaven,Office Supplies,Paper,Service,4,651.81,0.27,13.83,1903.29,169.88,0.09,Medium,Card
ORD-11753,2023-09-05,Sep,2023,Michael Walker,New,Consumer,North,Cameroon,South Carolina,Phillipsborough,Technology,Accessories,Key,10,16.05,0.27,44.47,117.16,4.8,0.04,Medium,Cash
ORD-11754,2024-05-20,May,2024,Mr. Isaac Warner DDS,New,Corporate,West,Guyana,New York,Lake John,Office Supplies,Binders,Guy,6,299.42,0.02,44.51,1760.59,-23.07,-0.01,Low,UPI
ORD-11755,2025-11-09,Nov,2025,Destiny Gibson,New,Consumer,South,Belize,Alaska,Port Jonathanbury,Technology,Laptops,Him,4,403.71,0.22,37.89,1259.58,-21.96,-0.02,Medium,Card
ORD-11756,2024-04-05,Apr,2024,Amber Hughes,VIP,Home Office,North,Philippines,Georgia,Mortontown,Office Supplies,Binders,Go,5,711.58,0.1,10.46,3202.11,852.29,0.27,Critical,Net Banking
ORD-11757,2025-01-12,Jan,2025,Tyler Mata,VIP,Corporate,West,Cameroon,Alaska,Port Stephaniechester,Office Supplies,Storage,Style,9,636.89,0.23,32.23,4413.65,1257.06,0.28,Low,UPI
ORD-11758,2023-01-20,Jan,2023,Alyssa Estes,VIP,Home Office,East,Saudi Arabia,Arkansas,New Cassandra,Furniture,Bookcases,Vote,6,52.33,0.03,23.91,304.56,-4.09,-0.01,Medium,Card
ORD-11759,2023-04-22,Apr,2023,Thomas Snow,VIP,Consumer,Central,Fiji,North Carolina,Lake Shawnport,Furniture,Tables,Threat,6,629.09,0.17,30.35,3132.87,-65.66,-0.02,Medium,UPI
ORD-11760,2025-05-17,May,2025,Robert Lewis,New,Corporate,East,New Zealand,Georgia,Alisonborough,Office Supplies,Binders,Science,7,341.73,0.07,32.68,2224.66,438.85,0.2,Medium,UPI
ORD-11761,2024-03-17,Mar,2024,James Bridges,Returning,Consumer,South,Solomon Islands,Oregon,Michellemouth,Furniture,Chairs,Mother,10,99.38,0.09,40.46,904.36,98.32,0.11,Medium,Net Banking
ORD-11762,2023-02-03,Feb,2023,Deborah Mcdaniel,VIP,Corporate,Central,Panama,Montana,West Michaelland,Technology,Accessories,Contain,3,750.21,0.06,6.76,2115.59,201.16,0.1,Critical,Cash
ORD-11763,2025-06-04,Jun,2025,Daniel Armstrong,New,Consumer,South,Dominica,Alabama,Lake Brandyberg,Office Supplies,Binders,Morning,6,343.59,0.0,12.01,2061.54,16.37,0.01,Critical,Card
ORD-11764,2025-01-18,Jan,2025,Lindsey Bender,VIP,Home Office,Central,Taiwan,North Carolina,Brucechester,Office Supplies,Paper,Network,9,460.38,0.16,31.38,3480.47,327.51,0.09,High,UPI
ORD-11765,2024-05-28,May,2024,Jessica Weaver,Returning,Home Office,South,Western Sahara,Colorado,Kathrynmouth,Technology,Laptops,Music,10,610.62,0.19,30.43,4946.02,601.43,0.12,Low,UPI
ORD-11766,2024-02-28,Feb,2024,Miranda Morrison,VIP,Corporate,East,Turkey,New Mexico,Erinstad,Technology,Laptops,Green,5,508.99,0.22,46.12,1985.06,340.48,0.17,Critical,Net Banking
ORD-11767,2024-09-17,Sep,2024,Martin Grimes,VIP,Corporate,East,Albania,Illinois,Parkland,Office Supplies,Binders,Child,7,544.71,0.28,44.38,2745.34,201.14,0.07,High,UPI
ORD-11768,2025-09-01,Sep,2025,Dr. Tracey Perez DDS,VIP,Home Office,North,Maldives,New Hampshire,Lewisside,Technology,Accessories,Quite,6,45.56,0.03,47.32,265.16,64.44,0.24,High,UPI
ORD-11769,2024-02-06,Feb,2024,Jason Petty,VIP,Corporate,North,Singapore,Nebraska,Lake Vanessabury,Office Supplies,Binders,Store,1,448.26,0.1,33.92,403.43,55.57,0.14,Medium,Card
ORD-11770,2023-11-28,Nov,2023,David May,VIP,Corporate,Central,Russian Federation,South Carolina,South Michael,Office Supplies,Paper,Catch,4,376.67,0.08,30.51,1386.15,14.79,0.01,Low,Cash
ORD-11771,2025-05-03,May,2025,Tanner Johnson,VIP,Corporate,South,Poland,Wisconsin,East Ericborough,Technology,Accessories,Place,5,66.6,0.28,39.17,239.76,24.36,0.1,Low,Card
ORD-11772,2025-06-11,Jun,2025,James Davis,Returning,Corporate,East,Brunei Darussalam,Nebraska,West Jason,Technology,Accessories,Key,5,251.85,0.1,18.51,1133.33,-87.96,-0.08,Medium,Card
ORD-11773,2024-07-21,Jul,2024,Anthony Smith,Returning,Home Office,North,Heard Island and McDonald Islands,New Hampshire,Brandonfurt,Technology,Accessories,Seven,8,322.65,0.07,6.24,2400.52,-115.84,-0.05,Critical,Card
ORD-11774,2023-06-13,Jun,2023,Richard Walker,New,Home Office,East,Gibraltar,Oregon,East Wendyshire,Technology,Accessories,Shake,1,185.05,0.17,12.54,153.59,32.63,0.21,Medium,UPI
ORD-11775,2024-02-28,Feb,2024,Emily Mclaughlin,VIP,Home Office,East,Slovakia (Slovak Republic),Oklahoma,Charleston,Furniture,Tables,Market,1,203.9,0.18,36.76,167.2,6.22,0.04,Medium,Net Banking
ORD-11776,2023-12-05,Dec,2023,Edwin Potts,VIP,Home Office,North,Tunisia,Arizona,Port Omar,Office Supplies,Binders,Model,10,168.21,0.06,20.76,1581.17,11.56,0.01,Critical,Cash
ORD-11777,2025-06-08,Jun,2025,Jason Barnett,Returning,Consumer,Central,Mayotte,Florida,Clarkborough,Furniture,Chairs,Teacher,8,366.31,0.15,45.35,2490.91,-49.29,-0.02,Medium,Cash
ORD-11778,2022-12-14,Dec,2022,Brendan Anderson,Returning,Home Office,West,Nepal,South Dakota,Larryview,Technology,Phones,Teacher,8,503.57,0.15,22.08,3424.28,518.05,0.15,Medium,Card
ORD-11779,2025-02-01,Feb,2025,Daniel Blankenship,VIP,Corporate,West,Netherlands,Alaska,North Angela,Office Supplies,Binders,Turn,3,690.14,0.06,39.62,1946.19,-7.16,0.0,High,Card
ORD-11780,2024-07-15,Jul,2024,Daniel Allison,Returning,Corporate,South,Guyana,Montana,East Ronnie,Furniture,Chairs,Blue,7,724.8,0.28,39.96,3652.99,-240.63,-0.07,High,Cash
ORD-11781,2025-11-06,Nov,2025,Laurie Reynolds,New,Corporate,North,Chad,Alabama,North Robert,Office Supplies,Paper,Energy,3,62.84,0.27,42.63,137.62,40.13,0.29,High,UPI
ORD-11782,2023-09-29,Sep,2023,Susan Cox,Returning,Corporate,East,Faroe Islands,Virginia,Port Christopherburgh,Furniture,Chairs,Big,8,121.23,0.28,47.45,698.28,12.29,0.02,Low,Cash
ORD-11783,2025-07-07,Jul,2025,Brandon Middleton,Returning,Corporate,East,Congo,Delaware,Joneschester,Office Supplies,Paper,Top,8,700.79,0.05,49.94,5326.0,585.57,0.11,Low,Cash
ORD-11784,2023-06-09,Jun,2023,Ryan Duke,VIP,Consumer,Central,Madagascar,North Carolina,South Emily,Furniture,Bookcases,The,3,611.35,0.09,47.37,1668.99,428.11,0.26,High,Net Banking
ORD-11785,2023-10-04,Oct,2023,Shannon Jones,VIP,Consumer,East,Cape Verde,New Mexico,Garciafort,Technology,Phones,Strategy,8,603.39,0.14,30.12,4151.32,-171.75,-0.04,Medium,Net Banking
ORD-11786,2024-10-29,Oct,2024,Jasmine Brown,Returning,Corporate,South,Luxembourg,Illinois,Port Thomas,Furniture,Tables,Which,9,718.16,0.26,37.2,4782.95,954.48,0.2,Critical,Card
ORD-11787,2025-08-23,Aug,2025,Julie Hernandez,Returning,Home Office,South,Latvia,Pennsylvania,Elizabethbury,Technology,Phones,Know,1,196.73,0.27,22.95,143.61,24.06,0.17,Critical,Card
ORD-11788,2023-06-17,Jun,2023,Susan Jackson,VIP,Consumer,Central,Afghanistan,Oklahoma,Port David,Office Supplies,Binders,Cause,6,615.71,0.06,24.21,3472.6,8.04,0.0,Critical,UPI
ORD-11789,2024-06-02,Jun,2024,Glenda Goodwin,New,Corporate,North,Malawi,West Virginia,Barnettfurt,Furniture,Tables,Type,1,237.05,0.15,20.73,201.49,58.95,0.29,Medium,UPI
ORD-11790,2023-06-22,Jun,2023,Ryan Smith DDS,New,Consumer,Central,Singapore,Montana,Fosterville,Furniture,Bookcases,Accept,1,715.01,0.2,24.59,572.01,42.46,0.07,Critical,Card
ORD-11791,2024-07-10,Jul,2024,Rachel Saunders,VIP,Consumer,East,Algeria,Texas,Stacyberg,Furniture,Chairs,Effect,10,379.44,0.07,22.94,3528.79,-77.17,-0.02,Critical,Cash
ORD-11792,2025-07-01,Jul,2025,Emily Scott,Returning,Corporate,West,Hong Kong,Washington,New Jenniferton,Technology,Phones,Begin,1,197.34,0.03,13.38,191.42,46.32,0.24,Low,Net Banking
ORD-11793,2024-09-21,Sep,2024,David Richardson,New,Home Office,West,United Arab Emirates,South Dakota,Claytontown,Office Supplies,Binders,You,6,798.89,0.03,45.96,4649.54,1259.09,0.27,Critical,Cash
ORD-11794,2023-08-16,Aug,2023,Jordan Johnson,VIP,Consumer,North,Serbia,New York,East Mikeshire,Furniture,Chairs,Keep,2,10.63,0.28,29.4,15.31,1.18,0.08,Low,Net Banking
ORD-11795,2024-07-18,Jul,2024,Kellie Montoya,Returning,Corporate,West,Sierra Leone,New Hampshire,Port Melissaport,Furniture,Bookcases,That,4,67.79,0.25,7.25,203.37,-17.54,-0.09,Medium,Cash
ORD-11796,2024-11-03,Nov,2024,Sheila Garcia,Returning,Corporate,East,Yemen,Washington,Jessicaside,Technology,Accessories,Former,8,308.19,0.23,32.86,1898.45,195.01,0.1,Medium,Net Banking
ORD-11797,2024-05-08,May,2024,Michelle Hughes,New,Corporate,South,Christmas Island,Nevada,New Richard,Technology,Phones,Show,1,133.77,0.09,49.56,121.73,-4.05,-0.03,Low,Cash
ORD-11798,2022-12-07,Dec,2022,Sarah Campbell,VIP,Corporate,East,Montserrat,Connecticut,Janiceview,Office Supplies,Binders,According,5,446.16,0.19,9.07,1806.95,119.39,0.07,Low,Net Banking
ORD-11799,2024-01-08,Jan,2024,Jordan Bell,New,Home Office,Central,Saint Lucia,Florida,West Kelseymouth,Technology,Phones,Yeah,6,203.9,0.21,49.52,966.49,148.72,0.15,High,UPI
ORD-11800,2025-01-24,Jan,2025,Brett Gonzalez,New,Home Office,North,Christmas Island,South Dakota,Loweryshire,Office Supplies,Binders,Structure,10,333.51,0.23,33.65,2568.03,92.3,0.04,High,Card
ORD-11801,2025-02-15,Feb,2025,Edward Johnson,Returning,Consumer,North,Northern Mariana Islands,Oregon,New Victoria,Office Supplies,Storage,Future,8,501.79,0.06,40.14,3773.46,316.63,0.08,High,Net Banking
ORD-11802,2023-05-05,May,2023,Karen Montgomery,VIP,Home Office,West,Albania,North Dakota,Nicolehaven,Office Supplies,Paper,Enjoy,7,639.02,0.27,40.69,3265.39,22.14,0.01,High,UPI
ORD-11803,2025-04-28,Apr,2025,Maxwell Wells,New,Home Office,West,Liechtenstein,Maine,Sharonberg,Furniture,Bookcases,Language,5,598.25,0.19,26.57,2422.91,297.71,0.12,High,Net Banking
ORD-11804,2024-01-04,Jan,2024,Kathleen Harvey,VIP,Home Office,East,Ghana,Arkansas,Nelsonton,Technology,Accessories,Start,3,442.89,0.03,34.85,1288.81,323.82,0.25,Low,Cash
ORD-11805,2024-10-30,Oct,2024,Jessica Rose,VIP,Home Office,West,Reunion,Arkansas,Rodriguezmouth,Technology,Accessories,Film,9,246.35,0.1,9.83,1995.44,557.79,0.28,Low,Net Banking
ORD-11806,2025-09-25,Sep,2025,William West,New,Consumer,West,Mozambique,Oklahoma,West Joelchester,Office Supplies,Storage,Shoulder,3,442.29,0.14,39.17,1141.11,-39.51,-0.03,High,Cash
ORD-11807,2023-02-24,Feb,2023,Yolanda Lee,New,Corporate,West,Guinea,New Jersey,Millermouth,Furniture,Chairs,Admit,10,693.78,0.01,13.41,6868.42,-119.19,-0.02,Medium,Net Banking
ORD-11808,2024-11-20,Nov,2024,Patricia Dougherty,New,Corporate,East,Antigua and Barbuda,Maine,Loriburgh,Office Supplies,Binders,Rich,2,321.6,0.05,28.53,611.04,-29.69,-0.05,Critical,Net Banking
ORD-11809,2024-03-13,Mar,2024,David Drake,New,Home Office,East,Australia,Alabama,Katherinetown,Technology,Laptops,Probably,8,168.36,0.15,45.01,1144.85,214.23,0.19,Critical,UPI
ORD-11810,2024-09-26,Sep,2024,Brandon Ortega,VIP,Home Office,Central,Marshall Islands,Minnesota,Lake Jeffrey,Technology,Phones,My,1,185.9,0.27,34.03,135.71,-6.1,-0.04,Low,Net Banking
ORD-11811,2023-09-25,Sep,2023,Michael Perez,Returning,Home Office,North,Belarus,North Carolina,New Glenn,Office Supplies,Binders,Give,7,392.94,0.15,18.37,2337.99,361.92,0.15,High,Cash
ORD-11812,2023-05-27,May,2023,Chad Simmons,Returning,Consumer,Central,New Caledonia,Kansas,Lake Alan,Office Supplies,Paper,Third,8,510.56,0.07,15.73,3798.57,528.55,0.14,Critical,Card
ORD-11813,2024-09-05,Sep,2024,Hannah Gonzalez,New,Corporate,North,Belarus,Minnesota,Johnberg,Office Supplies,Paper,Quality,2,698.4,0.1,15.11,1257.12,17.56,0.01,High,Card
ORD-11814,2025-07-22,Jul,2025,Vincent Liu,Returning,Consumer,Central,Turks and Caicos Islands,Connecticut,Stacyburgh,Technology,Laptops,Military,5,104.03,0.29,49.19,369.31,30.57,0.08,Medium,Card
ORD-11815,2023-10-12,Oct,2023,Stephen Parrish,New,Corporate,West,Belarus,Missouri,Kathrynton,Office Supplies,Paper,Make,9,725.96,0.23,20.09,5030.9,644.34,0.13,High,Cash
ORD-11816,2023-06-03,Jun,2023,Cory Blackburn,VIP,Consumer,North,Rwanda,Utah,Greenfurt,Office Supplies,Binders,Condition,3,240.57,0.05,34.79,685.62,197.1,0.29,High,Card
ORD-11817,2024-10-03,Oct,2024,William Bell,Returning,Home Office,Central,United States Minor Outlying Islands,Hawaii,South Matthew,Office Supplies,Paper,North,2,325.29,0.17,12.81,539.98,63.24,0.12,Medium,Cash
ORD-11818,2025-02-17,Feb,2025,Christopher Rivera,VIP,Home Office,West,Liberia,South Dakota,Cochranmouth,Furniture,Bookcases,Them,1,380.96,0.07,19.88,354.29,94.62,0.27,High,Cash
ORD-11819,2024-10-12,Oct,2024,Samuel White,Returning,Home Office,North,Albania,Missouri,Masonmouth,Technology,Laptops,Smile,1,25.44,0.04,27.91,24.42,4.29,0.18,High,Card
ORD-11820,2023-11-24,Nov,2023,Eric Martinez,VIP,Home Office,East,Sao Tome and Principe,Nevada,New Michelle,Furniture,Chairs,Change,7,80.42,0.05,8.35,534.79,10.43,0.02,Critical,Net Banking
ORD-11821,2023-04-03,Apr,2023,Craig Holland,Returning,Corporate,North,Ecuador,Pennsylvania,Lake Ryanside,Technology,Laptops,Shake,5,14.46,0.21,44.94,57.12,0.38,0.01,Medium,Net Banking
ORD-11822,2023-05-14,May,2023,Dominique Ibarra,VIP,Consumer,East,Nicaragua,North Carolina,Amandabury,Office Supplies,Binders,Paper,10,243.71,0.19,31.34,1974.05,546.87,0.28,Low,UPI
ORD-11823,2024-05-28,May,2024,Curtis Cruz,New,Corporate,West,Latvia,Georgia,Mcintyreburgh,Furniture,Bookcases,Various,6,174.33,0.27,31.14,763.57,33.68,0.04,Low,Cash
ORD-11824,2024-05-28,May,2024,Jessica Burke,VIP,Home Office,South,Uruguay,Massachusetts,South Kevin,Furniture,Tables,Son,9,509.87,0.05,11.78,4359.39,-284.21,-0.07,High,UPI
ORD-11825,2023-03-27,Mar,2023,Brianna Walker,VIP,Corporate,East,Mongolia,New York,Wyattburgh,Technology,Laptops,Notice,2,586.08,0.2,17.5,937.73,110.65,0.12,Low,Net Banking
ORD-11826,2023-05-21,May,2023,Jonathan Morales,Returning,Corporate,Central,Uzbekistan,Mississippi,New Russellport,Office Supplies,Paper,Sure,2,464.55,0.13,10.49,808.32,82.6,0.1,High,UPI
ORD-11827,2023-03-07,Mar,2023,Kevin Brown,New,Home Office,East,Israel,Vermont,Lake Zoetown,Furniture,Bookcases,Yard,7,226.77,0.17,40.76,1317.53,-12.87,-0.01,Low,Cash
ORD-11828,2024-12-19,Dec,2024,Breanna Moore,New,Consumer,South,Timor-Leste,Maryland,East Jenniferview,Technology,Accessories,Knowledge,10,506.98,0.2,40.15,4055.84,764.46,0.19,Low,UPI
ORD-11829,2024-03-30,Mar,2024,Andrew Gomez,New,Home Office,North,Taiwan,Mississippi,Andersonstad,Office Supplies,Storage,Life,2,586.37,0.25,47.43,879.56,21.14,0.02,Low,UPI
ORD-11830,2024-07-14,Jul,2024,Amanda Miles,VIP,Home Office,East,Korea,New Mexico,Daniellefurt,Office Supplies,Storage,Us,7,429.18,0.0,9.55,3004.26,-233.52,-0.08,Low,UPI
ORD-11831,2024-04-28,Apr,2024,Jamie Humphrey,VIP,Home Office,Central,Brunei Darussalam,Virginia,East Kennethmouth,Office Supplies,Storage,Personal,10,782.72,0.27,49.2,5713.86,494.53,0.09,Medium,UPI
ORD-11832,2024-05-23,May,2024,Jonathon Stephens,Returning,Home Office,Central,Kazakhstan,Maine,Gillshire,Office Supplies,Paper,Or,5,782.29,0.07,35.28,3637.65,344.92,0.09,Critical,Cash
ORD-11833,2025-09-21,Sep,2025,Michael Lynch,Returning,Home Office,East,South Georgia and the South Sandwich Islands,Alabama,North Leslieland,Office Supplies,Paper,Authority,2,281.71,0.29,10.64,400.03,41.8,0.1,Medium,Card
ORD-11834,2022-11-30,Nov,2022,Melinda Case,VIP,Home Office,East,French Southern Territories,Virginia,Loweside,Furniture,Chairs,Word,6,797.64,0.29,31.45,3397.95,551.78,0.16,Medium,Card
ORD-11835,2025-05-09,May,2025,Jessica Dyer,VIP,Home Office,South,Ecuador,Oregon,Davidshire,Technology,Phones,Thank,5,260.4,0.27,45.52,950.46,26.38,0.03,Low,Cash
ORD-11836,2023-08-17,Aug,2023,Mrs. Marissa Nielsen,VIP,Consumer,West,Ghana,Iowa,West Matthew,Furniture,Chairs,Stuff,5,554.9,0.02,43.74,2719.01,767.63,0.28,Critical,Cash
ORD-11837,2023-01-25,Jan,2023,Lisa Johnson,Returning,Consumer,Central,Romania,Wisconsin,Lake Lisaville,Office Supplies,Storage,Arm,5,123.34,0.19,25.6,499.53,-16.48,-0.03,Critical,UPI
ORD-11838,2025-05-18,May,2025,Melissa Watts,Returning,Home Office,North,New Zealand,Minnesota,Conwaystad,Technology,Laptops,Establish,6,114.17,0.27,37.19,500.06,56.39,0.11,Critical,UPI
ORD-11839,2024-04-24,Apr,2024,Kathryn Dixon,VIP,Corporate,West,Burundi,Illinois,New Ronald,Office Supplies,Storage,Age,5,692.74,0.21,5.62,2736.32,352.51,0.13,Critical,Cash
ORD-11840,2024-09-14,Sep,2024,Kayla Abbott,VIP,Corporate,Central,Albania,New Mexico,Annaland,Furniture,Chairs,Impact,9,645.08,0.24,35.31,4412.35,1008.36,0.23,Medium,Net Banking
ORD-11841,2024-03-24,Mar,2024,Timothy Lee,New,Corporate,North,United Arab Emirates,Georgia,Ochoamouth,Office Supplies,Storage,Role,8,65.83,0.05,5.44,500.31,137.15,0.27,High,Cash
ORD-11842,2025-06-24,Jun,2025,Elizabeth Barry,VIP,Corporate,South,Norway,North Dakota,Rebeccabury,Office Supplies,Paper,Surface,10,588.68,0.05,7.61,5592.46,1666.2,0.3,Critical,Net Banking
ORD-11843,2024-01-12,Jan,2024,Dylan Davis,Returning,Corporate,West,Angola,Washington,Ericaside,Office Supplies,Binders,Start,10,223.75,0.03,22.75,2170.38,25.65,0.01,Medium,Net Banking
ORD-11844,2023-09-18,Sep,2023,Keith White,VIP,Home Office,West,Morocco,Maine,Carrieton,Furniture,Tables,Network,5,96.18,0.18,28.86,394.34,84.03,0.21,High,Net Banking
ORD-11845,2022-12-07,Dec,2022,Lindsay Lowe,New,Home Office,Central,Portugal,West Virginia,Port Brianna,Technology,Accessories,Charge,7,38.39,0.03,29.1,260.67,64.68,0.25,Critical,Card
ORD-11846,2025-04-14,Apr,2025,Melissa Lopez,Returning,Consumer,East,Bermuda,Tennessee,Allenport,Furniture,Chairs,Police,5,660.18,0.09,11.8,3003.82,369.81,0.12,Low,Cash
ORD-11847,2023-10-13,Oct,2023,Colton Roberts,Returning,Corporate,South,Hungary,West Virginia,Loganburgh,Furniture,Chairs,Happen,10,246.73,0.28,34.76,1776.46,405.45,0.23,Critical,Cash
ORD-11848,2025-10-31,Oct,2025,Matthew Friedman,New,Corporate,East,British Indian Ocean Territory (Chagos Archipelago),Georgia,Port Jeremy,Technology,Phones,Mention,5,489.24,0.24,12.88,1859.11,272.28,0.15,Medium,Card
ORD-11849,2024-12-18,Dec,2024,Brenda Morgan,VIP,Corporate,South,Falkland Islands (Malvinas),Montana,New David,Technology,Accessories,Black,6,46.98,0.18,22.48,231.14,-14.89,-0.06,Low,Cash
ORD-11850,2025-11-13,Nov,2025,Brandy Robinson,New,Corporate,East,Western Sahara,Louisiana,New Davidport,Technology,Accessories,Program,10,733.65,0.13,47.44,6382.76,677.46,0.11,Low,Cash
ORD-11851,2024-05-08,May,2024,Brooke Pham,Returning,Corporate,East,Cook Islands,Maine,Jessicaland,Furniture,Chairs,Right,3,707.6,0.27,40.15,1549.64,314.4,0.2,Low,Cash
ORD-11852,2024-08-29,Aug,2024,Sarah Armstrong,New,Consumer,West,French Guiana,Nevada,Juarezmouth,Office Supplies,Storage,Cell,1,442.57,0.22,46.52,345.2,94.95,0.28,Medium,Net Banking
ORD-11853,2023-12-05,Dec,2023,Tammy Ballard,New,Corporate,East,Heard Island and McDonald Islands,Rhode Island,West Joelshire,Technology,Accessories,Identify,1,768.24,0.22,6.83,599.23,172.22,0.29,Low,Cash
ORD-11854,2023-12-11,Dec,2023,Alyssa Flores,New,Home Office,North,Northern Mariana Islands,Pennsylvania,South Hannah,Office Supplies,Paper,Old,8,416.18,0.01,31.55,3296.15,776.48,0.24,High,Card
ORD-11855,2024-02-22,Feb,2024,Linda Downs,Returning,Consumer,East,American Samoa,Arizona,Barbaraland,Office Supplies,Binders,City,2,143.18,0.07,9.65,266.31,67.05,0.25,Medium,UPI
ORD-11856,2023-11-24,Nov,2023,Jennifer Chang,New,Home Office,East,Netherlands,Connecticut,Port Ambermouth,Furniture,Chairs,Million,2,336.47,0.23,46.12,518.16,-42.3,-0.08,Medium,UPI
ORD-11857,2023-08-25,Aug,2023,Christine Matthews,New,Home Office,West,Cocos (Keeling) Islands,Washington,West Seanview,Technology,Laptops,Though,3,435.39,0.28,48.0,940.44,150.05,0.16,High,Net Banking
ORD-11858,2025-04-06,Apr,2025,Arthur Henderson,VIP,Consumer,West,Vietnam,Maine,Port Patriciaside,Furniture,Chairs,Station,9,318.0,0.12,35.56,2518.56,674.77,0.27,Low,Net Banking
ORD-11859,2024-10-07,Oct,2024,Robert Lee,New,Home Office,South,Lebanon,Minnesota,Kaylamouth,Technology,Accessories,Thus,1,570.99,0.25,43.26,428.24,66.43,0.16,Medium,Card
ORD-11860,2023-06-26,Jun,2023,Priscilla Roberts,VIP,Corporate,West,San Marino,Rhode Island,North Kellyfurt,Technology,Laptops,The,6,158.67,0.07,7.41,885.38,208.4,0.24,Critical,Cash
ORD-11861,2024-01-17,Jan,2024,Matthew Bell,New,Consumer,North,Puerto Rico,Georgia,East Jaclyn,Technology,Accessories,Tree,5,632.51,0.2,11.53,2530.04,593.8,0.23,Low,Cash
ORD-11862,2023-11-13,Nov,2023,Jennifer Lara,VIP,Corporate,South,Tunisia,Wisconsin,Woodston,Office Supplies,Binders,Truth,10,173.06,0.16,22.82,1453.7,24.03,0.02,Medium,Cash
ORD-11863,2023-09-01,Sep,2023,Terry Zhang,VIP,Corporate,Central,Western Sahara,Idaho,East Ryanburgh,Technology,Laptops,Security,1,646.3,0.04,13.16,620.45,-55.53,-0.09,Medium,Cash
ORD-11864,2023-03-01,Mar,2023,Timothy Martinez,VIP,Home Office,Central,El Salvador,Maine,New Jessicabury,Furniture,Bookcases,Economy,5,197.78,0.15,44.15,840.56,-67.52,-0.08,Low,UPI
ORD-11865,2025-06-04,Jun,2025,Isaac Ray,New,Consumer,West,Korea,Delaware,South Jameston,Technology,Accessories,Beyond,10,636.14,0.25,25.84,4771.05,939.9,0.2,Critical,UPI
ORD-11866,2024-12-21,Dec,2024,Shirley Clayton,VIP,Consumer,South,Papua New Guinea,Indiana,Stevenfurt,Furniture,Chairs,His,4,721.7,0.02,12.46,2829.06,848.6,0.3,Low,Net Banking
ORD-11867,2023-08-29,Aug,2023,Henry Perez II,New,Home Office,West,Morocco,Florida,North Leahtown,Office Supplies,Paper,Although,7,379.25,0.09,44.82,2415.82,-141.55,-0.06,Low,Net Banking
ORD-11868,2023-09-06,Sep,2023,Maria Anthony,VIP,Corporate,South,Cook Islands,Georgia,South Gloriafurt,Technology,Phones,Yourself,1,630.95,0.08,17.32,580.47,-13.96,-0.02,Medium,Card
ORD-11869,2023-04-30,Apr,2023,Dr. Joshua Ferrell,Returning,Corporate,East,Saint Barthelemy,Arkansas,Port Jennifer,Technology,Phones,State,8,518.48,0.27,34.72,3027.92,574.65,0.19,Medium,UPI
ORD-11870,2024-06-17,Jun,2024,Austin Frazier,VIP,Home Office,Central,Slovakia (Slovak Republic),New Hampshire,Jasminton,Furniture,Chairs,More,6,254.71,0.05,9.35,1451.85,127.97,0.09,Low,Net Banking
ORD-11871,2023-01-15,Jan,2023,Travis Johnson,VIP,Corporate,West,Solomon Islands,New Mexico,Roblesbury,Technology,Laptops,Live,5,446.9,0.2,7.9,1787.6,-95.46,-0.05,Medium,UPI
ORD-11872,2024-04-14,Apr,2024,Kimberly Anderson,New,Corporate,Central,Malaysia,Oregon,Port Amanda,Technology,Laptops,Next,3,46.15,0.19,10.75,112.14,31.19,0.28,High,Net Banking
ORD-11873,2022-11-30,Nov,2022,Carlos Lewis,VIP,Home Office,South,Comoros,New Mexico,West Jonathan,Technology,Accessories,Realize,1,606.63,0.13,32.26,527.77,23.64,0.04,High,Cash
ORD-11874,2024-07-27,Jul,2024,Alan Washington,VIP,Home Office,East,Latvia,New Mexico,New Ebonyland,Office Supplies,Storage,Culture,3,246.2,0.02,12.01,723.83,177.09,0.24,High,Cash
ORD-11875,2025-01-25,Jan,2025,Maureen Horn,Returning,Home Office,South,Norfolk Island,West Virginia,Benderberg,Technology,Laptops,To,2,457.12,0.05,16.5,868.53,-41.09,-0.05,Low,Card
ORD-11876,2022-11-26,Nov,2022,Emily Gonzalez,Returning,Home Office,Central,Saint Lucia,Maryland,South Brentburgh,Technology,Accessories,Expect,7,586.99,0.13,13.42,3574.77,613.06,0.17,Medium,UPI
ORD-11877,2025-09-29,Sep,2025,Mr. Kenneth Patel MD,Returning,Consumer,North,Serbia,Oklahoma,Henryburgh,Office Supplies,Binders,Thing,6,745.22,0.21,16.09,3532.34,-129.14,-0.04,High,Net Banking
ORD-11878,2023-11-14,Nov,2023,Mrs. Julie Miller,New,Corporate,West,South Africa,Illinois,North Jonborough,Furniture,Bookcases,Candidate,10,102.14,0.28,31.13,735.41,145.79,0.2,Critical,Net Banking
ORD-11879,2025-01-26,Jan,2025,Robert Bryan,Returning,Home Office,Central,Australia,Connecticut,Margaretstad,Furniture,Bookcases,Exactly,6,494.8,0.22,41.06,2315.66,279.46,0.12,Low,Card
ORD-11880,2024-09-21,Sep,2024,Charlotte Thomas,VIP,Home Office,Central,Comoros,Maine,Lisaton,Technology,Accessories,Price,6,269.96,0.05,9.9,1538.77,438.55,0.29,Medium,Card
ORD-11881,2025-08-11,Aug,2025,Erin Green,New,Consumer,East,Dominican Republic,Illinois,East Jason,Technology,Phones,Stop,10,605.43,0.08,10.61,5569.96,-47.13,-0.01,Low,Cash
ORD-11882,2025-05-28,May,2025,Linda Blair,Returning,Consumer,West,Ecuador,Iowa,Lake Garrettstad,Technology,Accessories,Guess,8,156.43,0.0,44.68,1251.44,34.79,0.03,Low,Net Banking
ORD-11883,2025-09-17,Sep,2025,Brandon Morris,New,Consumer,East,South Georgia and the South Sandwich Islands,Massachusetts,Catherinetown,Technology,Laptops,Return,6,320.16,0.23,48.92,1479.14,143.67,0.1,High,Card
ORD-11884,2022-11-30,Nov,2022,Jake Dunn,VIP,Consumer,East,Mayotte,Indiana,Vegaside,Office Supplies,Storage,Shoulder,5,36.36,0.11,44.78,161.8,-13.79,-0.09,Critical,UPI
ORD-11885,2023-08-04,Aug,2023,Steven Green,New,Consumer,East,Mozambique,Maine,Lake Eric,Technology,Phones,Fall,4,550.72,0.21,33.26,1740.28,-133.75,-0.08,Low,Cash
ORD-11886,2024-01-18,Jan,2024,Cynthia Rodriguez,New,Home Office,West,Cocos (Keeling) Islands,Nevada,West Rosestad,Technology,Phones,Figure,10,112.57,0.25,45.61,844.27,183.47,0.22,Medium,UPI
ORD-11887,2024-08-13,Aug,2024,Miss Mary Brown,Returning,Home Office,South,New Caledonia,North Dakota,East Larrymouth,Office Supplies,Binders,Future,3,238.0,0.15,48.14,606.9,140.04,0.23,Low,Card
ORD-11888,2023-08-01,Aug,2023,Raymond Franco,Returning,Home Office,South,Norway,Alabama,Elizabethstad,Technology,Phones,Energy,7,84.64,0.18,38.98,485.83,9.08,0.02,Low,Card
ORD-11889,2025-09-01,Sep,2025,Russell Zamora,New,Home Office,West,Tanzania,Oklahoma,Ryanburgh,Technology,Laptops,Under,3,490.54,0.24,25.43,1118.43,100.82,0.09,Medium,Cash
ORD-11890,2023-02-14,Feb,2023,Paula Hansen,VIP,Home Office,West,Luxembourg,Hawaii,Markbury,Technology,Accessories,Man,3,427.4,0.11,21.68,1141.16,83.41,0.07,Critical,Net Banking
ORD-11891,2023-05-15,May,2023,John Vargas Jr.,VIP,Home Office,East,Cook Islands,Michigan,New Anthonyfurt,Technology,Accessories,Argue,5,302.48,0.18,44.3,1240.17,159.33,0.13,Low,Card
ORD-11892,2025-05-09,May,2025,Gail Lowery,VIP,Corporate,North,Latvia,Florida,Paulaview,Technology,Laptops,Economy,4,261.56,0.08,43.81,962.54,236.49,0.25,Low,Net Banking
ORD-11893,2023-06-03,Jun,2023,Barbara Lopez,Returning,Consumer,East,Antarctica (the territory South of 60 deg S),New Mexico,New Dylan,Furniture,Bookcases,Mrs,10,680.02,0.1,45.19,6120.18,408.38,0.07,Low,Net Banking
ORD-11894,2024-02-13,Feb,2024,Joseph Hawkins,VIP,Home Office,Central,Malawi,Ohio,Lake Williamfort,Technology,Phones,Else,8,53.26,0.05,27.28,404.78,54.15,0.13,Critical,Cash
ORD-11895,2024-09-08,Sep,2024,Stephen Berry,New,Home Office,North,Guadeloupe,Illinois,South Donnafort,Technology,Phones,Decide,7,312.87,0.29,13.35,1554.96,322.81,0.21,High,Cash
ORD-11896,2024-02-27,Feb,2024,Shelley Roberson,VIP,Home Office,East,Senegal,North Dakota,Wilsonport,Office Supplies,Storage,Walk,5,431.44,0.02,42.48,2114.06,-105.27,-0.05,High,UPI
ORD-11897,2025-02-10,Feb,2025,Justin Hughes,New,Home Office,Central,Paraguay,Oregon,East Michaelside,Office Supplies,Binders,Music,9,464.02,0.12,10.3,3675.04,535.93,0.15,High,Net Banking
ORD-11898,2023-07-10,Jul,2023,Faith Evans,VIP,Home Office,West,Gibraltar,Minnesota,North Stacymouth,Technology,Phones,Free,6,489.25,0.29,37.85,2084.2,136.68,0.07,Medium,Net Banking
ORD-11899,2023-10-21,Oct,2023,Melinda Lee,New,Consumer,South,Philippines,West Virginia,Port Brookechester,Office Supplies,Binders,Short,2,427.6,0.15,48.27,726.92,-44.06,-0.06,Critical,Net Banking
ORD-11900,2024-08-30,Aug,2024,David Cook,VIP,Corporate,East,Botswana,Nebraska,Christopherfort,Technology,Accessories,Cut,7,615.44,0.14,25.38,3704.95,865.37,0.23,Low,UPI
ORD-11901,2024-03-09,Mar,2024,Nancy Thompson,Returning,Corporate,East,New Zealand,Indiana,North Christopherchester,Technology,Accessories,Art,1,302.76,0.18,18.46,248.26,3.13,0.01,Low,Card
ORD-11902,2025-09-16,Sep,2025,James Hernandez,Returning,Home Office,South,Finland,Virginia,South Roy,Technology,Accessories,Old,9,759.72,0.23,38.19,5264.86,1525.9,0.29,High,Card
ORD-11903,2023-10-14,Oct,2023,Angela White,VIP,Home Office,East,Uruguay,Nebraska,South Samuelton,Furniture,Bookcases,Ball,9,42.2,0.11,38.41,338.02,41.98,0.12,High,Net Banking
ORD-11904,2024-04-30,Apr,2024,Adam Ramirez,Returning,Consumer,Central,United States Minor Outlying Islands,Rhode Island,North Frank,Furniture,Chairs,Road,8,481.36,0.22,19.94,3003.69,-282.75,-0.09,Critical,Net Banking
ORD-11905,2024-12-10,Dec,2024,Dominic Sanchez,VIP,Consumer,North,Taiwan,Texas,Jerryview,Technology,Phones,Result,1,691.28,0.11,35.13,615.24,168.76,0.27,Low,Cash
ORD-11906,2024-12-30,Dec,2024,Emily Gray,Returning,Corporate,Central,Ghana,Utah,Donovantown,Furniture,Bookcases,Or,10,769.4,0.22,22.45,6001.32,950.26,0.16,Medium,Net Banking
ORD-11907,2025-09-23,Sep,2025,Alisha Holmes,Returning,Corporate,West,Guinea,Wisconsin,Woodston,Technology,Accessories,Animal,9,186.22,0.25,28.91,1256.99,326.06,0.26,Critical,Net Banking
ORD-11908,2024-11-01,Nov,2024,Susan Gonzalez MD,New,Consumer,West,Guadeloupe,Maine,Smithburgh,Technology,Laptops,Management,9,261.17,0.04,37.94,2256.51,532.69,0.24,High,Card
ORD-11909,2024-07-03,Jul,2024,Maria Bailey,VIP,Corporate,Central,Isle of Man,Vermont,Riosside,Office Supplies,Storage,Everybody,2,100.49,0.15,46.78,170.83,50.9,0.3,Medium,UPI
ORD-11910,2024-02-22,Feb,2024,Mrs. Kelli Baker DDS,VIP,Corporate,East,Nauru,Wyoming,Jasonfort,Office Supplies,Binders,Sign,3,693.06,0.18,10.94,1704.93,136.57,0.08,Medium,Card
ORD-11911,2022-12-24,Dec,2022,John Roberts,Returning,Home Office,Central,Andorra,New York,West Dannyland,Technology,Laptops,Toward,9,397.19,0.05,27.77,3395.97,519.49,0.15,Medium,Card
ORD-11912,2024-02-28,Feb,2024,Justin Short,VIP,Consumer,North,Belize,Oklahoma,West Denise,Furniture,Chairs,Even,4,593.98,0.15,14.12,2019.53,438.64,0.22,High,UPI
ORD-11913,2023-04-27,Apr,2023,Brooke Gonzalez,New,Home Office,North,South Georgia and the South Sandwich Islands,Alaska,New Keithview,Furniture,Chairs,Should,8,449.27,0.07,30.44,3342.57,-22.7,-0.01,Medium,UPI
ORD-11914,2025-09-15,Sep,2025,Thomas Smith,VIP,Consumer,Central,Malawi,Kansas,Meganhaven,Office Supplies,Binders,Vote,5,108.77,0.16,15.79,456.83,30.84,0.07,Medium,Net Banking
ORD-11915,2023-10-09,Oct,2023,Troy White,New,Home Office,East,Thailand,Kansas,Kathyburgh,Office Supplies,Storage,However,10,452.91,0.14,24.73,3895.03,1113.98,0.29,Low,Net Banking
ORD-11916,2023-05-21,May,2023,Joseph Williams,VIP,Home Office,North,Tuvalu,Utah,Eatonbury,Furniture,Chairs,Week,4,279.67,0.27,19.43,816.64,175.76,0.22,Low,Net Banking
ORD-11917,2024-11-27,Nov,2024,Sean Ford,Returning,Consumer,South,Norfolk Island,Maine,Brianland,Office Supplies,Storage,Range,7,600.24,0.01,44.52,4159.66,558.87,0.13,Medium,Card
ORD-11918,2023-05-07,May,2023,Kim Miller,Returning,Home Office,South,Moldova,Nebraska,Castrobury,Furniture,Bookcases,Party,4,549.09,0.08,21.84,2020.65,-172.2,-0.09,Low,UPI
ORD-11919,2023-03-20,Mar,2023,James Orr,Returning,Home Office,West,Marshall Islands,North Dakota,Chadmouth,Technology,Phones,Stand,10,554.65,0.02,42.37,5435.57,-158.94,-0.03,Medium,Net Banking
ORD-11920,2023-06-27,Jun,2023,Rebekah Wilson,New,Consumer,Central,Spain,Vermont,Lake Michellemouth,Furniture,Chairs,Well,8,737.01,0.2,42.99,4716.86,-185.89,-0.04,Critical,Net Banking
ORD-11921,2025-10-19,Oct,2025,Lisa Bates,New,Home Office,North,Cook Islands,Maryland,Garytown,Technology,Accessories,Pass,2,638.13,0.1,38.17,1148.63,-44.53,-0.04,High,Net Banking
ORD-11922,2023-04-02,Apr,2023,Chad Ryan,New,Home Office,West,Uzbekistan,Nebraska,Zhangton,Office Supplies,Paper,Maintain,6,672.65,0.24,34.51,3067.28,-38.94,-0.01,Low,Net Banking
ORD-11923,2023-03-24,Mar,2023,Jenna Huffman,Returning,Consumer,North,Equatorial Guinea,Minnesota,East Margaretberg,Office Supplies,Storage,Similar,4,760.74,0.17,32.81,2525.66,-157.56,-0.06,Critical,Card
ORD-11924,2023-05-21,May,2023,Sean Bates,New,Home Office,South,Libyan Arab Jamahiriya,Pennsylvania,Teresaview,Office Supplies,Paper,Media,7,561.55,0.16,38.74,3301.91,17.91,0.01,Medium,Cash
ORD-11925,2024-03-06,Mar,2024,Christopher Armstrong,New,Corporate,South,Falkland Islands (Malvinas),Georgia,New Shaunland,Furniture,Tables,Region,1,241.49,0.08,8.2,222.17,-0.56,0.0,Low,Net Banking
ORD-11926,2023-05-22,May,2023,Micheal Hernandez,Returning,Consumer,West,Lesotho,North Dakota,North Michaelland,Technology,Phones,Bag,4,158.97,0.26,24.61,470.55,70.6,0.15,Critical,UPI
ORD-11927,2023-07-16,Jul,2023,Zachary Welch,VIP,Corporate,East,Oman,Arkansas,Pearsonhaven,Technology,Laptops,Film,6,331.84,0.15,19.31,1692.38,41.33,0.02,Low,Cash
ORD-11928,2025-01-29,Jan,2025,Kimberly Simmons,New,Home Office,East,Saint Barthelemy,Texas,North Anthony,Furniture,Tables,Question,5,788.02,0.14,5.45,3388.49,699.74,0.21,Medium,UPI
ORD-11929,2023-04-23,Apr,2023,Nicholas Wallace,Returning,Consumer,North,Albania,South Carolina,Michaelville,Furniture,Tables,Catch,3,239.88,0.24,35.87,546.93,79.28,0.14,Low,Net Banking
ORD-11930,2023-08-19,Aug,2023,Isabella Young,New,Corporate,North,Maldives,Oklahoma,Peterbury,Technology,Laptops,Under,10,358.31,0.23,11.48,2758.99,453.22,0.16,Medium,Card
ORD-11931,2025-09-06,Sep,2025,Cynthia Davidson,New,Consumer,East,Mayotte,Maryland,West William,Furniture,Tables,Education,6,782.58,0.27,47.59,3427.7,720.17,0.21,High,Cash
ORD-11932,2025-07-20,Jul,2025,Shannon Moore,New,Home Office,Central,Germany,West Virginia,Chaveztown,Office Supplies,Binders,Mind,10,12.66,0.18,19.49,103.81,24.58,0.24,High,Card
ORD-11933,2022-12-30,Dec,2022,Robert Warner,New,Home Office,North,Barbados,New Mexico,Jayfurt,Office Supplies,Binders,Media,9,572.99,0.01,32.78,5105.34,1453.95,0.28,Critical,UPI
ORD-11934,2024-04-04,Apr,2024,Lisa Kelly,New,Home Office,East,Nigeria,Arkansas,Sarahmouth,Furniture,Chairs,Safe,7,314.07,0.11,37.7,1956.66,291.11,0.15,High,Net Banking
ORD-11935,2024-09-15,Sep,2024,Tyler Cruz,Returning,Consumer,North,Oman,Louisiana,Port Daniel,Technology,Phones,Quality,3,300.75,0.17,13.84,748.87,18.34,0.02,Critical,UPI
ORD-11936,2025-11-07,Nov,2025,Howard Williams,VIP,Home Office,East,Grenada,Massachusetts,North William,Office Supplies,Paper,Environment,2,428.46,0.2,31.29,685.54,41.84,0.06,Critical,Cash
ORD-11937,2025-05-07,May,2025,Katherine Roy,Returning,Consumer,West,Belize,Alabama,West Stephen,Technology,Phones,Throw,9,751.89,0.3,9.65,4736.91,1110.72,0.23,Low,UPI
ORD-11938,2024-03-18,Mar,2024,Derrick Gonzalez,Returning,Home Office,West,Zambia,Alabama,East Tyler,Office Supplies,Binders,Sure,9,390.21,0.23,29.78,2704.16,431.47,0.16,High,Card
ORD-11939,2024-06-28,Jun,2024,Paul Thomas,Returning,Home Office,Central,Ghana,Indiana,Lake Kyleshire,Furniture,Tables,Worker,1,601.02,0.28,47.76,432.73,65.59,0.15,Medium,Net Banking
ORD-11940,2024-11-09,Nov,2024,Kathleen Turner,New,Corporate,West,Botswana,Hawaii,South Edward,Technology,Phones,When,3,720.05,0.25,16.72,1620.11,-150.64,-0.09,High,Net Banking
ORD-11941,2025-02-08,Feb,2025,Kenneth Graves,New,Home Office,South,Macedonia,Mississippi,Christinahaven,Furniture,Chairs,Everybody,6,592.46,0.19,34.07,2879.36,-215.3,-0.07,Critical,Net Banking
ORD-11942,2025-06-26,Jun,2025,Timothy Cox,New,Consumer,West,Namibia,Kansas,West Samantha,Furniture,Chairs,Remember,7,362.02,0.12,49.7,2230.04,59.01,0.03,High,Cash
ORD-11943,2024-01-21,Jan,2024,Tyler Lopez,VIP,Corporate,South,Uganda,Virginia,East Julia,Office Supplies,Storage,Class,9,171.57,0.28,25.92,1111.77,225.14,0.2,Low,Net Banking
ORD-11944,2022-12-17,Dec,2022,Rhonda Smith,New,Corporate,West,Kenya,Missouri,Fritzville,Office Supplies,Storage,Table,10,653.24,0.09,26.37,5944.48,529.48,0.09,Medium,Cash
ORD-11945,2023-02-08,Feb,2023,Angela Hayes MD,Returning,Home Office,North,Burkina Faso,Arizona,Beltranstad,Furniture,Tables,Size,4,355.51,0.15,38.87,1208.73,324.78,0.27,Critical,Net Banking
ORD-11946,2024-10-31,Oct,2024,Margaret Davis,VIP,Home Office,South,Indonesia,Idaho,Port Timothyberg,Technology,Accessories,Life,3,586.22,0.19,12.72,1424.51,5.03,0.0,Medium,Cash
ORD-11947,2024-12-13,Dec,2024,David Kim,Returning,Corporate,South,Holy See (Vatican City State),Delaware,Christopherside,Furniture,Bookcases,Nothing,9,374.09,0.21,45.09,2659.78,420.35,0.16,Critical,Cash
ORD-11948,2024-06-10,Jun,2024,Adam Davila,New,Consumer,Central,Bosnia and Herzegovina,Massachusetts,North Lisa,Furniture,Bookcases,Determine,4,632.38,0.09,29.71,2301.86,568.17,0.25,Medium,UPI
ORD-11949,2025-09-20,Sep,2025,Karen Washington,New,Consumer,East,Cocos (Keeling) Islands,Wyoming,Fritzshire,Office Supplies,Binders,Statement,1,122.48,0.0,38.09,122.48,3.34,0.03,Medium,UPI
ORD-11950,2024-01-08,Jan,2024,Natalie Martin,New,Consumer,West,Jordan,New York,Timothyfurt,Furniture,Chairs,Institution,7,176.12,0.17,11.25,1023.26,239.85,0.23,High,Cash
ORD-11951,2024-05-06,May,2024,Michael Shelton,VIP,Consumer,Central,Bahamas,Montana,Prestonview,Furniture,Tables,Personal,5,107.94,0.2,39.19,431.76,-16.6,-0.04,High,Net Banking
ORD-11952,2025-01-19,Jan,2025,Justin Fisher,VIP,Home Office,Central,Bolivia,Montana,Howardton,Technology,Laptops,Yard,10,129.4,0.17,18.1,1074.02,-75.15,-0.07,Low,UPI
ORD-11953,2024-01-12,Jan,2024,Wendy Mcintyre,VIP,Consumer,South,Guernsey,Colorado,New Jennifer,Office Supplies,Binders,Full,9,510.76,0.1,14.47,4137.16,963.21,0.23,Medium,UPI
ORD-11954,2025-04-04,Apr,2025,Leon Flores,Returning,Consumer,South,Cambodia,California,South Connorside,Furniture,Chairs,Price,8,215.72,0.25,32.9,1294.32,190.76,0.15,Medium,UPI
ORD-11955,2024-02-29,Feb,2024,Elaine Fischer,Returning,Corporate,East,Madagascar,Michigan,New Andrew,Furniture,Tables,Feeling,5,281.1,0.28,43.62,1011.96,218.63,0.22,Low,Card
ORD-11956,2025-05-19,May,2025,James Reynolds,New,Corporate,South,Venezuela,North Dakota,Donnamouth,Technology,Phones,Sure,8,743.55,0.06,42.11,5591.5,1618.02,0.29,High,UPI
ORD-11957,2025-11-01,Nov,2025,Victoria Schneider,New,Home Office,Central,Guadeloupe,Alaska,South Susan,Furniture,Chairs,Lead,2,592.54,0.03,27.15,1149.53,113.12,0.1,High,Net Banking
ORD-11958,2025-10-04,Oct,2025,Brooke Huff,VIP,Consumer,South,Korea,Maine,North Bobbystad,Furniture,Tables,Administration,3,148.92,0.25,25.35,335.07,27.86,0.08,Medium,Cash
ORD-11959,2025-09-06,Sep,2025,Katherine Vance,New,Corporate,Central,Swaziland,North Carolina,West Joann,Technology,Accessories,Chair,6,222.31,0.13,10.28,1160.46,-93.47,-0.08,Medium,Cash
ORD-11960,2023-05-02,May,2023,Ryan Davis,Returning,Home Office,Central,Zimbabwe,Alabama,Jonville,Office Supplies,Storage,Design,8,212.67,0.2,45.61,1361.09,64.54,0.05,Medium,Net Banking
ORD-11961,2024-06-06,Jun,2024,Richard Bailey,VIP,Consumer,South,Martinique,Alabama,Lake Paul,Furniture,Bookcases,Would,3,305.79,0.24,38.81,697.2,106.37,0.15,High,Card
ORD-11962,2025-01-28,Jan,2025,John Wong,VIP,Home Office,North,Holy See (Vatican City State),Arkansas,New Josebury,Office Supplies,Paper,Soon,5,330.14,0.15,14.28,1403.09,114.58,0.08,Low,UPI
ORD-11963,2025-08-06,Aug,2025,Megan Gilbert,New,Home Office,South,Cocos (Keeling) Islands,Nebraska,Mitchellburgh,Technology,Accessories,Poor,2,216.32,0.25,49.0,324.48,-30.05,-0.09,High,Card
ORD-11964,2023-12-04,Dec,2023,Kristina Fernandez,New,Corporate,Central,Georgia,Tennessee,Matthewberg,Furniture,Bookcases,Billion,1,277.16,0.18,35.44,227.27,48.29,0.21,High,UPI
ORD-11965,2024-08-15,Aug,2024,Adam Moore,New,Consumer,North,Niger,Wyoming,Nicoleton,Office Supplies,Storage,Case,6,657.44,0.19,39.72,3195.16,158.86,0.05,Low,Net Banking
ORD-11966,2023-10-03,Oct,2023,Brian Lin,VIP,Corporate,North,Solomon Islands,Iowa,East Linda,Technology,Laptops,Final,4,54.96,0.12,28.2,193.46,6.27,0.03,High,UPI
ORD-11967,2025-05-19,May,2025,Madison Munoz,Returning,Corporate,Central,Italy,Illinois,Chavezshire,Furniture,Chairs,Heart,1,659.38,0.07,31.11,613.22,65.81,0.11,Critical,Net Banking
ORD-11968,2025-04-18,Apr,2025,Michelle Salinas,VIP,Consumer,East,Afghanistan,Alaska,Justinmouth,Furniture,Tables,From,1,759.78,0.02,22.11,744.58,192.78,0.26,Critical,Net Banking
ORD-11969,2024-08-24,Aug,2024,Nathan Rivera,Returning,Consumer,West,Brazil,Utah,Lake Mary,Technology,Accessories,Short,4,632.14,0.02,36.79,2477.99,660.73,0.27,Critical,UPI
ORD-11970,2024-03-13,Mar,2024,Diana Sims,Returning,Consumer,Central,Samoa,California,Mcfarlandstad,Technology,Laptops,Lot,10,338.77,0.23,8.6,2608.53,247.94,0.1,Critical,Net Banking
ORD-11971,2025-07-20,Jul,2025,Ryan Orr,New,Home Office,West,Greenland,New Hampshire,Port Christopherton,Furniture,Chairs,Miss,1,306.37,0.1,27.19,275.73,19.4,0.07,Critical,Cash
ORD-11972,2025-05-29,May,2025,Tamara Marshall,New,Corporate,East,Montserrat,Alabama,West Barbaraside,Office Supplies,Binders,Model,8,379.83,0.28,46.44,2187.82,146.18,0.07,Low,Net Banking
ORD-11973,2025-02-02,Feb,2025,Jessica Payne,New,Corporate,South,Saint Vincent and the Grenadines,Pennsylvania,Kristenside,Technology,Accessories,Program,6,313.3,0.19,31.5,1522.64,153.42,0.1,High,Net Banking
ORD-11974,2024-12-09,Dec,2024,Thomas Sims,New,Consumer,Central,Burundi,Alabama,Port Andrew,Technology,Phones,He,8,458.17,0.25,12.33,2749.02,-225.21,-0.08,High,Net Banking
ORD-11975,2024-12-10,Dec,2024,Barbara Williams,Returning,Consumer,Central,Bermuda,Texas,Port Calvinchester,Office Supplies,Storage,Under,5,713.25,0.15,9.34,3031.31,205.97,0.07,Medium,Net Banking
ORD-11976,2024-04-10,Apr,2024,Jennifer Brown,Returning,Consumer,East,Solomon Islands,Hawaii,Hayesland,Technology,Accessories,Five,7,601.36,0.28,22.74,3030.85,-189.74,-0.06,Low,UPI
ORD-11977,2024-08-12,Aug,2024,Lisa Perry,New,Home Office,North,Benin,New Hampshire,Christophermouth,Office Supplies,Binders,Great,8,756.4,0.06,19.53,5688.13,-304.9,-0.05,Medium,UPI
ORD-11978,2025-05-30,May,2025,Lisa Young,VIP,Corporate,West,Malaysia,New Mexico,South Earlburgh,Office Supplies,Storage,Everyone,9,15.71,0.1,34.24,127.25,32.51,0.26,Medium,Cash
ORD-11979,2025-06-16,Jun,2025,Maureen Moran,VIP,Consumer,South,Western Sahara,Nevada,Rileyton,Technology,Phones,Listen,9,253.38,0.27,32.95,1664.71,69.21,0.04,Low,UPI
ORD-11980,2025-06-11,Jun,2025,Larry Fields,Returning,Corporate,West,Netherlands,Idaho,North Erik,Furniture,Tables,Baby,2,91.93,0.02,44.96,180.18,50.29,0.28,High,Net Banking
ORD-11981,2023-07-13,Jul,2023,Manuel Gomez,VIP,Corporate,South,Thailand,Texas,Port Curtis,Furniture,Bookcases,Lose,7,551.91,0.1,14.7,3477.03,391.1,0.11,High,Card
ORD-11982,2024-03-23,Mar,2024,Lisa Ortiz,VIP,Corporate,East,Spain,Alaska,North Hannah,Office Supplies,Storage,Everybody,3,350.46,0.01,16.62,1040.87,18.62,0.02,Medium,Net Banking
ORD-11983,2023-04-14,Apr,2023,Sarah Howard,New,Corporate,West,Djibouti,Georgia,Cynthiabury,Office Supplies,Paper,Pretty,3,528.26,0.19,45.25,1283.67,198.31,0.15,Low,Net Banking
ORD-11984,2024-12-20,Dec,2024,Stephanie Ward,Returning,Consumer,West,Solomon Islands,Missouri,West Janicehaven,Technology,Phones,Above,6,81.42,0.05,7.25,464.09,-3.33,-0.01,Medium,Net Banking
ORD-11985,2024-09-11,Sep,2024,Lauren Schmidt,New,Corporate,Central,Hungary,Mississippi,Port Hunterport,Technology,Phones,Bar,3,297.14,0.01,33.54,882.51,16.52,0.02,High,Card
ORD-11986,2025-01-04,Jan,2025,Anthony Pope,New,Corporate,Central,Niger,Montana,Mooremouth,Office Supplies,Storage,Tonight,9,23.48,0.27,27.4,154.26,8.38,0.05,Low,UPI
ORD-11987,2023-12-06,Dec,2023,Christopher Stewart,VIP,Consumer,East,Brunei Darussalam,Missouri,Jennifermouth,Furniture,Bookcases,Necessary,10,699.53,0.03,30.82,6785.44,-408.08,-0.06,Critical,Cash
ORD-11988,2023-02-27,Feb,2023,John Miles,VIP,Home Office,North,Syrian Arab Republic,Arkansas,West Jason,Technology,Laptops,Budget,3,231.49,0.21,42.34,548.63,115.46,0.21,Critical,UPI
ORD-11989,2024-07-06,Jul,2024,Jenna Olson,VIP,Consumer,West,Mongolia,Georgia,Justinfort,Technology,Accessories,Push,4,770.14,0.14,16.19,2649.28,72.02,0.03,Critical,Card
ORD-11990,2023-02-04,Feb,2023,Regina Wood,New,Home Office,East,Moldova,West Virginia,Port Loganside,Technology,Laptops,Father,6,162.28,0.12,49.48,856.84,83.14,0.1,Critical,Cash
ORD-11991,2023-01-29,Jan,2023,Manuel Gaines,Returning,Corporate,Central,Lebanon,Maine,Thomasshire,Technology,Phones,Look,6,19.57,0.27,39.38,85.72,4.13,0.05,Critical,UPI
ORD-11992,2024-06-19,Jun,2024,Mia Terry,VIP,Home Office,South,Niue,Hawaii,East Adamburgh,Technology,Accessories,Free,1,137.06,0.09,31.24,124.72,32.98,0.26,High,Net Banking
ORD-11993,2024-05-05,May,2024,Alexander Glenn,Returning,Consumer,West,Papua New Guinea,Alabama,Walkermouth,Furniture,Chairs,Will,10,798.52,0.17,30.25,6627.72,1578.7,0.24,Medium,Cash
ORD-11994,2024-02-14,Feb,2024,Stephanie Fernandez,New,Home Office,Central,Dominica,Wyoming,Scottside,Office Supplies,Paper,Because,3,664.49,0.28,44.26,1435.3,9.22,0.01,Critical,UPI
ORD-11995,2025-04-08,Apr,2025,Lee Ray,VIP,Home Office,North,Haiti,Louisiana,North Virginia,Technology,Laptops,Cultural,4,242.34,0.01,22.68,959.67,100.69,0.1,Critical,UPI
ORD-11996,2025-06-21,Jun,2025,Lori Cherry,VIP,Corporate,Central,Namibia,Missouri,Grimesburgh,Furniture,Bookcases,Instead,5,577.85,0.27,23.17,2109.15,320.0,0.15,High,UPI
ORD-11997,2023-10-24,Oct,2023,Christopher Blake,Returning,Consumer,West,South Georgia and the South Sandwich Islands,Colorado,South Brendan,Technology,Phones,Fact,10,112.04,0.23,44.61,862.71,123.87,0.14,Low,Cash
ORD-11998,2022-12-02,Dec,2022,David Ward,Returning,Consumer,North,Cocos (Keeling) Islands,Tennessee,Savagetown,Technology,Accessories,Lawyer,4,550.29,0.26,42.97,1628.86,249.57,0.15,Medium,Cash
ORD-11999,2024-01-02,Jan,2024,Lawrence Davis,New,Corporate,Central,Greenland,Michigan,Patricialand,Furniture,Chairs,Everyone,2,340.18,0.24,7.12,517.07,51.38,0.1,Critical,Net Banking
ORD-12000,2024-03-13,Mar,2024,Peter Whitney,New,Consumer,East,Nicaragua,Connecticut,West Tammyshire,Office Supplies,Binders,Tv,5,766.22,0.21,17.57,3026.57,464.72,0.15,Critical,Cash
ORD-12001,2025-02-01,Feb,2025,Christopher Hernandez,VIP,Consumer,North,United States Minor Outlying Islands,North Carolina,Wernerview,Office Supplies,Paper,Almost,3,43.1,0.17,22.06,107.32,16.3,0.15,High,Card
ORD-12002,2024-07-23,Jul,2024,Deanna Jordan,New,Corporate,West,Niue,Utah,Stephanieberg,Office Supplies,Binders,Pm,10,185.15,0.11,27.83,1647.84,431.31,0.26,Critical,UPI
ORD-12003,2024-09-05,Sep,2024,Paul Collins,VIP,Consumer,Central,Martinique,Missouri,Alexfort,Technology,Laptops,I,7,130.36,0.02,36.96,894.27,42.38,0.05,Medium,Card
ORD-12004,2023-09-09,Sep,2023,Susan Brown,VIP,Home Office,South,Morocco,Kentucky,South Patriciahaven,Furniture,Tables,Ground,1,589.65,0.27,39.28,430.44,-40.45,-0.09,Critical,Cash
ORD-12005,2025-07-15,Jul,2025,Michael Williams,Returning,Corporate,East,Turkey,Georgia,New Malik,Office Supplies,Storage,Economic,1,85.95,0.13,12.11,74.78,1.46,0.02,High,Net Banking
ORD-12006,2023-09-25,Sep,2023,Amanda Kelly,Returning,Corporate,East,Comoros,New Hampshire,South Daniel,Furniture,Bookcases,Two,3,243.08,0.17,29.91,605.27,172.82,0.29,Low,UPI
ORD-12007,2025-08-03,Aug,2025,Elaine Mitchell,VIP,Corporate,North,French Polynesia,Indiana,Flynnville,Office Supplies,Storage,Energy,7,409.73,0.22,31.08,2237.13,286.37,0.13,Medium,UPI
ORD-12008,2025-09-13,Sep,2025,Amy Kelley,Returning,Consumer,East,Haiti,Indiana,Dorseyfurt,Furniture,Tables,Push,1,571.81,0.12,32.25,503.19,117.81,0.23,Medium,UPI
ORD-12009,2024-12-18,Dec,2024,Lori Griffith,VIP,Corporate,Central,Palestinian Territory,Montana,South Brianburgh,Furniture,Chairs,Organization,4,647.54,0.29,24.65,1839.01,232.57,0.13,High,Net Banking
ORD-12010,2024-12-08,Dec,2024,Anna Armstrong,New,Corporate,East,Saudi Arabia,Kentucky,Port Kelly,Office Supplies,Paper,Order,5,531.88,0.03,46.99,2579.62,-202.54,-0.08,High,Card
ORD-12011,2023-07-14,Jul,2023,Jose Jimenez,Returning,Home Office,North,New Zealand,Illinois,Nelsonborough,Technology,Laptops,Yet,5,428.23,0.04,6.8,2055.5,-56.01,-0.03,Medium,UPI
ORD-12012,2025-10-16,Oct,2025,Sarah Gutierrez,VIP,Corporate,East,Reunion,Pennsylvania,New Theodorestad,Furniture,Chairs,Pick,6,363.73,0.11,27.22,1942.32,-20.65,-0.01,Critical,Cash
ORD-12013,2025-06-18,Jun,2025,David Knight,Returning,Consumer,South,Angola,North Carolina,Wongshire,Office Supplies,Paper,That,8,411.13,0.09,47.57,2993.03,416.8,0.14,High,Cash
ORD-12014,2025-07-31,Jul,2025,Morgan Anderson,New,Corporate,North,Liechtenstein,Virginia,Hoganborough,Furniture,Tables,Popular,9,760.29,0.25,43.41,5131.96,1167.39,0.23,Medium,Net Banking
ORD-12015,2024-03-27,Mar,2024,James Hernandez,Returning,Consumer,Central,China,New Hampshire,Thomasborough,Office Supplies,Paper,Vote,8,523.58,0.09,46.08,3811.66,958.77,0.25,Low,UPI
ORD-12016,2024-09-22,Sep,2024,Sandra Collins,VIP,Home Office,North,South Africa,Maryland,Kellermouth,Office Supplies,Storage,Coach,2,570.4,0.08,46.35,1049.54,293.21,0.28,Low,UPI
ORD-12017,2025-01-31,Jan,2025,Stephanie Rodriguez,Returning,Consumer,West,Guinea,Nebraska,Melanieport,Technology,Laptops,Tax,9,743.14,0.02,6.27,6554.49,1504.4,0.23,Medium,UPI
ORD-12018,2024-12-15,Dec,2024,Christopher Roberson,VIP,Consumer,East,Lebanon,Pennsylvania,Quinnhaven,Furniture,Bookcases,Prevent,7,455.07,0.15,49.47,2707.67,736.05,0.27,High,Net Banking
ORD-12019,2024-11-25,Nov,2024,Carla Miller,Returning,Home Office,South,Saint Pierre and Miquelon,Ohio,New William,Furniture,Tables,Feel,5,645.93,0.05,11.32,3068.17,-62.01,-0.02,Medium,Net Banking
ORD-12020,2025-09-15,Sep,2025,Anthony Bell,VIP,Corporate,East,Ethiopia,Nevada,Lisaside,Office Supplies,Binders,It,9,540.8,0.01,30.54,4818.53,239.51,0.05,Low,UPI
ORD-12021,2024-11-11,Nov,2024,Nicholas Burke,VIP,Corporate,Central,Ghana,Washington,North Brandon,Office Supplies,Binders,Section,9,478.86,0.21,49.18,3404.69,541.18,0.16,Low,UPI
ORD-12022,2023-10-29,Oct,2023,Richard Stark,New,Corporate,South,Saint Lucia,Wyoming,North Codymouth,Technology,Phones,Tonight,2,131.64,0.29,23.98,186.93,35.82,0.19,Critical,UPI
ORD-12023,2025-05-03,May,2025,Jimmy Jacobs,VIP,Home Office,South,Saint Pierre and Miquelon,Idaho,Chadstad,Furniture,Bookcases,Production,2,474.83,0.11,16.48,845.2,-67.87,-0.08,High,Net Banking
ORD-12024,2025-03-10,Mar,2025,Kevin Hernandez,Returning,Corporate,Central,Kazakhstan,New Mexico,Lindseyhaven,Office Supplies,Storage,Method,8,243.49,0.1,25.09,1753.13,502.7,0.29,High,Net Banking
ORD-12025,2024-08-28,Aug,2024,Carol White,VIP,Consumer,West,New Zealand,Nevada,Russellmouth,Office Supplies,Storage,Article,2,468.15,0.13,48.47,814.58,-49.95,-0.06,Critical,Cash
ORD-12026,2023-09-25,Sep,2023,Matthew Cook,VIP,Consumer,Central,Lithuania,Missouri,Harttown,Office Supplies,Binders,Cup,5,612.07,0.08,20.14,2815.52,-197.85,-0.07,Low,Card
ORD-12027,2023-01-07,Jan,2023,Paul Holland,Returning,Consumer,South,Finland,Maine,Lake Danielmouth,Furniture,Bookcases,Note,2,221.6,0.16,11.34,372.29,-17.83,-0.05,Critical,Card
ORD-12028,2023-04-06,Apr,2023,Shane Lynn,New,Corporate,North,Cayman Islands,Idaho,Dixonside,Office Supplies,Paper,It,2,569.18,0.13,25.4,990.37,-23.33,-0.02,High,Net Banking
ORD-12029,2024-08-31,Aug,2024,Michael Wagner,New,Home Office,Central,Holy See (Vatican City State),Illinois,Port Darrellshire,Technology,Laptops,Allow,8,73.71,0.19,44.33,477.64,53.89,0.11,Low,Net Banking
ORD-12030,2023-11-01,Nov,2023,Brandon Mcintyre,VIP,Home Office,West,Malta,Massachusetts,Jonathanville,Technology,Laptops,Way,7,717.81,0.12,46.4,4421.71,-280.31,-0.06,Medium,UPI
ORD-12031,2023-03-10,Mar,2023,Amanda Perez,Returning,Consumer,East,Antigua and Barbuda,Pennsylvania,Mooneyville,Office Supplies,Storage,Ground,2,66.18,0.22,41.09,103.24,11.58,0.11,Low,UPI
ORD-12032,2024-07-16,Jul,2024,Martin Rose,VIP,Home Office,East,Turkey,North Dakota,Berrystad,Furniture,Tables,Never,9,323.76,0.03,38.69,2826.42,662.9,0.23,Critical,Card
ORD-12033,2023-05-16,May,2023,Wanda Dunn,VIP,Corporate,North,Venezuela,Tennessee,Port Taylor,Technology,Laptops,Girl,10,455.08,0.18,23.91,3731.66,162.34,0.04,Medium,Cash
ORD-12034,2025-04-20,Apr,2025,Kevin Miller,New,Home Office,South,Ethiopia,Nevada,Danielleside,Furniture,Chairs,Scene,2,291.14,0.13,39.02,506.58,-18.63,-0.04,Medium,Cash
ORD-12035,2024-03-27,Mar,2024,Craig Wood,New,Consumer,South,Jersey,Georgia,Lake Brandonberg,Office Supplies,Binders,Create,10,526.88,0.27,37.92,3846.22,934.66,0.24,Critical,Net Banking
ORD-12036,2024-06-15,Jun,2024,Mathew Perez,VIP,Consumer,South,Malaysia,Minnesota,Port Gina,Technology,Laptops,Thank,2,532.03,0.21,5.74,840.61,162.14,0.19,Low,Card
ORD-12037,2024-10-24,Oct,2024,Ryan Delacruz,Returning,Consumer,Central,British Virgin Islands,Hawaii,Port Darin,Office Supplies,Paper,Same,6,184.19,0.16,49.28,928.32,-17.73,-0.02,Low,Cash
ORD-12038,2024-09-08,Sep,2024,Ashley Wood,VIP,Corporate,East,Switzerland,Indiana,Rogerview,Office Supplies,Storage,Issue,1,117.07,0.01,17.04,115.9,-10.25,-0.09,High,UPI
ORD-12039,2025-09-30,Sep,2025,Alexis Good,New,Home Office,North,Falkland Islands (Malvinas),Colorado,Thompsonhaven,Furniture,Chairs,Skin,8,741.83,0.28,19.49,4272.94,620.08,0.15,Low,Card
ORD-12040,2023-09-14,Sep,2023,Renee Berg,VIP,Consumer,East,Syrian Arab Republic,Virginia,Brittanybury,Office Supplies,Binders,Poor,1,531.93,0.03,40.78,515.97,37.75,0.07,Critical,Card
ORD-12041,2022-12-16,Dec,2022,Debra Gonzalez,New,Consumer,North,Belgium,Illinois,North Larry,Technology,Phones,Call,5,323.0,0.26,41.78,1195.1,235.13,0.2,Medium,Card
ORD-12042,2025-10-05,Oct,2025,Shirley Hart,VIP,Home Office,North,Saint Barthelemy,Mississippi,Lake Jacob,Office Supplies,Paper,Much,9,513.23,0.22,8.8,3602.87,624.19,0.17,Medium,Card
ORD-12043,2023-12-14,Dec,2023,Pamela Grant,Returning,Corporate,West,Cameroon,Texas,Andersonville,Office Supplies,Binders,Already,7,53.4,0.17,45.93,310.25,68.21,0.22,High,Card
ORD-12044,2023-02-11,Feb,2023,Christine Thompson,Returning,Consumer,South,Mayotte,North Dakota,Thorntonburgh,Furniture,Tables,Person,4,768.14,0.08,45.69,2826.76,523.44,0.19,High,UPI
ORD-12045,2024-12-05,Dec,2024,Mario Olson,Returning,Home Office,North,Anguilla,Nevada,New Philip,Office Supplies,Storage,Blood,9,580.35,0.05,42.1,4961.99,807.75,0.16,High,UPI
ORD-12046,2024-08-21,Aug,2024,Martha Davis,New,Corporate,Central,Congo,West Virginia,Douglasstad,Technology,Phones,Suggest,10,306.52,0.04,47.51,2942.59,422.11,0.14,Low,UPI
ORD-12047,2023-05-23,May,2023,Robert Freeman,VIP,Consumer,East,Guinea,Oregon,Briannashire,Office Supplies,Paper,Why,7,438.69,0.16,49.47,2579.5,427.62,0.17,Critical,UPI
ORD-12048,2024-01-04,Jan,2024,Sheena Higgins,VIP,Consumer,North,Vanuatu,Kentucky,Maryview,Furniture,Bookcases,Only,6,674.42,0.23,18.09,3115.82,666.94,0.21,Critical,Net Banking
ORD-12049,2023-04-06,Apr,2023,Raymond Williams,Returning,Consumer,South,Gibraltar,Colorado,North Samanthaside,Office Supplies,Storage,Sing,7,167.81,0.17,6.22,974.98,-56.84,-0.06,Critical,Cash
ORD-12050,2024-07-29,Jul,2024,Thomas Crane,VIP,Corporate,East,Turks and Caicos Islands,Idaho,Cassandrastad,Furniture,Bookcases,Themselves,4,752.19,0.14,5.56,2587.53,279.11,0.11,High,UPI
ORD-12051,2022-12-10,Dec,2022,Micheal Roberts,VIP,Home Office,South,Japan,Tennessee,Danielfurt,Technology,Phones,Drug,3,758.82,0.25,36.86,1707.35,84.86,0.05,High,Card
ORD-12052,2025-06-08,Jun,2025,William Vasquez,VIP,Consumer,West,Gibraltar,Delaware,Stephenview,Technology,Phones,Visit,1,502.09,0.06,43.7,471.96,36.3,0.08,Medium,Cash
ORD-12053,2025-07-12,Jul,2025,Amanda Hutchinson,New,Consumer,Central,Iceland,Massachusetts,Meganville,Office Supplies,Binders,Finish,6,611.69,0.05,38.13,3486.63,1009.29,0.29,Critical,Net Banking
ORD-12054,2024-10-23,Oct,2024,Jennifer Ellis,Returning,Home Office,East,Turks and Caicos Islands,North Dakota,South Anthony,Furniture,Bookcases,Collection,9,192.15,0.04,16.72,1660.18,417.22,0.25,Low,Net Banking
ORD-12055,2025-07-13,Jul,2025,Shelby Brooks,VIP,Home Office,West,Bhutan,Iowa,Wardville,Technology,Accessories,One,7,593.93,0.01,29.48,4115.93,5.63,0.0,High,Card
ORD-12056,2024-02-26,Feb,2024,Tracey Jackson,Returning,Home Office,North,Romania,Michigan,Sheilachester,Technology,Phones,Everybody,10,430.1,0.23,39.48,3311.77,-65.96,-0.02,High,Card
ORD-12057,2025-08-07,Aug,2025,Shawn Shelton DDS,New,Home Office,East,Guyana,Montana,Pattersonville,Technology,Phones,Son,6,568.34,0.24,40.99,2591.63,753.55,0.29,Medium,Cash
ORD-12058,2024-09-27,Sep,2024,Holly Freeman,VIP,Corporate,East,Niger,North Dakota,Deannaberg,Technology,Phones,Decide,6,391.58,0.0,10.27,2349.48,399.52,0.17,High,Net Banking
ORD-12059,2025-08-08,Aug,2025,Katherine Smith,New,Corporate,East,Palau,Mississippi,Jamietown,Technology,Phones,Put,5,490.45,0.21,5.54,1937.28,161.88,0.08,Medium,Card
ORD-12060,2025-10-18,Oct,2025,Alyssa Ross,Returning,Corporate,Central,French Southern Territories,West Virginia,New Peterhaven,Furniture,Tables,Manager,7,671.55,0.01,21.69,4653.84,589.51,0.13,Low,UPI
ORD-12061,2022-11-29,Nov,2022,Andrea Moore,Returning,Corporate,South,Sri Lanka,Oregon,Port Lindsey,Furniture,Chairs,I,10,325.93,0.08,24.98,2998.56,43.46,0.01,Medium,Net Banking
ORD-12062,2025-10-18,Oct,2025,Anita Salazar,Returning,Corporate,Central,Nicaragua,Arkansas,New Natasha,Office Supplies,Paper,Song,5,717.55,0.25,41.85,2690.81,227.32,0.08,Critical,Cash
ORD-12063,2023-06-30,Jun,2023,Madeline Duncan,New,Corporate,East,Poland,Alaska,Lake Terrence,Furniture,Tables,Buy,1,786.64,0.15,19.93,668.64,178.7,0.27,High,Card
ORD-12064,2024-04-03,Apr,2024,Dawn Mason,VIP,Home Office,South,Congo,California,West Barbarafurt,Technology,Accessories,Argue,3,426.76,0.25,7.19,960.21,216.4,0.23,Medium,Card
ORD-12065,2025-07-25,Jul,2025,William Roberts,VIP,Corporate,South,Paraguay,Georgia,East Barbaraton,Office Supplies,Storage,Benefit,8,767.67,0.14,40.07,5281.57,-404.61,-0.08,Medium,Card
ORD-12066,2025-01-16,Jan,2025,Zachary Peterson,Returning,Corporate,North,Macedonia,Arizona,Brandonton,Technology,Accessories,Republican,7,252.71,0.27,12.52,1291.35,302.25,0.23,Low,UPI
ORD-12067,2025-10-24,Oct,2025,Michael Bennett,VIP,Consumer,East,Mali,Virginia,Robertsmouth,Technology,Laptops,Whether,1,546.91,0.22,5.29,426.59,14.92,0.03,Low,Net Banking
ORD-12068,2025-06-11,Jun,2025,Heather Harrison,Returning,Consumer,South,Dominican Republic,New Jersey,Lake Patrick,Furniture,Bookcases,Style,1,235.9,0.3,28.62,165.13,3.4,0.02,Medium,Net Banking
ORD-12069,2024-03-21,Mar,2024,Samuel Hoover,VIP,Consumer,East,Romania,Wisconsin,East Gary,Office Supplies,Storage,Old,10,66.29,0.08,47.3,609.87,72.45,0.12,Low,Cash
ORD-12070,2024-11-01,Nov,2024,Michael Davis,VIP,Consumer,West,Nicaragua,Iowa,Carterchester,Office Supplies,Storage,Interesting,6,508.48,0.11,10.29,2715.28,-76.12,-0.03,Low,Cash
ORD-12071,2025-05-21,May,2025,Robert Young,VIP,Consumer,North,Botswana,West Virginia,Jamesmouth,Technology,Accessories,Born,7,470.06,0.0,21.53,3290.42,950.77,0.29,High,Cash
ORD-12072,2025-10-01,Oct,2025,Todd Leonard,Returning,Home Office,West,Mali,Minnesota,East Matthewmouth,Technology,Laptops,Set,8,676.45,0.02,44.09,5303.37,-125.54,-0.02,Critical,Net Banking
ORD-12073,2023-11-19,Nov,2023,Jennifer Scott,VIP,Corporate,Central,Cote d'Ivoire,Montana,Geneberg,Furniture,Bookcases,List,7,657.92,0.03,46.52,4467.28,184.52,0.04,Low,Cash
ORD-12074,2025-06-10,Jun,2025,Bryan Lowe,New,Consumer,Central,Liechtenstein,Alabama,Phillipsside,Technology,Laptops,Different,10,309.4,0.17,19.21,2568.02,-20.24,-0.01,Critical,Card
ORD-12075,2025-11-21,Nov,2025,Mike Price,VIP,Consumer,South,Albania,Ohio,Wilcoxmouth,Technology,Phones,She,6,660.32,0.19,47.37,3209.16,63.69,0.02,High,UPI
ORD-12076,2024-12-14,Dec,2024,Judy Stokes,New,Home Office,East,Saint Martin,Tennessee,Floreston,Technology,Laptops,Attorney,10,379.69,0.24,19.9,2885.64,556.39,0.19,Low,Cash
ORD-12077,2023-03-01,Mar,2023,Brian Graham,VIP,Consumer,North,Pakistan,Indiana,Wandaside,Furniture,Tables,Pretty,9,578.02,0.26,15.45,3849.61,1124.94,0.29,Critical,Cash
ORD-12078,2024-02-09,Feb,2024,Richard Cruz,Returning,Consumer,East,Wallis and Futuna,Vermont,Morseville,Office Supplies,Paper,Music,4,261.16,0.08,25.32,961.07,131.19,0.14,High,Net Banking
ORD-12079,2023-08-08,Aug,2023,Robert Williams,VIP,Corporate,West,Azerbaijan,New Hampshire,South Erin,Furniture,Bookcases,Window,7,755.52,0.23,9.19,4072.25,199.68,0.05,Medium,Net Banking
ORD-12080,2023-08-19,Aug,2023,Ryan Steele,Returning,Consumer,Central,Swaziland,South Carolina,New Belindafort,Furniture,Chairs,Lay,3,323.16,0.29,24.01,688.33,-0.96,0.0,Critical,Net Banking
ORD-12081,2023-11-24,Nov,2023,Jonathan Johnson,Returning,Home Office,North,Kenya,Delaware,Riversstad,Technology,Phones,Final,7,578.57,0.3,11.7,2834.99,477.31,0.17,High,UPI
ORD-12082,2023-12-30,Dec,2023,Claudia Gross,VIP,Home Office,West,Bouvet Island (Bouvetoya),California,Reynoldshaven,Furniture,Tables,Hot,10,513.29,0.22,20.01,4003.66,38.68,0.01,Critical,Card
ORD-12083,2024-11-13,Nov,2024,Trevor Robbins,New,Home Office,Central,Seychelles,Illinois,Port Kathybury,Technology,Phones,Wear,5,298.56,0.11,46.6,1328.59,335.99,0.25,Critical,Cash
ORD-12084,2025-04-19,Apr,2025,Andrew Powers,Returning,Corporate,Central,Kuwait,Arkansas,Lake Thomas,Furniture,Bookcases,Weight,6,159.58,0.02,22.44,938.33,-78.44,-0.08,Critical,UPI
ORD-12085,2025-11-01,Nov,2025,Emily Burns,Returning,Home Office,West,Algeria,Delaware,Lake Brucemouth,Office Supplies,Paper,Clearly,6,132.34,0.03,37.29,770.22,208.2,0.27,High,Card
ORD-12086,2024-06-08,Jun,2024,Trevor Bishop,New,Home Office,West,Uruguay,North Carolina,South Deborah,Technology,Phones,Left,4,159.13,0.0,26.18,636.52,67.45,0.11,Medium,Cash
ORD-12087,2023-06-19,Jun,2023,Peter Bennett,VIP,Corporate,West,Estonia,Iowa,Diazchester,Office Supplies,Storage,Rather,5,319.5,0.26,28.52,1182.15,180.1,0.15,Low,UPI
ORD-12088,2025-02-24,Feb,2025,Sergio Richmond,VIP,Consumer,North,Congo,New Jersey,Stevenport,Office Supplies,Paper,Republican,5,770.3,0.13,14.31,3350.8,315.05,0.09,High,UPI
ORD-12089,2023-11-20,Nov,2023,Jeffrey Mckenzie,VIP,Consumer,East,Canada,Oklahoma,West Annport,Technology,Accessories,Trade,2,662.92,0.27,30.52,967.86,103.64,0.11,High,Net Banking
ORD-12090,2022-12-16,Dec,2022,Charles Mclean,VIP,Corporate,West,Bhutan,Michigan,Port Amber,Technology,Laptops,Prevent,7,698.43,0.21,35.33,3862.32,570.5,0.15,Low,Cash
ORD-12091,2023-03-15,Mar,2023,Corey Williamson,VIP,Home Office,Central,Malawi,Alaska,Weissland,Technology,Accessories,Free,1,117.09,0.23,24.22,90.16,13.49,0.15,High,UPI
ORD-12092,2025-06-26,Jun,2025,Lindsay Davis,Returning,Consumer,South,Cayman Islands,Iowa,Kennethchester,Furniture,Chairs,Budget,8,285.24,0.2,9.87,1825.54,369.55,0.2,Critical,Net Banking
ORD-12093,2024-06-29,Jun,2024,Christy Kelly,VIP,Corporate,South,Switzerland,Delaware,Joshuafort,Furniture,Tables,Billion,1,88.34,0.17,47.68,73.32,5.12,0.07,High,UPI
ORD-12094,2023-11-26,Nov,2023,Debbie Weiss,VIP,Corporate,South,Niger,Idaho,Brockhaven,Furniture,Bookcases,Raise,9,349.99,0.19,32.65,2551.43,-1.98,0.0,Critical,Card
ORD-12095,2025-05-12,May,2025,Robert Arellano,VIP,Corporate,Central,Albania,West Virginia,North Austinfurt,Technology,Accessories,Position,1,764.98,0.21,30.29,604.33,19.4,0.03,Critical,Card
ORD-12096,2023-02-15,Feb,2023,Jacob Flores,Returning,Corporate,South,French Polynesia,Kentucky,South Brandon,Office Supplies,Binders,Reduce,2,21.61,0.18,11.77,35.44,8.89,0.25,High,Cash
ORD-12097,2023-07-30,Jul,2023,Amy Campbell,VIP,Consumer,West,Belarus,New Mexico,Huertaside,Office Supplies,Binders,Field,7,94.78,0.08,20.65,610.38,91.14,0.15,High,UPI
ORD-12098,2023-01-05,Jan,2023,Erin Christensen,New,Home Office,West,Japan,Michigan,Lake Davidport,Technology,Phones,National,5,299.29,0.27,25.9,1092.41,251.21,0.23,Critical,UPI
ORD-12099,2023-08-27,Aug,2023,Melissa Crawford,Returning,Consumer,West,Niger,Delaware,Gomezchester,Office Supplies,Storage,Edge,10,451.91,0.28,15.34,3253.75,-5.15,0.0,Medium,Cash
ORD-12100,2023-08-15,Aug,2023,Shane Sanford,VIP,Home Office,South,Cape Verde,Oklahoma,Carrollchester,Office Supplies,Paper,Reveal,6,208.25,0.17,15.23,1037.09,283.17,0.27,High,Card
ORD-12101,2024-09-28,Sep,2024,Christopher Morris,New,Corporate,Central,Tonga,New Hampshire,Port Billy,Office Supplies,Binders,Beat,3,719.84,0.28,42.02,1554.85,118.58,0.08,Medium,Card
ORD-12102,2023-11-05,Nov,2023,Amanda Johnson,Returning,Corporate,West,Bouvet Island (Bouvetoya),Washington,Robertsmouth,Furniture,Bookcases,Well,9,673.84,0.0,12.56,6064.56,-265.8,-0.04,Low,Cash
ORD-12103,2025-11-23,Nov,2025,Randy Larson,VIP,Corporate,East,Poland,New York,Lukemouth,Office Supplies,Storage,Conference,4,292.34,0.23,30.07,900.41,202.22,0.22,Critical,Cash
ORD-12104,2023-03-13,Mar,2023,Edward Murray,VIP,Consumer,West,Solomon Islands,Illinois,Davidland,Furniture,Chairs,Choose,9,181.04,0.01,10.31,1613.07,70.18,0.04,Critical,Cash
ORD-12105,2025-06-15,Jun,2025,Dr. Tammy Scott,VIP,Corporate,North,Albania,North Dakota,Patricialand,Furniture,Chairs,Opportunity,4,35.98,0.12,47.3,126.65,24.83,0.2,Critical,Cash
ORD-12106,2023-02-17,Feb,2023,Destiny Miller,VIP,Home Office,West,Turkmenistan,Michigan,North Whitney,Office Supplies,Paper,Feeling,3,316.75,0.24,15.13,722.19,-41.54,-0.06,Medium,UPI
ORD-12107,2023-08-08,Aug,2023,Corey Morrow,VIP,Home Office,Central,Tajikistan,Virginia,West Juliefort,Office Supplies,Binders,Husband,9,190.61,0.2,7.25,1372.39,-57.75,-0.04,High,Net Banking
ORD-12108,2024-10-10,Oct,2024,Heather Cox,Returning,Home Office,East,Jersey,Michigan,Jimmyborough,Office Supplies,Binders,Including,4,208.36,0.09,5.96,758.43,158.29,0.21,Critical,UPI
ORD-12109,2025-09-17,Sep,2025,Mark Garcia,VIP,Consumer,Central,Kazakhstan,Wyoming,North Stevenville,Office Supplies,Binders,Benefit,3,340.02,0.2,49.31,816.05,78.59,0.1,Critical,Net Banking
ORD-12110,2023-01-23,Jan,2023,Andrea Hall,VIP,Corporate,North,Saint Pierre and Miquelon,Florida,East Catherinemouth,Technology,Accessories,Central,10,730.84,0.09,26.76,6650.64,-409.99,-0.06,High,Cash
ORD-12111,2025-09-14,Sep,2025,Robyn Vance,VIP,Home Office,South,Gambia,Illinois,North Davidstad,Furniture,Chairs,Argue,7,364.48,0.25,29.27,1913.52,380.4,0.2,Medium,Card
ORD-12112,2023-12-04,Dec,2023,Terry Young,Returning,Corporate,North,Slovakia (Slovak Republic),Connecticut,Mcintyreton,Furniture,Tables,Finish,4,279.31,0.26,20.51,826.76,-57.17,-0.07,Critical,Cash
ORD-12113,2025-06-23,Jun,2025,Rhonda Day,Returning,Home Office,Central,Morocco,New Hampshire,Nicholemouth,Technology,Accessories,Audience,8,649.36,0.16,43.54,4363.7,139.74,0.03,Medium,Card
ORD-12114,2024-05-29,May,2024,Christina Mcintyre,Returning,Home Office,North,Northern Mariana Islands,Michigan,Davisborough,Technology,Phones,Thing,1,254.4,0.14,26.03,218.78,10.89,0.05,Critical,Card
ORD-12115,2022-12-13,Dec,2022,Joseph Wallace,VIP,Consumer,West,Chile,Oregon,Lake Michael,Office Supplies,Storage,Indicate,1,188.61,0.28,18.53,135.8,-6.15,-0.05,Low,Card
ORD-12116,2024-03-06,Mar,2024,Michael White,New,Home Office,South,Bouvet Island (Bouvetoya),New Jersey,Roseland,Technology,Laptops,Purpose,1,541.05,0.25,42.98,405.79,-36.05,-0.09,High,Cash
ORD-12117,2024-11-03,Nov,2024,Shannon Sampson,VIP,Home Office,West,Paraguay,Illinois,South Colleenstad,Technology,Accessories,Window,1,548.79,0.08,39.9,504.89,142.74,0.28,Medium,Net Banking
ORD-12118,2023-11-14,Nov,2023,Tony Fuller,VIP,Corporate,East,Russian Federation,South Carolina,North Josechester,Office Supplies,Paper,White,3,247.36,0.16,27.89,623.35,75.77,0.12,Medium,UPI
ORD-12119,2025-05-31,May,2025,Carrie Boyd,VIP,Home Office,East,Zambia,North Carolina,Lake Sarahmouth,Furniture,Bookcases,Class,9,783.58,0.02,8.27,6911.18,1775.87,0.26,Medium,UPI
ORD-12120,2025-11-06,Nov,2025,Jeremy Holt,Returning,Corporate,West,Togo,Tennessee,South Cameronville,Furniture,Bookcases,Produce,1,346.01,0.1,18.97,311.41,32.43,0.1,High,Card
ORD-12121,2024-09-21,Sep,2024,Jose Walters,Returning,Consumer,Central,Slovakia (Slovak Republic),Alaska,Landrymouth,Furniture,Chairs,Return,8,416.56,0.22,32.52,2599.33,653.27,0.25,Low,Cash
ORD-12122,2025-11-03,Nov,2025,Kaylee Smith,VIP,Consumer,West,Somalia,Colorado,Hallberg,Office Supplies,Binders,Hospital,5,551.52,0.14,43.58,2371.54,-192.03,-0.08,Critical,Cash
ORD-12123,2025-06-13,Jun,2025,Robert Powell,New,Consumer,South,Finland,Wisconsin,Rebeccachester,Technology,Laptops,Animal,10,440.69,0.11,36.16,3922.14,226.18,0.06,High,UPI
ORD-12124,2024-10-31,Oct,2024,Sean Bell,Returning,Consumer,North,Tuvalu,Iowa,Charlesburgh,Office Supplies,Storage,Fire,9,583.54,0.17,28.52,4359.04,-26.19,-0.01,High,Cash
ORD-12125,2025-04-10,Apr,2025,Luis Buchanan,Returning,Consumer,South,Sri Lanka,Maine,Transide,Technology,Phones,Forget,1,160.91,0.16,7.95,135.16,15.94,0.12,Low,UPI
ORD-12126,2023-09-23,Sep,2023,Lisa Thompson,New,Home Office,West,Macedonia,Maine,East Laurenport,Furniture,Tables,They,9,473.91,0.06,7.56,4009.28,279.46,0.07,High,Net Banking
ORD-12127,2023-06-06,Jun,2023,William Neal,Returning,Home Office,West,Cayman Islands,Vermont,Smithton,Technology,Phones,Ball,3,322.3,0.18,33.07,792.86,223.95,0.28,High,Card
ORD-12128,2024-11-08,Nov,2024,Katherine Eaton,Returning,Home Office,East,Suriname,Georgia,Port Joshuafurt,Furniture,Bookcases,Decision,8,92.08,0.26,19.05,545.11,-34.07,-0.06,Low,Cash
ORD-12129,2023-10-16,Oct,2023,Wendy Lopez,Returning,Corporate,South,Honduras,Massachusetts,North Nicole,Furniture,Tables,Read,3,136.54,0.15,48.43,348.18,0.78,0.0,Critical,UPI
ORD-12130,2024-05-15,May,2024,Valerie Palmer,VIP,Consumer,West,Taiwan,South Dakota,South Carolynport,Office Supplies,Binders,Data,9,771.95,0.3,7.37,4863.28,385.44,0.08,Critical,UPI
ORD-12131,2025-06-29,Jun,2025,Bailey Rangel PhD,Returning,Consumer,East,Montserrat,New Mexico,North Kristina,Furniture,Bookcases,Role,10,38.62,0.14,35.38,332.13,27.65,0.08,Low,Cash
ORD-12132,2025-07-29,Jul,2025,Danielle Lee,VIP,Home Office,South,Switzerland,New Jersey,East Michael,Office Supplies,Storage,Later,2,675.0,0.07,40.65,1255.5,233.9,0.19,Critical,Cash
ORD-12133,2024-09-18,Sep,2024,Jack Clarke,New,Corporate,West,Puerto Rico,Iowa,Rodriguezport,Furniture,Bookcases,Choose,8,17.11,0.03,21.07,132.77,0.28,0.0,Low,Card
ORD-12134,2025-08-10,Aug,2025,Vincent Hernandez,New,Consumer,South,Christmas Island,Ohio,West Davidshire,Technology,Laptops,Set,7,657.31,0.15,11.33,3910.99,-323.35,-0.08,Low,UPI
ORD-12135,2024-10-24,Oct,2024,John Joseph,Returning,Home Office,East,Congo,Massachusetts,East Cynthiaburgh,Furniture,Bookcases,Fall,5,688.11,0.25,24.33,2580.41,211.88,0.08,High,Net Banking
ORD-12136,2023-04-26,Apr,2023,Ryan Park,VIP,Corporate,Central,Thailand,Iowa,South April,Furniture,Tables,Simply,4,644.83,0.12,18.42,2269.8,76.27,0.03,Low,Net Banking
ORD-12137,2024-03-14,Mar,2024,Jacqueline Butler,Returning,Consumer,Central,Dominican Republic,Wyoming,Richardbury,Office Supplies,Storage,Behind,4,438.63,0.01,35.15,1736.97,428.56,0.25,Critical,Cash
ORD-12138,2025-02-01,Feb,2025,Shannon Schwartz,New,Corporate,Central,Slovakia (Slovak Republic),West Virginia,New Patriciaburgh,Office Supplies,Storage,Especially,1,304.46,0.22,10.42,237.48,43.14,0.18,Low,Net Banking
ORD-12139,2023-03-08,Mar,2023,Matthew Kelly,New,Corporate,Central,Singapore,Alaska,Port Edwardville,Office Supplies,Paper,Tree,6,279.95,0.07,8.25,1562.12,162.52,0.1,Medium,Net Banking
ORD-12140,2024-08-10,Aug,2024,Brandi Jones,New,Consumer,East,Saint Vincent and the Grenadines,Iowa,New Jennifer,Furniture,Bookcases,Reflect,9,723.72,0.26,46.88,4819.98,388.49,0.08,Medium,Net Banking
ORD-12141,2024-04-26,Apr,2024,Derek Kennedy,New,Corporate,South,Benin,New Jersey,Hollowayside,Office Supplies,Storage,Activity,2,371.04,0.05,32.46,704.98,7.6,0.01,Critical,Net Banking
ORD-12142,2025-07-03,Jul,2025,Anthony Silva,VIP,Home Office,South,French Polynesia,Virginia,North Stephanie,Furniture,Tables,Ten,4,778.99,0.14,31.62,2679.73,-169.57,-0.06,Medium,Net Banking
ORD-12143,2024-06-10,Jun,2024,Daniel Bradford,VIP,Consumer,West,Thailand,Maine,Port Trevorchester,Technology,Accessories,Evidence,10,323.17,0.12,45.2,2843.9,750.71,0.26,Low,Card
ORD-12144,2024-09-12,Sep,2024,Jennifer Davis,New,Corporate,North,Uzbekistan,Mississippi,New Steven,Technology,Phones,Behind,8,785.43,0.09,18.3,5717.93,552.04,0.1,High,Net Banking
ORD-12145,2024-11-22,Nov,2024,Marilyn Howe,Returning,Home Office,Central,Sao Tome and Principe,Texas,Lake Juanshire,Furniture,Chairs,Case,1,586.98,0.14,20.02,504.8,62.7,0.12,Medium,UPI
ORD-12146,2024-01-02,Jan,2024,Carmen Martinez,VIP,Corporate,East,Trinidad and Tobago,Kansas,West Coreyberg,Furniture,Bookcases,Gas,6,432.44,0.23,39.25,1997.87,542.81,0.27,Critical,Card
ORD-12147,2023-10-18,Oct,2023,Holly Thompson,New,Consumer,East,Wallis and Futuna,Alabama,New Kelly,Technology,Laptops,Thus,3,328.63,0.11,45.03,877.44,1.39,0.0,Medium,UPI
ORD-12148,2023-02-12,Feb,2023,Stephen Miller,Returning,Corporate,East,Sudan,Texas,New Steven,Technology,Accessories,Really,9,180.23,0.14,20.24,1394.98,381.86,0.27,Low,UPI
ORD-12149,2023-06-06,Jun,2023,Linda Robertson,Returning,Corporate,Central,Jamaica,Montana,West Pamelaland,Technology,Phones,Fight,9,775.59,0.01,10.68,6910.51,1877.2,0.27,Medium,Cash
ORD-12150,2023-05-27,May,2023,Robert Mendoza,VIP,Corporate,South,Hungary,Louisiana,New Brett,Furniture,Chairs,Movement,2,535.35,0.15,46.71,910.1,-67.71,-0.07,High,Cash
ORD-12151,2024-07-25,Jul,2024,Crystal Butler,Returning,Home Office,South,Zambia,New York,Matthewport,Furniture,Tables,Paper,6,53.89,0.18,34.4,265.14,24.63,0.09,Medium,Card
ORD-12152,2024-01-27,Jan,2024,Stephanie Kelly,New,Home Office,East,Grenada,California,Ellisfort,Office Supplies,Storage,High,7,37.63,0.12,5.45,231.8,-0.17,0.0,High,Cash
ORD-12153,2025-07-20,Jul,2025,Lisa Rodriguez,New,Consumer,Central,Cayman Islands,Rhode Island,Lake Aaronstad,Technology,Laptops,Administration,5,166.7,0.04,45.86,800.16,5.25,0.01,Medium,Card
ORD-12154,2024-06-09,Jun,2024,Daniel Owens,Returning,Consumer,Central,Nigeria,Massachusetts,Stephaniehaven,Office Supplies,Binders,Respond,7,661.48,0.23,26.61,3565.38,780.76,0.22,Critical,Card
ORD-12155,2023-07-04,Jul,2023,Michelle Harrington,New,Consumer,West,Vanuatu,Wisconsin,Smithborough,Office Supplies,Storage,Tend,1,698.54,0.24,16.16,530.89,-44.45,-0.08,Low,UPI
ORD-12156,2023-07-06,Jul,2023,Steven Lambert MD,VIP,Consumer,West,French Guiana,Arizona,Maxwellview,Technology,Phones,Leave,8,238.17,0.18,26.33,1562.4,137.08,0.09,Low,Net Banking
ORD-12157,2023-02-21,Feb,2023,Heather Austin,VIP,Home Office,West,Senegal,Delaware,Jamestown,Furniture,Chairs,That,5,171.94,0.03,13.54,833.91,-36.05,-0.04,Critical,Cash
ORD-12158,2025-01-24,Jan,2025,Larry Hernandez,VIP,Home Office,East,Ghana,Delaware,Evansville,Office Supplies,Paper,Face,4,222.18,0.24,28.34,675.43,-2.38,0.0,Low,Card
ORD-12159,2023-03-06,Mar,2023,Sean Boyd,VIP,Corporate,East,Palau,Oregon,Carterbury,Furniture,Tables,Value,2,428.59,0.14,17.87,737.17,-60.62,-0.08,Critical,Net Banking
ORD-12160,2023-04-01,Apr,2023,James Thompson,Returning,Home Office,South,Liechtenstein,Rhode Island,North Joshuaton,Furniture,Tables,Else,2,727.66,0.3,23.46,1018.72,-37.11,-0.04,Low,UPI
ORD-12161,2023-07-31,Jul,2023,Bryan Scott,VIP,Home Office,South,Taiwan,Alaska,Cynthiaburgh,Technology,Accessories,Year,2,762.13,0.3,5.82,1066.98,88.19,0.08,Low,Cash
ORD-12162,2025-09-05,Sep,2025,Darrell Gutierrez,Returning,Corporate,North,Israel,Rhode Island,South Daniel,Technology,Phones,Ten,3,533.54,0.01,32.36,1584.61,-31.44,-0.02,High,Card
ORD-12163,2025-03-30,Mar,2025,Jose Waters,New,Home Office,East,Norfolk Island,Alabama,West Brian,Office Supplies,Storage,Ask,3,304.85,0.07,37.58,850.53,196.0,0.23,Critical,Net Banking
ORD-12164,2025-08-27,Aug,2025,Linda Woods,VIP,Corporate,South,Norfolk Island,Montana,South Brandyhaven,Office Supplies,Paper,Pretty,10,739.09,0.03,21.83,7169.17,1418.21,0.2,Critical,Cash
ORD-12165,2024-08-08,Aug,2024,James Davis,New,Home Office,East,United Kingdom,California,Catherinebury,Furniture,Tables,Camera,7,712.87,0.27,28.29,3642.77,253.99,0.07,High,UPI
ORD-12166,2025-01-10,Jan,2025,Sean Black,Returning,Home Office,East,Montserrat,Alaska,Lake Tonybury,Office Supplies,Storage,American,2,145.38,0.17,22.97,241.33,37.75,0.16,Critical,Cash
ORD-12167,2023-07-05,Jul,2023,Tracy Hartman,New,Consumer,North,Japan,Pennsylvania,Thomasville,Technology,Phones,Threat,2,447.22,0.22,27.31,697.66,183.95,0.26,Critical,UPI
ORD-12168,2024-04-04,Apr,2024,Elizabeth Thompson,New,Home Office,Central,Thailand,Idaho,Thompsonshire,Furniture,Chairs,Need,10,354.63,0.07,44.5,3298.06,-138.32,-0.04,High,Card
ORD-12169,2024-08-12,Aug,2024,Mia West,Returning,Consumer,East,Bahamas,Michigan,Mcdanielshire,Office Supplies,Paper,If,9,160.21,0.24,49.87,1095.84,16.98,0.02,Medium,Card
ORD-12170,2025-03-24,Mar,2025,Jessica Arellano,New,Home Office,North,Christmas Island,Rhode Island,Adamburgh,Office Supplies,Paper,Me,2,494.84,0.03,32.25,959.99,0.56,0.0,High,Card
ORD-12171,2025-06-09,Jun,2025,Rebecca Taylor,VIP,Corporate,Central,Palau,North Carolina,South Danielle,Office Supplies,Storage,Make,4,452.24,0.27,13.79,1320.54,132.94,0.1,Low,Card
ORD-12172,2023-10-28,Oct,2023,Ryan Martinez,VIP,Home Office,West,Martinique,California,Port Trevorport,Office Supplies,Storage,Power,1,561.07,0.13,22.49,488.13,128.57,0.26,Critical,Card
ORD-12173,2023-03-09,Mar,2023,James Hughes,VIP,Consumer,West,Swaziland,North Dakota,Thomasstad,Technology,Accessories,Professor,1,422.44,0.1,32.97,380.2,64.24,0.17,High,Cash
ORD-12174,2025-06-13,Jun,2025,Randy Austin,New,Home Office,Central,Indonesia,Maine,North Shawnville,Furniture,Bookcases,Heart,1,586.51,0.09,9.41,533.72,89.31,0.17,High,Cash
ORD-12175,2023-03-19,Mar,2023,Joseph Jones,VIP,Corporate,East,Mali,West Virginia,Samuelburgh,Furniture,Tables,Describe,8,236.74,0.08,46.68,1742.41,201.67,0.12,Medium,Card
ORD-12176,2025-06-06,Jun,2025,Erika Thomas,VIP,Home Office,Central,Timor-Leste,Michigan,Jerryshire,Technology,Phones,Leader,6,547.16,0.03,44.04,3184.47,243.11,0.08,Low,Cash
ORD-12177,2022-12-12,Dec,2022,Anthony Maddox,VIP,Home Office,North,Uganda,North Dakota,Joshuaside,Furniture,Chairs,Me,8,158.93,0.25,41.8,953.58,237.3,0.25,Low,UPI
ORD-12178,2024-04-07,Apr,2024,Taylor Moore,Returning,Corporate,South,Saint Pierre and Miquelon,Vermont,Wongside,Technology,Phones,Environment,9,547.52,0.07,38.83,4582.74,1264.92,0.28,Medium,Net Banking
ORD-12179,2025-08-15,Aug,2025,Nicholas Mitchell,Returning,Home Office,East,Uzbekistan,Vermont,Morsestad,Technology,Accessories,Music,8,58.75,0.28,40.67,338.4,80.76,0.24,Low,Cash
ORD-12180,2024-02-04,Feb,2024,Tonya Mcmahon,New,Corporate,North,British Virgin Islands,Delaware,East Garyview,Technology,Laptops,Capital,1,370.14,0.24,48.77,281.31,72.35,0.26,Low,Card
ORD-12181,2025-03-09,Mar,2025,Matthew Holloway,Returning,Consumer,Central,Bulgaria,Pennsylvania,Amandachester,Furniture,Chairs,Exactly,1,501.59,0.29,32.64,356.13,24.95,0.07,Low,Net Banking
ORD-12182,2024-09-09,Sep,2024,Robert Myers,Returning,Home Office,South,Paraguay,Alaska,Amystad,Office Supplies,Storage,Financial,10,635.11,0.06,7.28,5970.03,880.34,0.15,Medium,Net Banking
ORD-12183,2025-06-12,Jun,2025,Johnny Hatfield,Returning,Corporate,North,Central African Republic,Montana,Campbellhaven,Furniture,Tables,War,2,742.77,0.11,49.55,1322.13,217.46,0.16,Medium,UPI
ORD-12184,2025-11-07,Nov,2025,Madeline Manning,VIP,Consumer,North,Austria,Alaska,New Markville,Technology,Accessories,Determine,10,232.1,0.09,19.69,2112.11,566.34,0.27,Low,Net Banking
ORD-12185,2023-09-15,Sep,2023,Christopher Dominguez,Returning,Home Office,East,South Africa,Indiana,North Williamberg,Furniture,Bookcases,Exactly,6,226.55,0.03,40.9,1318.52,108.08,0.08,High,Net Banking
ORD-12186,2025-04-01,Apr,2025,Thomas Williams,VIP,Corporate,North,El Salvador,Ohio,Murphyburgh,Furniture,Chairs,Court,9,561.78,0.01,41.45,5005.46,250.06,0.05,Critical,UPI
ORD-12187,2024-10-05,Oct,2024,Seth Braun,VIP,Home Office,South,United States of America,Colorado,Mooremouth,Technology,Laptops,Question,6,299.75,0.03,35.29,1744.54,-41.04,-0.02,Medium,UPI
ORD-12188,2025-02-02,Feb,2025,Jim George,Returning,Home Office,South,Guadeloupe,Colorado,South Mollybury,Furniture,Chairs,Picture,2,429.53,0.02,39.96,841.88,-22.76,-0.03,Critical,UPI
ORD-12189,2025-11-15,Nov,2025,Seth Terry,Returning,Consumer,East,Sao Tome and Principe,Florida,North Heather,Office Supplies,Binders,Travel,3,745.97,0.14,42.82,1924.6,38.06,0.02,High,Card
ORD-12190,2023-03-12,Mar,2023,Amanda Dodson,Returning,Consumer,East,Congo,Missouri,Tonyamouth,Technology,Phones,Race,4,608.15,0.12,17.13,2140.69,359.68,0.17,High,Cash
ORD-12191,2023-04-21,Apr,2023,Cassandra Smith,Returning,Home Office,South,Belgium,Kansas,Ellisport,Furniture,Tables,Point,9,78.54,0.01,41.14,699.79,203.78,0.29,Medium,Cash
ORD-12192,2023-08-10,Aug,2023,David Cameron,Returning,Consumer,West,Afghanistan,Colorado,Larryville,Technology,Laptops,Force,1,136.72,0.2,42.27,109.38,15.95,0.15,Critical,Cash
ORD-12193,2024-07-14,Jul,2024,James Jones,Returning,Home Office,Central,Trinidad and Tobago,Missouri,South Kenneth,Office Supplies,Paper,Different,2,285.25,0.04,12.39,547.68,-47.83,-0.09,High,Net Banking
ORD-12194,2025-04-17,Apr,2025,Karen Owens,Returning,Home Office,Central,Poland,California,South Robertmouth,Office Supplies,Paper,Practice,2,481.89,0.29,6.12,684.28,-25.74,-0.04,Medium,UPI
ORD-12195,2023-09-21,Sep,2023,Mark Wiley,Returning,Home Office,North,Faroe Islands,New Jersey,Brownhaven,Technology,Phones,Continue,1,82.88,0.16,29.02,69.62,7.45,0.11,Medium,Cash
ORD-12196,2025-03-30,Mar,2025,Victor Wallace,Returning,Home Office,North,Guam,Mississippi,Port Jesse,Office Supplies,Binders,Social,1,19.65,0.12,12.84,17.29,0.38,0.02,Medium,Cash
ORD-12197,2024-10-15,Oct,2024,Cheryl Martinez,Returning,Home Office,North,Indonesia,Virginia,Kristenshire,Office Supplies,Binders,Finish,5,49.26,0.21,19.43,194.58,37.49,0.19,Low,UPI
ORD-12198,2024-06-01,Jun,2024,Nicholas Walker,VIP,Corporate,North,Cayman Islands,New York,Mooretown,Office Supplies,Binders,Seat,5,495.07,0.25,11.84,1856.51,555.49,0.3,Medium,Cash
ORD-12199,2025-08-04,Aug,2025,Alexander Moss,VIP,Consumer,South,Haiti,Idaho,New Lisashire,Office Supplies,Storage,Safe,4,110.59,0.04,21.07,424.67,-39.15,-0.09,Low,Net Banking
ORD-12200,2023-10-29,Oct,2023,Logan Wilson,VIP,Home Office,Central,Singapore,New Mexico,Villarrealmouth,Furniture,Bookcases,Some,10,215.66,0.16,12.87,1811.54,-113.87,-0.06,Critical,Card
ORD-12201,2025-03-10,Mar,2025,Kelly Turner,VIP,Corporate,Central,Slovenia,Washington,Dennistown,Technology,Accessories,Stock,8,250.85,0.18,25.02,1645.58,196.77,0.12,Low,Net Banking
ORD-12202,2023-07-30,Jul,2023,Shawn Thompson,Returning,Home Office,West,Philippines,Utah,Janiceside,Office Supplies,Storage,Fire,7,151.16,0.12,7.09,931.15,-46.75,-0.05,Critical,UPI
ORD-12203,2025-07-07,Jul,2025,Isaac Clark,VIP,Home Office,West,Finland,Connecticut,Mcdonaldside,Office Supplies,Paper,Or,6,584.27,0.14,31.67,3014.83,316.79,0.11,Medium,Card
ORD-12204,2023-01-17,Jan,2023,Roberta Wilson,VIP,Corporate,North,Armenia,Kentucky,Hansonmouth,Office Supplies,Binders,Glass,10,464.81,0.05,14.24,4415.69,581.3,0.13,Critical,Card
ORD-12205,2023-02-26,Feb,2023,Dawn Hall,New,Home Office,Central,Ghana,Colorado,West Megan,Furniture,Bookcases,Account,7,129.38,0.15,7.9,769.81,210.31,0.27,High,Net Banking
ORD-12206,2025-09-10,Sep,2025,Brianna Martin,VIP,Home Office,South,Lithuania,Minnesota,Zacharymouth,Technology,Laptops,Physical,10,589.65,0.3,44.94,4127.55,503.88,0.12,Critical,Cash
ORD-12207,2023-08-30,Aug,2023,Jessica Henderson,Returning,Consumer,North,Grenada,Mississippi,New Brentland,Furniture,Bookcases,Blue,8,732.28,0.18,25.11,4803.76,1420.71,0.3,Critical,Cash
ORD-12208,2023-01-30,Jan,2023,Pamela Thompson,Returning,Consumer,South,New Caledonia,North Dakota,North Williamland,Technology,Phones,War,2,557.17,0.12,15.31,980.62,19.55,0.02,Medium,Cash
ORD-12209,2025-04-14,Apr,2025,Dana Cook,VIP,Consumer,North,Turkey,Illinois,New Denise,Furniture,Tables,It,5,380.21,0.27,18.16,1387.77,-115.54,-0.08,Low,UPI
ORD-12210,2024-12-05,Dec,2024,Jacob Castillo,New,Consumer,Central,Palestinian Territory,Ohio,Lake Amanda,Office Supplies,Paper,Subject,3,206.51,0.23,37.64,477.04,-19.95,-0.04,Low,Cash
ORD-12211,2023-04-05,Apr,2023,Terry Phillips,Returning,Corporate,Central,Panama,New Mexico,Daystad,Furniture,Bookcases,Explain,9,354.97,0.12,36.27,2811.36,652.1,0.23,Critical,Net Banking
ORD-12212,2025-04-02,Apr,2025,Jessica Stevens,New,Home Office,North,Finland,North Carolina,Nicholsmouth,Technology,Phones,Sit,6,146.58,0.27,18.65,642.02,86.57,0.13,Critical,Cash
ORD-12213,2023-11-25,Nov,2023,Michelle Bender,VIP,Corporate,North,Lithuania,Tennessee,Gouldview,Furniture,Bookcases,Create,5,278.03,0.27,6.35,1014.81,2.13,0.0,Medium,Card
ORD-12214,2025-10-19,Oct,2025,Crystal Combs,Returning,Corporate,East,Cote d'Ivoire,New York,Mendozaside,Technology,Laptops,Law,7,591.71,0.12,8.77,3644.93,394.99,0.11,Critical,Net Banking
ORD-12215,2025-09-26,Sep,2025,Russell Salazar,New,Corporate,West,Brazil,Michigan,Sydneystad,Furniture,Chairs,Identify,5,440.59,0.3,16.55,1542.06,96.18,0.06,Low,UPI
ORD-12216,2025-10-23,Oct,2025,Kristen Parker,New,Corporate,South,Liberia,Nebraska,North Kyle,Office Supplies,Binders,His,10,102.35,0.06,28.75,962.09,-19.42,-0.02,Critical,Card
ORD-12217,2023-10-13,Oct,2023,Joseph Adams,Returning,Corporate,East,Falkland Islands (Malvinas),Connecticut,Stephenstad,Technology,Phones,Day,7,310.3,0.28,40.28,1563.91,120.34,0.08,Medium,Card
ORD-12218,2023-02-25,Feb,2023,John Jimenez,New,Consumer,North,Trinidad and Tobago,Georgia,North Jennifer,Office Supplies,Paper,Outside,2,152.66,0.01,14.11,302.27,62.88,0.21,High,Net Banking
ORD-12219,2023-10-06,Oct,2023,Robin Anderson,New,Home Office,East,British Indian Ocean Territory (Chagos Archipelago),North Carolina,South Hannah,Technology,Phones,Stop,3,721.12,0.03,39.56,2098.46,163.56,0.08,Low,Card
ORD-12220,2024-01-30,Jan,2024,Dustin Gomez,VIP,Corporate,South,Dominican Republic,Virginia,Port Joannaport,Technology,Laptops,Science,2,665.35,0.16,16.11,1117.79,280.01,0.25,Low,UPI
ORD-12221,2023-05-04,May,2023,Joy Munoz,VIP,Consumer,Central,Bermuda,New Jersey,Kayleeside,Furniture,Tables,Rock,5,160.33,0.25,39.81,601.24,99.68,0.17,Low,Cash
ORD-12222,2023-03-27,Mar,2023,Steven Lambert,VIP,Consumer,North,Honduras,Massachusetts,Port Josephfurt,Technology,Phones,Action,10,408.54,0.13,10.9,3554.3,-189.74,-0.05,Critical,Cash
ORD-12223,2023-12-02,Dec,2023,Sally Kelly,New,Home Office,East,Moldova,North Dakota,Michaelmouth,Furniture,Tables,Step,2,709.61,0.11,33.24,1263.11,4.06,0.0,Medium,Cash
ORD-12224,2025-05-01,May,2025,Barbara Lawrence,New,Consumer,West,Gabon,New York,Timothytown,Office Supplies,Storage,Choice,2,247.12,0.03,28.29,479.41,98.78,0.21,Medium,Cash
ORD-12225,2025-10-23,Oct,2025,Mary Jackson,VIP,Home Office,East,Czech Republic,Michigan,Williamfurt,Furniture,Tables,Account,10,192.49,0.07,38.95,1790.16,352.08,0.2,Critical,Net Banking
ORD-12226,2024-04-24,Apr,2024,Jeff Brown,VIP,Consumer,North,Turks and Caicos Islands,South Dakota,Cisnerosbury,Office Supplies,Paper,Idea,3,140.33,0.02,41.83,412.57,-2.94,-0.01,Medium,Card
ORD-12227,2024-02-12,Feb,2024,Mark Kelly,New,Home Office,North,United Kingdom,New Hampshire,East Jerry,Furniture,Tables,Poor,2,788.6,0.15,26.3,1340.62,219.94,0.16,Medium,Card
ORD-12228,2024-12-20,Dec,2024,Hannah Thornton,VIP,Home Office,South,Cuba,Oklahoma,Amandafurt,Technology,Laptops,Onto,4,630.46,0.08,8.88,2320.09,263.96,0.11,Critical,UPI
ORD-12229,2025-02-24,Feb,2025,John Grant,New,Corporate,North,Tunisia,Wisconsin,Michellemouth,Office Supplies,Binders,Audience,9,574.87,0.16,42.13,4346.02,15.0,0.0,Critical,UPI
ORD-12230,2024-10-13,Oct,2024,Alexis Bishop,Returning,Consumer,Central,Nepal,Massachusetts,Austinmouth,Furniture,Tables,Develop,6,387.19,0.26,41.16,1719.12,-155.71,-0.09,High,Card
ORD-12231,2023-06-30,Jun,2023,Audrey Stein,Returning,Consumer,West,Nicaragua,Texas,Michelleview,Technology,Phones,Enter,1,176.85,0.0,36.65,176.85,27.15,0.15,Medium,Net Banking
ORD-12232,2023-07-19,Jul,2023,Jonathan Ramirez,New,Home Office,North,French Southern Territories,New Hampshire,Gardnerview,Office Supplies,Paper,Name,5,394.26,0.11,29.94,1754.46,183.22,0.1,Medium,Net Banking
ORD-12233,2024-10-16,Oct,2024,Christine Collins,VIP,Corporate,East,Guatemala,Wyoming,West Richard,Technology,Accessories,Tv,5,178.19,0.16,19.48,748.4,7.42,0.01,Critical,Cash
ORD-12234,2023-11-25,Nov,2023,Jeffrey Roberts,Returning,Consumer,Central,Poland,Colorado,Bobfort,Furniture,Tables,Need,8,625.42,0.04,44.2,4803.23,-282.13,-0.06,Medium,Cash
ORD-12235,2025-05-04,May,2025,Kristin Vasquez,VIP,Corporate,East,Sri Lanka,Colorado,Patrickchester,Office Supplies,Storage,Magazine,10,539.74,0.27,7.51,3940.1,1.28,0.0,Low,Card
ORD-12236,2023-10-19,Oct,2023,Tammy Chavez,VIP,Consumer,Central,Cape Verde,Maryland,New Amberfurt,Office Supplies,Paper,Up,2,244.04,0.01,48.51,483.2,80.78,0.17,High,Cash
ORD-12237,2023-02-19,Feb,2023,Jessica Duncan DDS,VIP,Home Office,Central,Palestinian Territory,New Hampshire,East Michaelfort,Furniture,Tables,Race,2,294.91,0.23,24.06,454.16,-37.47,-0.08,Medium,Net Banking
ORD-12238,2024-03-08,Mar,2024,Denise Pitts MD,VIP,Consumer,Central,Somalia,Montana,New Tonyhaven,Technology,Accessories,Employee,1,681.65,0.08,28.96,627.12,157.81,0.25,High,UPI
ORD-12239,2025-10-27,Oct,2025,James Harrison,VIP,Consumer,West,Iraq,New Hampshire,South Ginaview,Furniture,Tables,Everything,8,156.1,0.25,35.35,936.6,264.41,0.28,High,Net Banking
ORD-12240,2023-05-21,May,2023,Chad Mathis,VIP,Corporate,Central,Romania,Arizona,North Nicole,Technology,Laptops,Woman,9,628.96,0.06,12.06,5321.0,819.41,0.15,Critical,UPI
ORD-12241,2024-07-10,Jul,2024,Justin Sanchez,New,Consumer,East,Indonesia,Missouri,East Wendy,Furniture,Tables,Everything,10,170.63,0.11,17.09,1518.61,160.54,0.11,Medium,Net Banking
ORD-12242,2024-08-05,Aug,2024,Jonathan Joseph,New,Consumer,East,Chile,Missouri,Steventown,Office Supplies,Binders,Wrong,5,69.68,0.19,43.36,282.2,11.07,0.04,Low,Card
ORD-12243,2025-02-24,Feb,2025,Richard Gonzalez,New,Corporate,South,Timor-Leste,Georgia,Lake Kelsey,Office Supplies,Binders,Miss,2,515.03,0.18,41.31,844.65,152.57,0.18,Medium,Net Banking
ORD-12244,2023-08-18,Aug,2023,Christopher Sharp,New,Corporate,Central,Jordan,Georgia,Jaclynshire,Office Supplies,Binders,Result,8,227.05,0.06,13.91,1707.42,109.95,0.06,Medium,Net Banking
ORD-12245,2022-11-25,Nov,2022,Dustin Cole,New,Consumer,South,Bahrain,Kentucky,North Dawn,Furniture,Tables,Find,10,342.66,0.13,41.27,2981.14,46.94,0.02,Critical,Card
ORD-12246,2025-01-30,Jan,2025,Sean Wilson,New,Home Office,West,Tajikistan,Delaware,Port Susanborough,Furniture,Tables,Until,1,314.23,0.04,18.35,301.66,36.7,0.12,Medium,UPI
ORD-12247,2023-01-15,Jan,2023,Thomas Reed,New,Consumer,Central,Jersey,Wisconsin,Jeffberg,Technology,Phones,City,7,502.35,0.02,22.55,3446.12,903.0,0.26,Low,UPI
ORD-12248,2024-08-28,Aug,2024,Jacqueline Smith,VIP,Corporate,West,Saint Vincent and the Grenadines,Hawaii,East Kelly,Furniture,Chairs,Score,2,799.71,0.18,36.23,1311.52,237.21,0.18,Low,Net Banking
ORD-12249,2025-09-28,Sep,2025,Nicole Hayden,New,Home Office,West,Tonga,Minnesota,Lake Alishamouth,Technology,Laptops,Determine,7,692.6,0.17,31.33,4024.01,-1.6,0.0,High,Cash
ORD-12250,2023-01-22,Jan,2023,Cole Simpson,New,Home Office,West,Cyprus,Maine,Cruzburgh,Furniture,Chairs,Oil,2,687.52,0.22,41.89,1072.53,85.91,0.08,High,Net Banking
ORD-12251,2023-01-06,Jan,2023,Kendra Taylor,Returning,Consumer,North,Panama,Hawaii,East Crystalhaven,Technology,Phones,Such,10,444.01,0.14,45.26,3818.49,251.83,0.07,Low,Cash
ORD-12252,2024-12-29,Dec,2024,Dr. Timothy Castro,VIP,Corporate,West,Denmark,Iowa,Curtiston,Furniture,Chairs,Position,1,597.51,0.04,13.71,573.61,32.05,0.06,High,Net Banking
ORD-12253,2023-07-28,Jul,2023,Terri Sandoval,New,Home Office,North,Burkina Faso,Connecticut,Rossshire,Office Supplies,Binders,Account,2,380.5,0.09,6.18,692.51,123.72,0.18,Critical,Card
ORD-12254,2025-10-21,Oct,2025,Justin Ramsey,New,Home Office,East,Saint Barthelemy,Iowa,Thomasport,Office Supplies,Binders,Media,2,68.33,0.09,13.26,124.36,-4.39,-0.04,High,Net Banking
ORD-12255,2024-01-10,Jan,2024,Terry Parker,New,Corporate,South,Denmark,Washington,New Leon,Office Supplies,Storage,Field,2,417.0,0.04,19.76,800.64,209.29,0.26,Medium,Cash
ORD-12256,2024-01-03,Jan,2024,Courtney Elliott,New,Corporate,Central,Portugal,Ohio,Gregorychester,Technology,Accessories,Floor,8,634.24,0.02,40.81,4972.44,-396.68,-0.08,High,Cash
ORD-12257,2024-12-05,Dec,2024,Bridget Gonzalez,VIP,Consumer,North,Finland,New Hampshire,North Paulview,Office Supplies,Storage,Interview,7,449.65,0.12,47.67,2769.84,161.8,0.06,Low,Card
ORD-12258,2024-01-07,Jan,2024,Diana Young,New,Home Office,South,Swaziland,Arizona,New Gerald,Office Supplies,Binders,Brother,7,788.57,0.06,26.33,5188.79,339.5,0.07,Low,Net Banking
ORD-12259,2025-03-03,Mar,2025,John Wall,VIP,Consumer,West,Suriname,Montana,Destinyshire,Technology,Phones,Baby,2,55.96,0.28,45.79,80.58,17.72,0.22,Low,UPI
ORD-12260,2023-05-02,May,2023,Wendy Larson,VIP,Consumer,North,Cape Verde,Rhode Island,Cynthiatown,Furniture,Chairs,I,9,392.56,0.0,14.23,3533.04,606.3,0.17,Medium,UPI
ORD-12261,2024-12-07,Dec,2024,Ashley Johnson,VIP,Home Office,South,Suriname,Louisiana,Galvanburgh,Office Supplies,Storage,Nothing,2,704.41,0.23,35.05,1084.79,302.74,0.28,Low,Card
ORD-12262,2023-02-02,Feb,2023,Karen Cortez,VIP,Home Office,North,Sierra Leone,Delaware,Sotoberg,Furniture,Chairs,Remember,10,93.74,0.07,11.47,871.78,98.46,0.11,Low,Cash
ORD-12263,2023-04-11,Apr,2023,William Rowe,New,Corporate,West,Antigua and Barbuda,Illinois,Christophertown,Technology,Phones,Reality,1,720.51,0.17,45.48,598.02,-0.16,0.0,High,UPI
ORD-12264,2025-03-03,Mar,2025,Juan Herman,Returning,Corporate,North,Slovakia (Slovak Republic),Wisconsin,North Vanessa,Office Supplies,Paper,Place,5,155.4,0.23,22.86,598.29,108.45,0.18,Medium,Card
ORD-12265,2024-03-29,Mar,2024,Jeffrey Brown,Returning,Home Office,North,Cocos (Keeling) Islands,Texas,Donaldview,Office Supplies,Paper,My,7,719.72,0.02,17.41,4937.28,967.48,0.2,Medium,UPI
ORD-12266,2023-09-06,Sep,2023,Allison Mata,Returning,Consumer,North,Isle of Man,Vermont,Hubbardside,Office Supplies,Paper,Natural,2,503.29,0.19,15.22,815.33,-1.28,0.0,Medium,Cash
ORD-12267,2025-03-29,Mar,2025,Elizabeth Hudson,Returning,Home Office,Central,Colombia,Delaware,North Christophershire,Technology,Phones,Continue,6,129.01,0.18,17.41,634.73,41.31,0.07,Medium,Cash
ORD-12268,2025-05-06,May,2025,Wyatt Anderson,Returning,Consumer,South,Burkina Faso,Nebraska,South George,Furniture,Chairs,Blood,10,583.24,0.05,36.78,5540.78,6.11,0.0,High,UPI
ORD-12269,2023-05-06,May,2023,Kathleen Young,Returning,Home Office,West,Honduras,Alaska,Elizabethport,Technology,Phones,Project,5,358.87,0.28,35.13,1291.93,-56.35,-0.04,Medium,UPI
ORD-12270,2025-04-30,Apr,2025,Cody Lopez,New,Consumer,East,Dominica,New Hampshire,Lake Cassandra,Office Supplies,Storage,Human,6,672.85,0.06,10.92,3794.87,-324.66,-0.09,Critical,Card
ORD-12271,2025-01-03,Jan,2025,David Garcia,VIP,Consumer,North,Tokelau,Idaho,Cindyville,Furniture,Tables,Yeah,6,598.42,0.14,31.71,3087.85,18.21,0.01,Critical,Cash
ORD-12272,2023-08-13,Aug,2023,Alisha Bailey,Returning,Consumer,East,Maldives,Wisconsin,Erikaview,Technology,Laptops,Around,5,176.53,0.14,5.7,759.08,86.32,0.11,Low,UPI
ORD-12273,2023-09-30,Sep,2023,Jared Mason,VIP,Corporate,East,Lebanon,Iowa,New Christina,Furniture,Chairs,Officer,2,49.31,0.13,12.45,85.8,1.53,0.02,Low,Cash
ORD-12274,2025-03-16,Mar,2025,Kristine Deleon,VIP,Home Office,Central,Switzerland,New Mexico,Cynthiahaven,Technology,Accessories,Free,1,247.57,0.05,26.56,235.19,34.07,0.14,Critical,UPI
ORD-12275,2024-10-01,Oct,2024,Philip Potter,Returning,Consumer,East,Kuwait,Nevada,Kimberlyville,Technology,Laptops,Summer,8,504.47,0.04,29.97,3874.33,1092.17,0.28,Critical,UPI
ORD-12276,2023-03-18,Mar,2023,William Sullivan,VIP,Consumer,Central,Argentina,Tennessee,Jasmineton,Technology,Accessories,Edge,4,280.18,0.15,41.97,952.61,256.67,0.27,High,UPI
ORD-12277,2024-06-06,Jun,2024,Anita Perry,New,Consumer,North,Fiji,Massachusetts,West Angela,Furniture,Tables,Send,8,460.59,0.12,6.58,3242.55,568.13,0.18,High,UPI
ORD-12278,2025-10-15,Oct,2025,Donna Johnson,Returning,Corporate,North,American Samoa,Ohio,East Melindafurt,Office Supplies,Binders,Letter,1,353.6,0.0,48.29,353.6,49.12,0.14,Critical,UPI
ORD-12279,2025-09-03,Sep,2025,Christina Cortez,VIP,Consumer,North,Lithuania,Oregon,Greenhaven,Furniture,Bookcases,Hold,10,264.28,0.1,8.51,2378.52,-54.6,-0.02,High,Cash
ORD-12280,2023-01-28,Jan,2023,Patricia Kane,Returning,Consumer,North,Bermuda,Oklahoma,Robinsonburgh,Office Supplies,Storage,That,1,606.04,0.12,16.31,533.32,108.85,0.2,High,Cash
ORD-12281,2023-09-10,Sep,2023,Michael Owen,New,Home Office,South,Djibouti,Arizona,South Vanessa,Furniture,Bookcases,Yourself,10,90.24,0.06,37.85,848.26,76.86,0.09,Low,UPI
ORD-12282,2024-12-09,Dec,2024,Stephen Armstrong,VIP,Corporate,Central,Romania,Indiana,Joelfort,Technology,Laptops,Prove,3,179.65,0.04,34.21,517.39,9.28,0.02,Medium,Card
ORD-12283,2024-11-11,Nov,2024,Francisco Bruce,VIP,Consumer,West,Cocos (Keeling) Islands,Hawaii,Port Jasmine,Technology,Laptops,Will,4,304.93,0.04,10.2,1170.93,12.66,0.01,High,UPI
ORD-12284,2022-12-23,Dec,2022,Joel Porter,New,Corporate,East,Myanmar,Illinois,New Scottfort,Office Supplies,Paper,While,6,458.95,0.02,5.8,2698.63,755.08,0.28,High,UPI
ORD-12285,2022-12-13,Dec,2022,Duane Rivera,New,Home Office,East,Macao,South Carolina,East Samuelhaven,Office Supplies,Paper,Peace,5,374.1,0.17,40.43,1552.51,86.89,0.06,High,UPI
ORD-12286,2025-09-05,Sep,2025,Timothy Woodard,New,Corporate,West,United Arab Emirates,Louisiana,South Scottside,Technology,Phones,Dog,3,414.21,0.23,37.95,956.83,36.41,0.04,Low,Cash
ORD-12287,2025-08-30,Aug,2025,Richard Martin,VIP,Corporate,North,Qatar,Kansas,Mitchellville,Office Supplies,Binders,Establish,4,82.17,0.06,38.85,308.96,-16.0,-0.05,Medium,Cash
ORD-12288,2025-09-15,Sep,2025,Heather King,New,Corporate,Central,Bolivia,Washington,Hobbsland,Technology,Accessories,Everyone,7,691.99,0.21,44.34,3826.7,1009.29,0.26,Critical,Cash
ORD-12289,2022-12-09,Dec,2022,Michelle Hunter,VIP,Consumer,South,Ukraine,California,Port Stephanie,Technology,Phones,Live,8,337.35,0.21,39.04,2132.05,351.21,0.16,Low,Net Banking
ORD-12290,2023-11-01,Nov,2023,Stephanie Robles,VIP,Home Office,East,Liechtenstein,Oklahoma,New Jameston,Technology,Accessories,Green,9,187.91,0.17,43.83,1403.69,-37.01,-0.03,Medium,Card
ORD-12291,2025-04-26,Apr,2025,Sarah Schmidt,Returning,Consumer,West,Venezuela,Minnesota,New Richardmouth,Office Supplies,Storage,Work,3,198.18,0.02,15.98,582.65,123.14,0.21,Medium,Card
ORD-12292,2024-06-13,Jun,2024,Ashley Acosta,New,Home Office,South,Guam,Mississippi,East Matthew,Office Supplies,Binders,Drop,1,184.51,0.04,34.49,177.13,-10.54,-0.06,Medium,UPI
ORD-12293,2025-06-14,Jun,2025,Charles Singh,VIP,Home Office,East,Oman,Texas,South Jacquelineberg,Furniture,Chairs,Money,4,650.9,0.28,44.81,1874.59,537.37,0.29,Medium,Card
ORD-12294,2022-12-15,Dec,2022,Kayla Meza,VIP,Corporate,North,Iceland,Washington,Jamesburgh,Furniture,Bookcases,Room,6,490.06,0.0,18.78,2940.36,163.47,0.06,Medium,Net Banking
ORD-12295,2024-12-15,Dec,2024,Joseph Pierce,VIP,Consumer,East,Namibia,Florida,Howefurt,Technology,Phones,Goal,10,779.48,0.21,18.13,6157.89,-117.19,-0.02,Critical,UPI
ORD-12296,2024-06-29,Jun,2024,Joseph Wright,Returning,Corporate,South,Saudi Arabia,Kansas,Lake Sethhaven,Technology,Laptops,Need,6,568.07,0.26,13.47,2522.23,-221.41,-0.09,Low,Net Banking
ORD-12297,2024-11-01,Nov,2024,Julie Cannon,VIP,Corporate,South,Mali,Maryland,Jenkinsland,Technology,Accessories,With,7,131.17,0.1,32.1,826.37,2.23,0.0,Low,Net Banking
ORD-12298,2024-05-12,May,2024,Patty Thomas,Returning,Consumer,East,Tanzania,Oklahoma,Santosmouth,Technology,Accessories,Often,2,712.31,0.04,38.29,1367.64,-112.78,-0.08,Critical,Net Banking
ORD-12299,2025-11-15,Nov,2025,Kristen Mccall MD,Returning,Consumer,East,Macao,Florida,Port Margaret,Office Supplies,Storage,Avoid,10,257.31,0.22,42.09,2007.02,330.39,0.16,High,Net Banking
ORD-12300,2023-03-01,Mar,2023,Tammy Sutton,New,Consumer,East,Madagascar,Illinois,North Kristi,Technology,Phones,True,1,652.47,0.11,36.61,580.7,-39.8,-0.07,Medium,UPI
ORD-12301,2025-10-09,Oct,2025,Valerie Rice,Returning,Home Office,West,Jamaica,Louisiana,Leeville,Furniture,Bookcases,Truth,2,660.64,0.0,29.64,1321.28,392.69,0.3,Low,Cash
ORD-12302,2025-10-24,Oct,2025,Emily Andrade,New,Consumer,Central,Vanuatu,Rhode Island,Port Christinabury,Furniture,Tables,Apply,5,42.67,0.09,25.21,194.15,-6.89,-0.04,High,UPI
ORD-12303,2025-06-03,Jun,2025,David Saunders,Returning,Consumer,West,Dominican Republic,Vermont,Kristopherland,Office Supplies,Paper,Participant,2,646.47,0.05,33.89,1228.29,82.85,0.07,Low,UPI
ORD-12304,2024-03-14,Mar,2024,Christopher King,VIP,Corporate,West,Ukraine,Kansas,East Williamfurt,Technology,Accessories,Practice,1,594.58,0.28,23.38,428.1,119.52,0.28,High,UPI
ORD-12305,2025-07-12,Jul,2025,Brooke Maldonado,New,Home Office,East,Spain,Idaho,Harrisport,Technology,Phones,Threat,10,324.82,0.28,28.24,2338.7,130.59,0.06,Medium,Cash
ORD-12306,2025-09-25,Sep,2025,Leslie Smith,VIP,Consumer,Central,Cambodia,Wyoming,New Jessicahaven,Technology,Laptops,Happen,8,186.14,0.17,18.4,1235.97,-89.67,-0.07,Medium,Net Banking
ORD-12307,2025-09-07,Sep,2025,Scott Nichols,VIP,Corporate,East,Nigeria,North Dakota,East Stacy,Office Supplies,Paper,Him,6,496.19,0.12,39.95,2619.88,37.37,0.01,Low,UPI
ORD-12308,2023-07-22,Jul,2023,James Keller,Returning,Corporate,West,Bahamas,Massachusetts,West Sarahville,Furniture,Chairs,Want,1,730.33,0.28,35.53,525.84,71.09,0.14,Critical,Card
ORD-12309,2024-01-29,Jan,2024,Robert Richardson,VIP,Home Office,North,Cameroon,Kentucky,West Andrew,Technology,Phones,Trouble,7,72.94,0.05,15.36,485.05,-3.46,-0.01,Low,UPI
ORD-12310,2023-03-29,Mar,2023,Sarah Hughes,Returning,Home Office,West,Iran,Indiana,West Leslie,Technology,Accessories,Necessary,3,21.05,0.29,16.6,44.84,11.74,0.26,Critical,UPI
ORD-12311,2025-01-12,Jan,2025,Cory Long,Returning,Consumer,Central,Antarctica (the territory South of 60 deg S),Mississippi,Lake Eric,Technology,Phones,Conference,3,271.07,0.01,6.0,805.08,-62.7,-0.08,Medium,Cash
ORD-12312,2025-01-15,Jan,2025,Justin Garrett,VIP,Corporate,East,Malawi,Montana,Hughesbury,Furniture,Chairs,Instead,10,440.75,0.25,28.12,3305.62,691.47,0.21,Medium,UPI
ORD-12313,2023-02-25,Feb,2023,Patricia Hensley,Returning,Consumer,East,Western Sahara,Louisiana,East Patrickmouth,Furniture,Tables,Food,2,722.15,0.03,42.15,1400.97,320.14,0.23,Medium,Cash
ORD-12314,2024-09-16,Sep,2024,Karen Hicks,Returning,Consumer,South,Qatar,Montana,Garrettton,Technology,Laptops,Wish,9,42.26,0.18,6.77,311.88,-7.7,-0.02,Low,Card
ORD-12315,2023-08-27,Aug,2023,Evelyn Harris,Returning,Consumer,North,French Polynesia,Florida,New Rodney,Furniture,Tables,Affect,2,732.81,0.22,46.08,1143.18,32.01,0.03,Low,Net Banking
ORD-12316,2024-10-28,Oct,2024,Richard Arias,Returning,Consumer,South,Portugal,West Virginia,West Karen,Technology,Laptops,Approach,7,698.07,0.3,12.81,3420.54,179.71,0.05,Medium,Cash
ORD-12317,2025-11-20,Nov,2025,Brendan Brown,Returning,Corporate,East,Nauru,Nebraska,New Maria,Furniture,Tables,Help,8,489.9,0.05,42.64,3723.24,808.51,0.22,Critical,UPI
ORD-12318,2025-03-27,Mar,2025,Michelle Johnson,VIP,Corporate,South,Thailand,Washington,Jessicatown,Technology,Accessories,Music,3,127.03,0.27,27.38,278.2,-9.86,-0.04,Low,Net Banking
ORD-12319,2024-04-30,Apr,2024,Jeanne Gardner,Returning,Corporate,Central,Afghanistan,Idaho,North Aprilshire,Furniture,Bookcases,News,6,441.53,0.08,37.3,2437.25,-45.81,-0.02,High,Card
ORD-12320,2025-03-12,Mar,2025,Christina Garcia,Returning,Corporate,South,Greenland,North Carolina,Port Jason,Technology,Phones,Crime,10,565.92,0.14,46.05,4866.91,602.05,0.12,Medium,Cash
ORD-12321,2025-07-07,Jul,2025,Sarah Cooley,New,Corporate,North,Liberia,Florida,Port Jenniferchester,Furniture,Tables,Responsibility,1,571.23,0.06,48.56,536.96,-6.96,-0.01,Critical,Card
ORD-12322,2025-02-28,Feb,2025,Erin Lewis,VIP,Consumer,Central,Mongolia,West Virginia,Laurenstad,Office Supplies,Paper,Technology,9,490.92,0.07,23.49,4109.0,998.17,0.24,Critical,UPI
ORD-12323,2023-10-06,Oct,2023,Daniel Mosley MD,New,Corporate,East,Liberia,California,North Heidifurt,Technology,Laptops,Nation,7,353.68,0.19,23.6,2005.37,599.32,0.3,Low,Net Banking
ORD-12324,2025-05-13,May,2025,Sherry Boyd,New,Corporate,North,Guatemala,Alabama,Simpsonchester,Technology,Laptops,Rate,7,421.19,0.27,19.2,2152.28,-159.2,-0.07,Low,Card
ORD-12325,2025-03-14,Mar,2025,David Dean,New,Corporate,East,Svalbard & Jan Mayen Islands,Montana,Christinaberg,Office Supplies,Paper,Grow,3,775.6,0.27,43.05,1698.56,77.26,0.05,Medium,Net Banking
ORD-12326,2024-06-29,Jun,2024,James Romero,Returning,Consumer,West,Comoros,California,North Andrea,Office Supplies,Binders,Others,2,48.1,0.05,7.48,91.39,11.67,0.13,High,Net Banking
ORD-12327,2025-09-16,Sep,2025,Deborah Swanson,VIP,Corporate,West,Macao,New Hampshire,Carolynstad,Office Supplies,Binders,Second,9,557.22,0.27,19.23,3660.94,710.35,0.19,Critical,Cash
ORD-12328,2025-05-21,May,2025,Michael Rhodes,VIP,Consumer,North,Gabon,Montana,Foleyfurt,Office Supplies,Binders,Police,1,727.55,0.14,11.84,625.69,133.06,0.21,Low,UPI
ORD-12329,2025-09-06,Sep,2025,Wendy Campbell,New,Consumer,West,Lebanon,Maryland,Ashleyfurt,Technology,Laptops,Ball,3,431.88,0.12,44.31,1140.16,-1.39,0.0,Critical,Card
ORD-12330,2024-09-29,Sep,2024,Tyler Torres,New,Home Office,Central,Kenya,Georgia,West Nathanmouth,Technology,Laptops,Force,1,481.89,0.21,45.56,380.69,90.12,0.24,Low,Net Banking
ORD-12331,2024-10-31,Oct,2024,Erin Jimenez,VIP,Home Office,Central,Saint Kitts and Nevis,Vermont,New Hannahstad,Technology,Accessories,In,6,177.38,0.05,40.61,1011.07,301.76,0.3,High,Cash
ORD-12332,2025-07-15,Jul,2025,Jonathan Sutton,VIP,Consumer,North,Liberia,Minnesota,New Dominiqueton,Furniture,Chairs,Pick,4,170.69,0.14,31.66,587.17,131.64,0.22,Low,Card
ORD-12333,2025-02-20,Feb,2025,Joshua Brock,VIP,Corporate,South,Bermuda,Alaska,Ericton,Technology,Phones,Offer,7,620.55,0.07,9.79,4039.78,871.41,0.22,Medium,Net Banking
ORD-12334,2025-04-22,Apr,2025,Crystal Lucas,Returning,Consumer,West,Mauritius,Oregon,Anthonystad,Furniture,Tables,New,6,74.32,0.15,22.68,379.03,101.32,0.27,High,Card
ORD-12335,2025-09-28,Sep,2025,Jeremiah Ford,VIP,Home Office,East,Kiribati,Minnesota,Smithchester,Technology,Laptops,Benefit,1,289.47,0.07,40.3,269.21,58.33,0.22,High,UPI
ORD-12336,2025-06-18,Jun,2025,Stephen Riggs,New,Home Office,West,Namibia,Georgia,South Jeffreyberg,Furniture,Tables,Food,4,309.87,0.25,24.78,929.61,179.55,0.19,Critical,Cash
ORD-12337,2023-08-03,Aug,2023,Roy Mcclure,New,Home Office,East,Tanzania,Texas,West Calvin,Office Supplies,Binders,Until,5,442.51,0.17,20.81,1836.42,148.91,0.08,Medium,Card
ORD-12338,2023-07-12,Jul,2023,Zachary Torres,New,Consumer,East,Guinea,Wisconsin,Lake Stephen,Furniture,Chairs,Guy,8,669.52,0.08,23.67,4927.67,553.25,0.11,High,Net Banking
ORD-12339,2025-07-22,Jul,2025,Ryan Jefferson,VIP,Consumer,East,Guam,Pennsylvania,Port Mark,Technology,Laptops,Top,6,537.58,0.26,23.98,2386.86,-4.89,0.0,Medium,Card
ORD-12340,2023-05-14,May,2023,John Ward,VIP,Home Office,East,Mali,California,Port Mary,Office Supplies,Binders,Young,4,218.36,0.21,34.93,690.02,9.62,0.01,Critical,Card
ORD-12341,2023-11-05,Nov,2023,Eric Daniel,VIP,Home Office,North,China,Iowa,Brittanyshire,Furniture,Bookcases,Learn,7,93.83,0.13,24.59,571.42,18.12,0.03,High,Card
ORD-12342,2025-09-24,Sep,2025,Diana Sanchez,VIP,Home Office,South,Serbia,Missouri,Lake Kaitlyn,Office Supplies,Binders,Consumer,10,518.93,0.14,49.93,4462.8,1095.14,0.25,Low,Cash
ORD-12343,2023-07-06,Jul,2023,Cynthia Johnson,Returning,Home Office,West,Syrian Arab Republic,New Hampshire,South Christopher,Furniture,Chairs,Theory,10,663.81,0.07,21.24,6173.43,39.35,0.01,Medium,UPI
ORD-12344,2025-09-22,Sep,2025,Timothy Bell,Returning,Corporate,East,Mauritania,Virginia,Jennifertown,Furniture,Chairs,South,2,418.65,0.28,39.77,602.86,156.21,0.26,Medium,Cash
ORD-12345,2025-03-05,Mar,2025,Daniel Harper,VIP,Home Office,Central,Cocos (Keeling) Islands,California,Dukeshire,Technology,Phones,Can,10,55.24,0.06,40.22,519.26,64.27,0.12,High,Cash
ORD-12346,2023-01-04,Jan,2023,Cynthia Smith,Returning,Home Office,North,Fiji,South Dakota,Jameshaven,Technology,Laptops,Away,4,469.32,0.21,44.01,1483.05,-135.26,-0.09,High,UPI
ORD-12347,2025-03-17,Mar,2025,Michael Ball,VIP,Consumer,West,Chile,Virginia,Glennstad,Technology,Accessories,Light,5,482.15,0.02,8.4,2362.53,558.46,0.24,Medium,UPI
ORD-12348,2023-03-14,Mar,2023,Michele Thomas,Returning,Corporate,West,Liberia,Alaska,Joelborough,Office Supplies,Storage,Piece,9,373.17,0.3,40.27,2350.97,-120.15,-0.05,High,Net Banking
ORD-12349,2025-06-15,Jun,2025,Roberto Gardner,VIP,Home Office,North,French Polynesia,Utah,Melanieborough,Furniture,Tables,Live,9,757.04,0.26,23.72,5041.89,-473.16,-0.09,Low,Net Banking
ORD-12350,2025-08-31,Aug,2025,Ashley Nguyen,VIP,Home Office,West,Belgium,Missouri,Port Rebecca,Furniture,Chairs,Sure,9,562.28,0.02,25.75,4959.31,1464.88,0.3,High,Card
ORD-12351,2025-11-17,Nov,2025,Bradley Nelson,VIP,Corporate,Central,Peru,Delaware,Port Kristinashire,Furniture,Chairs,Member,3,439.33,0.19,47.04,1067.57,6.56,0.01,High,Net Banking
ORD-12352,2024-11-15,Nov,2024,William Robbins,Returning,Home Office,South,Greenland,Rhode Island,Port Josephbury,Office Supplies,Storage,Image,2,597.61,0.19,44.1,968.13,-7.66,-0.01,Low,Cash
ORD-12353,2024-10-17,Oct,2024,Maria Walker,Returning,Corporate,North,Philippines,Michigan,Fitzpatrickton,Furniture,Tables,Decide,3,448.15,0.27,8.39,981.45,263.72,0.27,Low,Card
ORD-12354,2024-03-14,Mar,2024,Jeffrey Sloan,Returning,Home Office,Central,Armenia,Ohio,Yorkview,Furniture,Bookcases,Land,3,481.55,0.23,37.35,1112.38,258.52,0.23,Low,Cash
ORD-12355,2024-09-01,Sep,2024,Julian Schaefer,VIP,Consumer,North,Dominican Republic,Iowa,Port Michael,Furniture,Bookcases,Life,9,426.7,0.27,24.62,2803.42,264.9,0.09,Critical,Card
ORD-12356,2025-05-28,May,2025,Charlotte Fowler MD,VIP,Consumer,East,Austria,New York,East Raymondtown,Technology,Phones,Figure,9,504.56,0.3,45.23,3178.73,536.95,0.17,Low,UPI
ORD-12357,2025-03-05,Mar,2025,Barry Hodges,VIP,Corporate,West,Aruba,West Virginia,Heathertown,Office Supplies,Binders,Interesting,8,714.17,0.04,26.59,5484.83,-110.15,-0.02,Medium,Card
ORD-12358,2023-11-06,Nov,2023,Mark Guerrero,VIP,Corporate,West,Paraguay,Colorado,Fowlermouth,Furniture,Bookcases,Thus,10,301.72,0.21,30.38,2383.59,158.24,0.07,Low,Card
ORD-12359,2025-03-10,Mar,2025,Lisa White,VIP,Home Office,South,Congo,Pennsylvania,West Stevenburgh,Furniture,Chairs,Realize,2,653.47,0.2,15.09,1045.55,51.18,0.05,Low,Net Banking
ORD-12360,2024-06-13,Jun,2024,Justin Mack,VIP,Consumer,West,Monaco,Georgia,Kristentown,Office Supplies,Storage,Discover,10,17.69,0.16,43.83,148.6,-9.52,-0.06,Medium,Card
ORD-12361,2024-12-09,Dec,2024,Daniel Gallagher,Returning,Consumer,North,Lao People's Democratic Republic,West Virginia,Jeffreymouth,Office Supplies,Binders,Price,1,406.28,0.08,14.58,373.78,24.09,0.06,Critical,UPI
ORD-12362,2024-03-25,Mar,2024,Jason Little,Returning,Home Office,West,Turks and Caicos Islands,Vermont,Port Douglas,Office Supplies,Storage,Should,2,775.85,0.05,23.55,1474.12,-110.47,-0.07,Medium,UPI
ORD-12363,2025-09-23,Sep,2025,Cynthia Bradford,VIP,Consumer,South,Lesotho,Virginia,Jamesburgh,Office Supplies,Paper,Next,1,602.02,0.19,12.52,487.64,60.98,0.13,Low,Card
ORD-12364,2025-06-22,Jun,2025,Paul Hoffman,VIP,Home Office,East,Armenia,Pennsylvania,Danielbury,Office Supplies,Binders,Range,6,611.13,0.23,24.37,2823.42,248.8,0.09,High,Cash
ORD-12365,2023-05-18,May,2023,Jillian Alvarez,Returning,Home Office,North,Bouvet Island (Bouvetoya),Alabama,Lake Michaelside,Technology,Laptops,Including,8,671.77,0.12,31.23,4729.26,1280.02,0.27,Critical,UPI
ORD-12366,2025-07-13,Jul,2025,Billy Moody,VIP,Consumer,East,Cyprus,Delaware,Malonebury,Office Supplies,Binders,Before,3,359.17,0.17,23.26,894.33,-48.19,-0.05,High,Cash
ORD-12367,2023-05-15,May,2023,Jordan Wilson,VIP,Consumer,North,Switzerland,California,Barbaraberg,Office Supplies,Binders,Order,6,317.28,0.05,33.97,1808.5,7.8,0.0,Critical,Card
ORD-12368,2025-09-22,Sep,2025,Jeffrey Bernard,VIP,Corporate,East,Liechtenstein,Maryland,Davidberg,Office Supplies,Binders,Father,7,128.46,0.1,18.91,809.3,-66.25,-0.08,Low,UPI
ORD-12369,2024-08-08,Aug,2024,Robin Jackson,New,Corporate,South,Saint Kitts and Nevis,Connecticut,West Bryan,Technology,Accessories,Big,10,713.44,0.18,32.89,5850.21,517.3,0.09,Medium,Cash
ORD-12370,2023-10-09,Oct,2023,Justin Rodriguez,Returning,Home Office,North,Ireland,Montana,Charlesview,Office Supplies,Paper,Base,1,39.7,0.06,14.18,37.32,3.32,0.09,High,Net Banking
ORD-12371,2024-12-04,Dec,2024,Brandy Dudley,New,Home Office,East,Bouvet Island (Bouvetoya),Vermont,South Barbara,Office Supplies,Paper,Commercial,2,380.15,0.11,31.87,676.67,53.01,0.08,High,UPI
ORD-12372,2025-05-21,May,2025,Tyler Hodge,Returning,Corporate,East,Turkmenistan,New York,Robinsonburgh,Technology,Phones,Some,8,697.68,0.25,23.01,4186.08,957.21,0.23,High,UPI
ORD-12373,2024-06-06,Jun,2024,Jennifer Jones,New,Corporate,West,Rwanda,Oregon,West Gary,Furniture,Chairs,Human,6,315.2,0.23,7.44,1456.22,12.84,0.01,Critical,Net Banking
ORD-12374,2025-06-16,Jun,2025,Dennis Evans,New,Corporate,Central,Korea,Massachusetts,North Robertview,Office Supplies,Binders,Yourself,5,180.52,0.18,6.66,740.13,34.04,0.05,Low,Net Banking
ORD-12375,2025-11-11,Nov,2025,Steven Moore,New,Consumer,Central,Cuba,Vermont,East Jamiestad,Office Supplies,Binders,Face,2,21.93,0.23,30.86,33.77,3.36,0.1,Low,Cash
ORD-12376,2023-10-09,Oct,2023,Richard Bell,Returning,Home Office,West,Myanmar,Michigan,East Nancy,Furniture,Chairs,Away,8,440.93,0.05,44.27,3351.07,-79.27,-0.02,Medium,Card
ORD-12377,2024-03-27,Mar,2024,Connor Olson,Returning,Consumer,Central,Turkey,New York,South James,Furniture,Chairs,Modern,6,742.14,0.19,10.95,3606.8,1050.24,0.29,Medium,UPI
ORD-12378,2023-09-07,Sep,2023,Anne Hill,Returning,Home Office,Central,Malawi,North Carolina,Burgessstad,Technology,Phones,Part,7,552.61,0.24,44.1,2939.89,373.66,0.13,Low,Card
ORD-12379,2025-03-24,Mar,2025,Manuel Thompson,VIP,Consumer,Central,Tajikistan,Massachusetts,Kennethtown,Technology,Phones,Your,9,662.64,0.29,18.35,4234.27,1023.89,0.24,Medium,Net Banking
ORD-12380,2023-02-14,Feb,2023,Brenda Chapman,Returning,Corporate,South,Cook Islands,Hawaii,Robertsonstad,Office Supplies,Paper,Personal,5,157.88,0.18,30.45,647.31,162.0,0.25,Low,Net Banking
ORD-12381,2023-10-18,Oct,2023,Brian Brown,New,Home Office,Central,Falkland Islands (Malvinas),Colorado,Brownmouth,Technology,Accessories,Threat,6,244.79,0.22,20.48,1145.62,174.4,0.15,Critical,Card
ORD-12382,2023-10-17,Oct,2023,Karen Vargas,New,Corporate,Central,Botswana,Michigan,Port Cassandratown,Technology,Laptops,Center,8,553.58,0.16,28.13,3720.06,364.76,0.1,Medium,Cash
ORD-12383,2023-03-06,Mar,2023,Eric Shaw,New,Home Office,Central,Liberia,Oregon,East Stacey,Office Supplies,Binders,Either,5,369.06,0.28,19.57,1328.62,41.26,0.03,Medium,Net Banking
ORD-12384,2024-12-10,Dec,2024,Tiffany Gonzalez,New,Consumer,Central,Uzbekistan,Oregon,Thomasland,Office Supplies,Binders,Others,1,404.21,0.08,7.37,371.87,-29.46,-0.08,Medium,Card
ORD-12385,2024-11-26,Nov,2024,Lisa Huynh,VIP,Consumer,East,Jersey,New Jersey,North Danielfort,Office Supplies,Paper,Seem,9,332.75,0.29,18.46,2126.27,-49.02,-0.02,Low,Cash
ORD-12386,2025-11-11,Nov,2025,Ashley Dixon,VIP,Corporate,West,Russian Federation,New Jersey,Port Melissatown,Office Supplies,Storage,Look,3,246.7,0.26,30.01,547.67,144.83,0.26,Critical,Card
ORD-12387,2023-07-23,Jul,2023,Robert Patton,VIP,Corporate,South,Grenada,Montana,Lake Michael,Furniture,Chairs,Act,4,166.88,0.04,36.53,640.82,64.84,0.1,High,UPI
ORD-12388,2025-07-26,Jul,2025,Tammy Taylor,New,Consumer,North,Kiribati,Colorado,Anthonystad,Technology,Accessories,Specific,7,337.23,0.3,5.49,1652.43,76.91,0.05,Critical,Net Banking
ORD-12389,2022-12-22,Dec,2022,Destiny Murray,New,Corporate,South,Timor-Leste,Ohio,Port Johnchester,Office Supplies,Paper,Majority,5,65.83,0.2,46.08,263.32,47.72,0.18,Critical,Cash
ORD-12390,2023-10-04,Oct,2023,John Fowler,New,Home Office,East,Belize,North Dakota,Kevinton,Furniture,Bookcases,Five,9,374.19,0.22,43.11,2626.81,516.34,0.2,Critical,Card
ORD-12391,2024-09-27,Sep,2024,Deborah Harris,VIP,Corporate,West,United Kingdom,Indiana,New Joshua,Technology,Laptops,All,7,96.78,0.12,10.73,596.16,70.09,0.12,Critical,Card
ORD-12392,2025-01-30,Jan,2025,Tracy Smith,VIP,Corporate,North,Korea,Ohio,Jonathanshire,Technology,Laptops,Should,5,628.04,0.29,19.4,2229.54,309.09,0.14,High,UPI
ORD-12393,2023-08-01,Aug,2023,Jeffrey Lopez,Returning,Corporate,North,United States Minor Outlying Islands,Oregon,Russellburgh,Furniture,Tables,Great,5,319.92,0.17,13.44,1327.67,-4.85,0.0,High,Card
ORD-12394,2024-04-05,Apr,2024,Beth Waters,New,Consumer,South,Slovakia (Slovak Republic),Nebraska,East Cynthia,Technology,Phones,Which,8,370.34,0.0,35.91,2962.72,724.29,0.24,Low,UPI
ORD-12395,2025-02-03,Feb,2025,Monica Porter,Returning,Consumer,South,Afghanistan,Vermont,East Jasonport,Technology,Phones,Tv,2,87.66,0.07,26.37,163.05,-15.12,-0.09,Medium,Card
ORD-12396,2024-10-02,Oct,2024,Mrs. Carolyn Taylor,Returning,Home Office,South,Afghanistan,California,East Jamie,Office Supplies,Binders,World,4,591.43,0.06,20.93,2223.78,404.62,0.18,Critical,Net Banking
ORD-12397,2023-12-07,Dec,2023,Kelly Poole,Returning,Consumer,North,New Zealand,California,Rachelfort,Furniture,Chairs,Past,10,61.01,0.14,25.95,524.69,16.92,0.03,Critical,Net Banking
ORD-12398,2024-04-03,Apr,2024,Michael Brewer,Returning,Home Office,South,French Southern Territories,Pennsylvania,Tinaton,Office Supplies,Storage,Speech,4,500.79,0.11,26.61,1782.81,-137.98,-0.08,High,UPI
ORD-12399,2024-11-17,Nov,2024,Laura Gillespie,Returning,Home Office,North,Antarctica (the territory South of 60 deg S),Tennessee,Lake David,Technology,Phones,Have,5,502.93,0.18,30.97,2062.01,49.59,0.02,Low,Card
ORD-12400,2024-12-29,Dec,2024,Christine Aguilar,New,Home Office,Central,Canada,Oklahoma,Woodton,Furniture,Chairs,Three,7,457.32,0.08,9.89,2945.14,-86.63,-0.03,Medium,Card
ORD-12401,2023-07-01,Jul,2023,Nicholas Coleman,VIP,Home Office,South,Bahamas,Nebraska,New Mark,Office Supplies,Storage,Size,1,174.58,0.03,42.73,169.34,15.68,0.09,Medium,Card
ORD-12402,2025-01-21,Jan,2025,David Cruz,VIP,Consumer,South,Guernsey,South Dakota,New Leahborough,Furniture,Chairs,Bed,2,714.83,0.18,22.42,1172.32,117.14,0.1,Critical,Card
ORD-12403,2023-03-10,Mar,2023,Deborah Oliver,Returning,Consumer,West,Spain,Connecticut,Molinafurt,Technology,Accessories,People,2,742.19,0.26,6.62,1098.44,208.97,0.19,Critical,Card
ORD-12404,2025-03-13,Mar,2025,Joan Fitzgerald,New,Home Office,North,Tonga,Tennessee,Nicholasbury,Furniture,Chairs,Cold,5,128.38,0.23,43.4,494.26,136.37,0.28,Medium,Net Banking
ORD-12405,2024-06-22,Jun,2024,Christopher Taylor,VIP,Corporate,Central,Greenland,Louisiana,Lake Deanna,Office Supplies,Storage,Find,4,517.26,0.03,13.62,2006.97,186.62,0.09,High,Card
ORD-12406,2023-01-03,Jan,2023,Betty Ramirez,Returning,Consumer,North,Tanzania,California,South Kristinaborough,Office Supplies,Paper,Western,5,321.11,0.14,8.32,1380.77,220.88,0.16,Low,Net Banking
ORD-12407,2025-09-22,Sep,2025,Mikayla Jordan,Returning,Home Office,Central,Mexico,California,Port Robertshire,Technology,Laptops,Field,8,336.15,0.16,20.8,2258.93,670.14,0.3,Low,UPI
ORD-12408,2025-09-22,Sep,2025,Alan Delgado,VIP,Home Office,North,Vietnam,Illinois,Pamelastad,Furniture,Tables,Turn,7,99.1,0.26,42.81,513.34,138.68,0.27,Low,UPI
ORD-12409,2025-11-02,Nov,2025,Edwin Rios,New,Consumer,East,China,Hawaii,Newmanfurt,Technology,Laptops,Game,4,98.35,0.23,24.47,302.92,36.45,0.12,Critical,Cash
ORD-12410,2024-07-28,Jul,2024,Julie Cole,New,Corporate,Central,Saint Kitts and Nevis,Tennessee,South Tylerport,Furniture,Chairs,Practice,5,271.24,0.19,42.79,1098.52,89.32,0.08,Critical,Cash
ORD-12411,2024-11-06,Nov,2024,Jonathan Roberts,Returning,Corporate,West,Singapore,New York,South Belindachester,Technology,Phones,Perhaps,1,199.58,0.29,11.85,141.7,17.1,0.12,Critical,Card
ORD-12412,2024-04-01,Apr,2024,Trevor Smith,New,Corporate,West,Liechtenstein,Indiana,Port Kathleenburgh,Furniture,Chairs,Usually,10,516.96,0.27,39.17,3773.81,-89.94,-0.02,High,UPI
ORD-12413,2023-01-14,Jan,2023,Steven Boyd,Returning,Home Office,South,Bosnia and Herzegovina,Maine,Maryport,Furniture,Chairs,Shoulder,4,155.49,0.16,35.43,522.45,106.37,0.2,Critical,Cash
ORD-12414,2023-11-24,Nov,2023,Erica Chapman,Returning,Home Office,North,Monaco,Arkansas,Lake Debraview,Technology,Laptops,Because,8,218.73,0.2,20.68,1399.87,-69.89,-0.05,Low,Card
ORD-12415,2025-02-03,Feb,2025,Colleen Moreno,VIP,Corporate,West,Saint Lucia,Iowa,West Feliciastad,Furniture,Chairs,Someone,7,298.15,0.19,11.02,1690.51,218.38,0.13,High,Cash
ORD-12416,2023-07-24,Jul,2023,Courtney Brown,Returning,Consumer,West,Zimbabwe,Nevada,Port Laura,Furniture,Chairs,Agent,9,698.4,0.22,40.68,4902.77,1401.98,0.29,Medium,Card
ORD-12417,2023-01-17,Jan,2023,Caleb Castillo,New,Corporate,East,Cayman Islands,Utah,Port Nathanport,Furniture,Bookcases,Wait,7,74.56,0.07,12.67,485.39,19.58,0.04,Low,Net Banking
ORD-12418,2024-02-22,Feb,2024,Lisa Leblanc,VIP,Consumer,West,Fiji,Indiana,New Taylor,Furniture,Chairs,Where,2,47.93,0.11,22.24,85.32,-2.66,-0.03,Low,Cash
ORD-12419,2023-02-27,Feb,2023,Anthony Perkins MD,Returning,Home Office,North,Nauru,Oklahoma,Alexandraside,Office Supplies,Binders,Project,7,321.41,0.04,35.28,2159.88,315.84,0.15,High,Net Banking
ORD-12420,2023-11-05,Nov,2023,Mr. Brent Carpenter,Returning,Corporate,North,Korea,Iowa,Hodgeberg,Office Supplies,Storage,Beautiful,10,204.28,0.18,41.59,1675.1,384.24,0.23,Critical,Net Banking
ORD-12421,2025-11-10,Nov,2025,Shawn Chavez,VIP,Home Office,East,Namibia,Wisconsin,Salazarland,Furniture,Bookcases,Prevent,4,710.4,0.27,20.51,2074.37,442.58,0.21,Critical,Cash
ORD-12422,2024-12-21,Dec,2024,Patrick Myers,New,Corporate,South,Nigeria,Florida,West Joseph,Furniture,Bookcases,Few,2,280.5,0.19,39.69,454.41,45.62,0.1,Medium,Cash
ORD-12423,2024-08-21,Aug,2024,James Richardson,VIP,Home Office,Central,Vanuatu,Wyoming,New Lindsaybury,Office Supplies,Paper,Woman,5,280.01,0.07,12.79,1302.05,33.96,0.03,High,UPI
ORD-12424,2024-04-23,Apr,2024,Crystal Rodriguez,VIP,Home Office,Central,Botswana,New Hampshire,Christinaville,Furniture,Chairs,Worker,5,66.95,0.15,41.5,284.54,-2.12,-0.01,Low,Cash
ORD-12425,2024-03-19,Mar,2024,Johnathan Whitney,VIP,Home Office,Central,Greenland,Virginia,Audreytown,Furniture,Chairs,Contain,6,343.45,0.04,15.34,1978.27,294.64,0.15,Critical,Net Banking
ORD-12426,2023-11-06,Nov,2023,Paula Lynch,VIP,Consumer,South,Albania,Colorado,Johnville,Technology,Laptops,Either,7,394.7,0.16,36.11,2320.84,559.19,0.24,Low,Net Banking
ORD-12427,2023-11-03,Nov,2023,Teresa Bonilla,VIP,Corporate,Central,Guatemala,Idaho,Davidville,Furniture,Tables,Television,5,700.27,0.27,28.82,2555.99,575.56,0.23,High,Cash
ORD-12428,2025-04-03,Apr,2025,Samantha Maxwell,Returning,Corporate,Central,Mali,Wyoming,Lake Alexandertown,Furniture,Chairs,Involve,9,223.99,0.03,27.81,1955.43,-113.76,-0.06,Low,Net Banking
ORD-12429,2025-04-26,Apr,2025,Gregory Pearson,New,Home Office,East,Bangladesh,Louisiana,Hopkinsport,Office Supplies,Binders,North,9,281.79,0.18,26.13,2079.61,289.91,0.14,High,Net Banking
ORD-12430,2023-03-03,Mar,2023,Donald Kennedy,VIP,Home Office,Central,Netherlands,Louisiana,Lake Nancymouth,Office Supplies,Storage,Source,2,451.06,0.14,23.22,775.82,-67.23,-0.09,Low,UPI
ORD-12431,2024-07-23,Jul,2024,Jennifer Roman,New,Corporate,Central,Czech Republic,Alaska,Kingfurt,Technology,Phones,Behavior,3,183.15,0.07,30.85,510.99,94.06,0.18,Medium,Card
ORD-12432,2023-02-18,Feb,2023,Gregory Page,VIP,Home Office,Central,Malta,Indiana,Emilyhaven,Technology,Phones,Stage,9,26.93,0.29,21.38,172.08,8.21,0.05,Low,UPI
ORD-12433,2025-05-29,May,2025,Ryan Fletcher,VIP,Corporate,North,Martinique,California,Port Maryberg,Technology,Phones,Surface,9,153.88,0.17,11.88,1149.48,138.25,0.12,Low,Net Banking
ORD-12434,2024-04-20,Apr,2024,Angela Simon,New,Home Office,North,Guadeloupe,Georgia,Kevinbury,Office Supplies,Paper,You,6,143.49,0.05,14.19,817.89,235.22,0.29,Critical,Net Banking
ORD-12435,2023-01-27,Jan,2023,Samantha Garcia,New,Consumer,East,Montenegro,Oklahoma,South Shannonberg,Office Supplies,Storage,Son,4,25.94,0.19,32.28,84.05,12.81,0.15,Low,Card
ORD-12436,2023-07-14,Jul,2023,Stephanie Dixon,New,Consumer,South,Eritrea,Virginia,Austinfurt,Technology,Laptops,Capital,7,509.04,0.05,42.15,3385.12,410.4,0.12,Medium,UPI
ORD-12437,2023-04-13,Apr,2023,Veronica Becker,Returning,Consumer,North,Lesotho,Ohio,North Nathan,Office Supplies,Storage,Too,1,761.96,0.24,6.5,579.09,37.09,0.06,Critical,Card
ORD-12438,2025-07-14,Jul,2025,Dana Jackson,VIP,Consumer,South,Martinique,Oklahoma,Elizabethshire,Furniture,Chairs,Look,2,37.19,0.09,34.26,67.69,1.02,0.02,Critical,UPI
ORD-12439,2025-09-13,Sep,2025,Carlos Tucker,New,Consumer,North,France,Michigan,Powersport,Technology,Phones,Might,1,181.96,0.02,29.79,178.32,42.29,0.24,Medium,UPI
ORD-12440,2023-02-26,Feb,2023,Shannon Wood,New,Consumer,North,Australia,Wisconsin,North Saraville,Technology,Laptops,Until,3,13.21,0.25,29.18,29.72,-0.06,0.0,Medium,Cash
ORD-12441,2025-10-27,Oct,2025,Matthew Hill,Returning,Consumer,West,Afghanistan,Colorado,Lorifort,Furniture,Bookcases,Them,10,644.21,0.13,43.33,5604.63,1351.72,0.24,Critical,UPI
ORD-12442,2023-04-07,Apr,2023,Jeffery Flores,VIP,Corporate,East,Syrian Arab Republic,North Carolina,Diazchester,Furniture,Tables,Special,4,362.16,0.16,11.81,1216.86,-2.47,0.0,Medium,Net Banking
ORD-12443,2023-03-14,Mar,2023,Michael Hamilton,New,Corporate,South,Lao People's Democratic Republic,Washington,Duncanfort,Technology,Accessories,Key,7,416.46,0.04,11.04,2798.61,656.86,0.23,High,Net Banking
ORD-12444,2024-11-19,Nov,2024,Danielle Potter,VIP,Consumer,South,Afghanistan,New Mexico,New Michele,Furniture,Bookcases,Son,3,471.93,0.11,24.78,1260.05,63.86,0.05,High,Net Banking
ORD-12445,2024-09-23,Sep,2024,Jason Briggs,Returning,Home Office,West,Korea,Kentucky,West Robertside,Technology,Accessories,Teacher,7,244.01,0.19,25.65,1383.54,256.04,0.19,Critical,Card
ORD-12446,2025-06-17,Jun,2025,Anne Howard,New,Home Office,East,Iran,Indiana,Toddport,Technology,Laptops,Others,4,644.91,0.27,27.24,1883.14,493.11,0.26,Low,Card
ORD-12447,2025-06-04,Jun,2025,Carolyn Stephenson,Returning,Corporate,West,Antarctica (the territory South of 60 deg S),Pennsylvania,South Jorgeton,Office Supplies,Paper,Glass,6,134.98,0.11,22.32,720.79,42.42,0.06,High,Cash
ORD-12448,2023-09-28,Sep,2023,Megan Andrews,VIP,Corporate,East,Cuba,New Hampshire,North Edwardborough,Office Supplies,Paper,Agree,10,255.78,0.06,44.77,2404.33,235.37,0.1,Low,Net Banking
ORD-12449,2023-08-31,Aug,2023,Phillip Brady,Returning,Home Office,Central,South Africa,Kansas,Calvinfurt,Furniture,Bookcases,Phone,7,138.03,0.28,31.96,695.67,200.76,0.29,Medium,UPI
ORD-12450,2024-08-03,Aug,2024,Anthony Hicks,VIP,Home Office,South,Taiwan,Illinois,Vincentport,Office Supplies,Paper,Teach,8,599.78,0.27,47.8,3502.72,640.75,0.18,High,Net Banking
ORD-12451,2024-06-01,Jun,2024,Patricia Hunter,Returning,Home Office,Central,Lesotho,Washington,Evansfort,Furniture,Tables,Vote,1,669.84,0.22,26.1,522.48,87.05,0.17,Critical,UPI
ORD-12452,2023-03-29,Mar,2023,David Calhoun,New,Consumer,East,Sri Lanka,Louisiana,North Jessica,Office Supplies,Binders,Feeling,5,168.89,0.04,26.79,810.67,67.81,0.08,Critical,Card
ORD-12453,2025-05-16,May,2025,Sarah Lucas,New,Consumer,West,Australia,New Hampshire,Morristown,Technology,Phones,Teacher,7,594.6,0.08,28.24,3829.22,164.98,0.04,Low,Net Banking
ORD-12454,2023-10-02,Oct,2023,Richard Williams,VIP,Corporate,East,Bouvet Island (Bouvetoya),Pennsylvania,East Scott,Technology,Phones,Line,8,736.36,0.12,26.11,5183.97,662.52,0.13,Critical,Card
ORD-12455,2023-07-21,Jul,2023,Nicholas Coleman,Returning,Home Office,West,Peru,Georgia,South Michaeltown,Furniture,Tables,Letter,3,692.66,0.19,22.82,1683.16,-73.53,-0.04,Critical,UPI
ORD-12456,2024-02-04,Feb,2024,Jason Beck,Returning,Corporate,East,Bolivia,Georgia,Gardnerbury,Office Supplies,Paper,Tax,4,412.02,0.25,20.79,1236.06,141.85,0.11,Critical,Card
ORD-12457,2025-11-09,Nov,2025,Mrs. Deborah Elliott,Returning,Corporate,South,Costa Rica,Washington,Baileybury,Technology,Accessories,Method,5,58.16,0.02,10.22,284.98,77.5,0.27,Low,Cash
ORD-12458,2025-04-16,Apr,2025,Dalton Harris,VIP,Consumer,South,Oman,Nebraska,Lake Kathleen,Office Supplies,Binders,Land,7,567.48,0.08,40.42,3654.57,1014.57,0.28,Critical,UPI
ORD-12459,2023-08-25,Aug,2023,Jacqueline Hoffman,Returning,Corporate,West,Greece,Michigan,Yoderview,Technology,Laptops,We,5,266.83,0.29,40.14,947.25,44.55,0.05,Low,UPI
ORD-12460,2025-01-24,Jan,2025,Michael Cobb,VIP,Home Office,East,Russian Federation,Missouri,Lake Jesse,Office Supplies,Binders,Life,10,680.51,0.02,34.6,6669.0,-178.17,-0.03,Medium,Cash
ORD-12461,2023-01-17,Jan,2023,Clarence Robertson,New,Home Office,North,Iran,Delaware,East Phillip,Furniture,Bookcases,Its,3,173.28,0.17,20.41,431.47,35.49,0.08,Low,Card
ORD-12462,2025-04-04,Apr,2025,William Wong,New,Consumer,North,Vietnam,Nevada,Johnnyborough,Office Supplies,Paper,During,8,161.95,0.2,24.25,1036.48,34.81,0.03,Medium,Net Banking
ORD-12463,2024-04-21,Apr,2024,Anne Sanders,Returning,Corporate,Central,Solomon Islands,Virginia,Port Leslie,Technology,Accessories,Increase,7,380.65,0.21,17.15,2104.99,309.41,0.15,Low,Card
ORD-12464,2023-04-12,Apr,2023,Michael Roberts,New,Home Office,East,Oman,Massachusetts,North Denise,Technology,Phones,Very,1,143.68,0.01,20.26,142.24,9.26,0.07,Critical,Card
ORD-12465,2025-05-12,May,2025,Samuel Cline,New,Consumer,West,Kiribati,Virginia,Ashleybury,Office Supplies,Storage,Every,4,273.88,0.2,32.95,876.42,27.02,0.03,Critical,Net Banking
ORD-12466,2024-12-08,Dec,2024,Tommy Stewart,Returning,Consumer,East,Lithuania,Wisconsin,West Sharonstad,Furniture,Tables,Exactly,5,258.33,0.26,20.24,955.82,-42.96,-0.04,Medium,Cash
ORD-12467,2022-11-30,Nov,2022,Joshua Pineda,VIP,Consumer,South,Korea,Utah,North Maria,Furniture,Tables,Area,1,98.13,0.12,42.87,86.35,0.6,0.01,High,Cash
ORD-12468,2023-07-22,Jul,2023,Meagan Hughes,Returning,Corporate,South,Angola,South Dakota,Lake John,Technology,Laptops,From,7,46.87,0.06,8.4,308.4,43.45,0.14,High,Card
ORD-12469,2024-11-29,Nov,2024,Sherry Baxter,VIP,Home Office,West,Uganda,Tennessee,Lake Tonya,Furniture,Chairs,Discuss,7,103.77,0.24,43.42,552.06,-26.53,-0.05,Low,Net Banking
ORD-12470,2025-06-13,Jun,2025,Daniel Young,VIP,Home Office,North,Nigeria,Massachusetts,North Susanmouth,Furniture,Tables,Four,7,595.62,0.29,6.95,2960.23,156.33,0.05,Medium,Net Banking
ORD-12471,2024-06-30,Jun,2024,Michael Santos,Returning,Home Office,Central,Singapore,North Carolina,Santiagotown,Technology,Accessories,Author,10,519.69,0.13,40.77,4521.3,255.83,0.06,Critical,Net Banking
ORD-12472,2025-03-19,Mar,2025,Kenneth Gibbs,VIP,Corporate,East,Bulgaria,Ohio,North Matthewmouth,Office Supplies,Storage,Ask,4,383.09,0.18,18.25,1256.54,33.4,0.03,Low,Net Banking
ORD-12473,2025-11-24,Nov,2025,Maria Alexander,New,Corporate,South,Uzbekistan,West Virginia,Sarahport,Technology,Phones,Market,8,786.25,0.23,41.99,4843.3,81.69,0.02,Critical,Cash
ORD-12474,2024-08-25,Aug,2024,Tracey Robertson,Returning,Corporate,North,Germany,Oregon,Millerbury,Furniture,Chairs,Likely,2,385.49,0.01,24.02,763.27,172.05,0.23,Low,Card
ORD-12475,2025-08-10,Aug,2025,Amanda James,VIP,Home Office,South,Uganda,Nevada,Tylerborough,Furniture,Tables,Executive,5,731.61,0.09,19.38,3328.83,-203.4,-0.06,Low,Card
ORD-12476,2024-07-08,Jul,2024,Dawn Heath,New,Consumer,West,Marshall Islands,Missouri,North Michael,Office Supplies,Storage,Research,2,447.5,0.05,9.16,850.25,203.89,0.24,Low,Cash
ORD-12477,2025-03-19,Mar,2025,Melissa Grimes,Returning,Corporate,West,Turks and Caicos Islands,Arkansas,Port Miguelside,Technology,Accessories,Charge,1,777.83,0.3,34.57,544.48,-16.05,-0.03,Medium,Card
ORD-12478,2024-05-05,May,2024,Corey Hatfield,New,Corporate,East,Senegal,New Jersey,Arthurville,Furniture,Tables,Rest,2,147.39,0.25,9.44,221.08,-19.7,-0.09,Medium,UPI
ORD-12479,2024-11-05,Nov,2024,Ebony Johnson,VIP,Consumer,North,Equatorial Guinea,Nevada,North Adamview,Technology,Laptops,If,6,651.76,0.09,5.42,3558.61,589.96,0.17,High,Card
ORD-12480,2024-04-16,Apr,2024,William Johns,New,Corporate,Central,Antarctica (the territory South of 60 deg S),Louisiana,West Gabriel,Office Supplies,Storage,Sense,5,152.86,0.09,26.96,695.51,14.7,0.02,High,Card
ORD-12481,2023-11-15,Nov,2023,Charles Quinn,Returning,Corporate,North,Wallis and Futuna,New Mexico,Caseybury,Furniture,Chairs,Add,6,339.5,0.07,14.39,1894.41,333.42,0.18,Critical,UPI
ORD-12482,2025-05-26,May,2025,Erin Morton,Returning,Consumer,East,Suriname,Illinois,Lake Rachelshire,Technology,Accessories,Deal,1,105.73,0.09,15.86,96.21,16.02,0.17,Medium,Cash
ORD-12483,2024-04-29,Apr,2024,Lindsay Giles,Returning,Corporate,South,Anguilla,New Mexico,Bobbyport,Technology,Laptops,Health,6,530.09,0.2,40.82,2544.43,16.32,0.01,High,Card
ORD-12484,2024-10-04,Oct,2024,Margaret Pratt,VIP,Consumer,Central,Netherlands,Maine,West Daltonland,Office Supplies,Binders,We,3,479.5,0.17,27.55,1193.95,258.46,0.22,Low,Net Banking
ORD-12485,2024-04-02,Apr,2024,Michael Brown,New,Consumer,North,Russian Federation,Vermont,New Angelica,Office Supplies,Storage,Able,8,636.5,0.3,34.28,3564.4,339.16,0.1,Medium,Net Banking
ORD-12486,2023-12-21,Dec,2023,William Lynn,Returning,Home Office,West,El Salvador,Idaho,New Joshuabury,Furniture,Tables,Each,5,14.89,0.1,43.14,67.01,2.24,0.03,High,Card
ORD-12487,2024-03-17,Mar,2024,Dr. Thomas Mills PhD,Returning,Corporate,South,Turks and Caicos Islands,Alabama,Cassandratown,Office Supplies,Binders,Catch,8,478.14,0.03,42.67,3710.37,1026.74,0.28,Critical,Card
ORD-12488,2024-01-12,Jan,2024,Dr. Matthew Mcpherson,Returning,Corporate,East,Holy See (Vatican City State),Delaware,Joeltown,Furniture,Chairs,Treatment,10,745.62,0.13,33.65,6486.89,173.0,0.03,Medium,UPI
ORD-12489,2025-08-28,Aug,2025,Terry Vaughn,VIP,Corporate,South,Canada,New York,South Loretta,Office Supplies,Paper,Unit,10,227.84,0.06,32.05,2141.7,239.04,0.11,Low,UPI
ORD-12490,2025-06-09,Jun,2025,Jennifer Stokes DVM,New,Corporate,North,Singapore,Wisconsin,Matthewville,Technology,Accessories,Box,3,560.42,0.09,13.65,1529.95,217.18,0.14,Medium,Cash
ORD-12491,2023-03-26,Mar,2023,Emily Moon,Returning,Consumer,West,Monaco,Illinois,Evanhaven,Technology,Phones,Inside,7,798.11,0.28,15.57,4022.47,-210.38,-0.05,Critical,Cash
ORD-12492,2023-10-07,Oct,2023,Sean Davis,Returning,Corporate,East,Greece,Florida,West Joy,Technology,Laptops,Boy,6,685.73,0.24,17.29,3126.93,222.28,0.07,Critical,UPI
ORD-12493,2023-12-21,Dec,2023,Brandon Jackson,Returning,Corporate,Central,Mauritania,Michigan,Vanessaport,Furniture,Tables,Still,3,141.1,0.24,32.58,321.71,-30.47,-0.09,Medium,Cash
ORD-12494,2025-07-14,Jul,2025,Michelle Obrien,Returning,Corporate,South,Brazil,Alaska,Jefferyburgh,Office Supplies,Binders,Join,3,517.75,0.08,49.37,1428.99,302.25,0.21,Low,Cash
ORD-12495,2023-04-10,Apr,2023,Shannon Walker,VIP,Home Office,South,Montserrat,Oregon,Lake Steven,Office Supplies,Binders,Value,6,316.52,0.14,38.05,1633.24,302.78,0.19,Medium,Net Banking
ORD-12496,2024-06-29,Jun,2024,John Sparks,Returning,Corporate,South,Hungary,Alabama,Jenningstown,Technology,Laptops,Identify,10,679.63,0.03,31.77,6592.41,-443.12,-0.07,Medium,UPI
ORD-12497,2024-06-30,Jun,2024,Keith Vargas,VIP,Home Office,Central,Senegal,Colorado,South Robert,Furniture,Tables,Especially,8,268.9,0.14,40.86,1850.03,125.67,0.07,High,Net Banking
ORD-12498,2023-09-14,Sep,2023,Colleen Sherman,New,Home Office,South,Holy See (Vatican City State),Minnesota,Lake Michaelberg,Office Supplies,Storage,Politics,6,716.25,0.01,26.22,4254.52,156.49,0.04,Critical,UPI
ORD-12499,2022-11-30,Nov,2022,Mark Mills,VIP,Home Office,South,Moldova,North Dakota,Richardsonview,Furniture,Tables,Central,3,120.23,0.25,44.69,270.52,-19.88,-0.07,Critical,Cash
ORD-12500,2025-08-31,Aug,2025,Diana Rodriguez,New,Home Office,North,United States of America,Wisconsin,North Carlos,Technology,Accessories,Hundred,5,406.13,0.23,33.3,1563.6,137.72,0.09,High,UPI
ORD-12501,2024-02-14,Feb,2024,Belinda Matthews,New,Home Office,North,Israel,Connecticut,Joshuabury,Office Supplies,Paper,Stand,5,360.94,0.11,26.49,1606.18,22.98,0.01,Medium,UPI
ORD-12502,2023-12-31,Dec,2023,Kimberly Butler,VIP,Home Office,Central,Malaysia,Michigan,West Jason,Technology,Phones,Attack,8,102.25,0.26,34.37,605.32,-30.93,-0.05,Critical,Cash
ORD-12503,2023-01-14,Jan,2023,Anna Trujillo,Returning,Corporate,South,Guatemala,Texas,Ericksonview,Technology,Accessories,At,6,169.17,0.08,9.29,933.82,36.37,0.04,Medium,Cash
ORD-12504,2024-01-15,Jan,2024,Pamela Davis,VIP,Consumer,West,Northern Mariana Islands,California,Daisyville,Office Supplies,Paper,Town,1,556.05,0.19,16.96,450.4,64.13,0.14,High,Card
ORD-12505,2025-08-03,Aug,2025,Melissa Peterson,VIP,Corporate,West,Cook Islands,Delaware,Whitneyburgh,Office Supplies,Storage,South,2,678.79,0.08,41.78,1248.97,307.93,0.25,Medium,Net Banking
ORD-12506,2024-06-04,Jun,2024,Anthony Anderson,Returning,Home Office,East,Egypt,Wyoming,Chungmouth,Furniture,Bookcases,Remain,1,779.86,0.15,14.28,662.88,-5.49,-0.01,Medium,Net Banking
ORD-12507,2024-08-29,Aug,2024,Ian Ramos,VIP,Corporate,North,Finland,Colorado,Lake Brittanyborough,Office Supplies,Storage,Another,1,135.81,0.09,43.66,123.59,33.34,0.27,Critical,Net Banking
ORD-12508,2023-10-04,Oct,2023,Terry Kelley,Returning,Corporate,West,Maldives,Maine,Barryhaven,Furniture,Bookcases,Friend,1,342.36,0.27,12.03,249.92,74.86,0.3,Low,Cash
ORD-12509,2024-05-29,May,2024,Jamie Adams,Returning,Consumer,Central,Chile,Connecticut,Johnsonville,Furniture,Tables,Chance,6,13.77,0.07,32.53,76.84,16.04,0.21,Critical,Net Banking
ORD-12510,2023-06-22,Jun,2023,Dennis Alexander,New,Corporate,West,Mongolia,Alabama,Lake Jamie,Furniture,Chairs,Understand,6,665.07,0.2,28.93,3192.34,-219.18,-0.07,Critical,Net Banking
ORD-12511,2025-11-21,Nov,2025,Kenneth James,New,Home Office,North,Lao People's Democratic Republic,Missouri,South Nathan,Office Supplies,Paper,Pick,5,237.43,0.05,26.62,1127.79,278.29,0.25,Low,UPI
ORD-12512,2024-06-26,Jun,2024,Nicole Carr,VIP,Corporate,North,Montserrat,West Virginia,West Robertville,Furniture,Bookcases,Else,6,189.26,0.27,49.62,828.96,201.0,0.24,High,UPI
ORD-12513,2024-11-16,Nov,2024,Matthew Mitchell,Returning,Home Office,North,Uzbekistan,Michigan,West Kiara,Office Supplies,Storage,Month,4,521.23,0.21,40.11,1647.09,291.02,0.18,Low,UPI
ORD-12514,2022-12-14,Dec,2022,Felicia Stewart,New,Home Office,South,Moldova,Idaho,Kristinville,Technology,Accessories,Newspaper,6,708.37,0.3,48.76,2975.15,454.7,0.15,Critical,Net Banking
ORD-12515,2025-05-29,May,2025,Tamara Velazquez,New,Home Office,South,Cameroon,New Mexico,Patelhaven,Technology,Phones,Down,9,607.56,0.15,14.39,4647.83,984.68,0.21,Critical,Cash
ORD-12516,2024-12-27,Dec,2024,Philip Calderon,VIP,Corporate,North,Gabon,Arizona,East Maryport,Technology,Phones,Sister,10,112.44,0.03,49.7,1090.67,212.76,0.2,Critical,Net Banking
ORD-12517,2024-12-30,Dec,2024,Jacob Olsen,VIP,Corporate,South,Bouvet Island (Bouvetoya),New Jersey,East Michaelfurt,Technology,Laptops,More,6,70.26,0.11,35.05,375.19,-26.3,-0.07,Low,Cash
ORD-12518,2023-05-15,May,2023,Kathleen Bowers,New,Consumer,West,Mali,Alaska,North Isaiah,Furniture,Tables,Leave,4,358.79,0.12,34.11,1262.94,107.72,0.09,Low,Net Banking
ORD-12519,2025-01-17,Jan,2025,Justin Schaefer,New,Home Office,South,Croatia,California,Schneiderberg,Furniture,Bookcases,Hair,10,415.42,0.08,5.92,3821.86,964.42,0.25,Medium,Net Banking
ORD-12520,2024-07-23,Jul,2024,Kenneth Wood,New,Corporate,Central,Romania,Montana,North Courtneyborough,Furniture,Tables,Pass,5,165.42,0.19,49.21,669.95,-34.24,-0.05,Critical,UPI
ORD-12521,2025-10-14,Oct,2025,Rachel Vang,Returning,Consumer,West,Qatar,Indiana,Patrickborough,Technology,Phones,Economy,5,212.38,0.07,24.13,987.57,248.56,0.25,Low,Card
ORD-12522,2024-03-10,Mar,2024,Mark Barrett,Returning,Corporate,East,Honduras,Pennsylvania,Port Gail,Furniture,Chairs,Enjoy,2,434.81,0.24,43.18,660.91,98.18,0.15,Critical,Cash
ORD-12523,2023-12-19,Dec,2023,Jerome Booth,VIP,Consumer,North,Faroe Islands,Idaho,West Brittany,Furniture,Chairs,Group,8,499.75,0.07,11.73,3718.14,805.4,0.22,Critical,Card
ORD-12524,2024-04-17,Apr,2024,Gina Williams,VIP,Consumer,East,Saint Helena,New Hampshire,West Erica,Technology,Phones,Past,9,403.74,0.24,45.91,2761.58,805.9,0.29,Medium,Net Banking
ORD-12525,2025-10-09,Oct,2025,Mark Swanson,Returning,Consumer,South,France,Massachusetts,North Marychester,Technology,Laptops,No,3,653.75,0.01,36.85,1941.64,392.97,0.2,Medium,UPI
ORD-12526,2023-10-15,Oct,2023,Casey Dean,Returning,Home Office,West,Saint Pierre and Miquelon,Tennessee,Stephanieburgh,Furniture,Chairs,Check,1,458.31,0.12,42.12,403.31,109.2,0.27,Low,UPI
ORD-12527,2024-10-13,Oct,2024,Christy Warren,VIP,Home Office,Central,Dominican Republic,Oklahoma,Williamton,Office Supplies,Storage,Air,3,663.82,0.16,43.03,1672.83,260.58,0.16,High,Net Banking
ORD-12528,2024-03-18,Mar,2024,Jennifer Myers,New,Consumer,North,Bouvet Island (Bouvetoya),Illinois,West Josephmouth,Technology,Laptops,Small,4,42.5,0.07,31.4,158.1,-5.44,-0.03,Low,Cash
ORD-12529,2023-11-15,Nov,2023,Christopher Gilbert,VIP,Corporate,East,Puerto Rico,North Carolina,West Melissaville,Office Supplies,Storage,City,9,141.78,0.0,26.15,1276.02,91.56,0.07,Medium,Net Banking
ORD-12530,2025-06-15,Jun,2025,Samantha Smith,VIP,Home Office,South,Jordan,Delaware,Kellyland,Technology,Phones,Grow,1,761.76,0.06,15.3,716.05,-20.49,-0.03,Low,Card
ORD-12531,2025-09-08,Sep,2025,Daniel Washington,Returning,Consumer,East,Brunei Darussalam,Wisconsin,Franklinport,Furniture,Bookcases,No,10,427.37,0.21,39.5,3376.22,353.8,0.1,Medium,Cash
ORD-12532,2025-01-22,Jan,2025,Jessica Trevino,VIP,Home Office,South,Palau,Mississippi,Port Jeffreytown,Technology,Laptops,Common,10,114.45,0.11,38.94,1018.61,-11.21,-0.01,Low,Net Banking
ORD-12533,2023-04-19,Apr,2023,Jamie Esparza,VIP,Consumer,West,Uruguay,Virginia,Christopherville,Furniture,Chairs,,6,242.29,0.21,10.52,1148.45,309.93,0.27,Low,Card
ORD-12534,2023-04-07,Apr,2023,Dr. Manuel Smith,Returning,Consumer,North,Pakistan,Hawaii,Andersonfurt,Furniture,Chairs,Boy,9,29.07,0.13,29.73,227.62,55.73,0.24,Critical,UPI
ORD-12535,2025-08-04,Aug,2025,Michele Taylor,VIP,Consumer,West,Iran,Washington,West Robert,Furniture,Tables,Skin,6,642.65,0.28,47.35,2776.25,94.11,0.03,Medium,UPI
ORD-12536,2022-12-01,Dec,2022,Mary Marsh,VIP,Home Office,East,Guam,New Jersey,Port Jenniferfurt,Office Supplies,Binders,Head,3,69.87,0.1,49.22,188.65,43.35,0.23,Medium,Cash
ORD-12537,2023-05-27,May,2023,Susan Hawkins,New,Corporate,West,Korea,New York,West Justin,Office Supplies,Binders,Parent,10,315.93,0.05,17.35,3001.34,-146.91,-0.05,Critical,Card
ORD-12538,2023-09-01,Sep,2023,Alexis Henderson,VIP,Home Office,West,Western Sahara,Texas,Candicefort,Office Supplies,Binders,Plan,3,430.41,0.28,14.39,929.69,185.76,0.2,High,Card
ORD-12539,2023-10-20,Oct,2023,Jessica Raymond,New,Home Office,East,Benin,Oklahoma,Rodriguezview,Technology,Laptops,Design,4,600.32,0.1,48.87,2161.15,392.14,0.18,High,Net Banking
ORD-12540,2025-04-05,Apr,2025,Vicki Wright,New,Corporate,North,United States Minor Outlying Islands,Idaho,Sallymouth,Furniture,Chairs,Beat,4,114.67,0.14,9.06,394.46,-27.12,-0.07,High,Card
ORD-12541,2024-12-18,Dec,2024,Mary Meadows,Returning,Corporate,North,Taiwan,Delaware,North Maria,Furniture,Tables,High,5,581.46,0.27,24.75,2122.33,578.14,0.27,Medium,Net Banking
ORD-12542,2025-07-23,Jul,2025,Anthony Fernandez DDS,VIP,Corporate,Central,Guam,New York,Johnstad,Technology,Laptops,Huge,7,674.32,0.15,44.79,4012.2,483.47,0.12,Critical,Net Banking
ORD-12543,2023-05-06,May,2023,Crystal Nichols,New,Corporate,East,Armenia,South Carolina,Joshuashire,Office Supplies,Storage,Street,6,147.99,0.24,22.54,674.83,-60.68,-0.09,High,Card
ORD-12544,2023-02-17,Feb,2023,Margaret Williams,VIP,Home Office,East,India,New Mexico,Harperton,Furniture,Chairs,Talk,5,655.04,0.06,23.5,3078.69,698.74,0.23,High,Net Banking
ORD-12545,2024-12-17,Dec,2024,Jonathan Bowen,VIP,Consumer,South,Antarctica (the territory South of 60 deg S),New York,Ryanbury,Furniture,Tables,Beautiful,10,226.18,0.07,43.47,2103.47,-202.56,-0.1,High,Cash
ORD-12546,2023-02-08,Feb,2023,Ricardo Clements,New,Consumer,North,Albania,Wyoming,Tonyview,Furniture,Chairs,Apply,7,731.5,0.04,34.15,4915.68,1001.66,0.2,Medium,Card
ORD-12547,2025-02-09,Feb,2025,Casey Jones,VIP,Home Office,South,South Africa,South Carolina,West Sarah,Furniture,Tables,Nor,4,377.93,0.03,17.53,1466.37,-24.82,-0.02,Low,Card
ORD-12548,2023-02-18,Feb,2023,Anna Nelson,Returning,Corporate,North,Central African Republic,Montana,Jonside,Furniture,Tables,Population,9,552.83,0.16,36.85,4179.39,473.02,0.11,High,UPI
ORD-12549,2024-11-09,Nov,2024,Kelly Miller,VIP,Corporate,West,Eritrea,Indiana,New Maryfurt,Office Supplies,Binders,Third,4,643.15,0.1,23.78,2315.34,-172.06,-0.07,High,UPI
ORD-12550,2024-04-23,Apr,2024,Kimberly Carter,New,Consumer,South,Ethiopia,North Carolina,North Katelyn,Furniture,Bookcases,Play,9,328.73,0.22,34.2,2307.68,604.79,0.26,Low,Card
ORD-12551,2025-03-22,Mar,2025,Marcus Sherman,Returning,Consumer,West,French Southern Territories,Minnesota,Matthewfort,Technology,Laptops,Scene,7,703.17,0.27,45.95,3593.2,260.21,0.07,High,Card
ORD-12552,2023-02-26,Feb,2023,Emily Colon,New,Home Office,Central,Botswana,North Dakota,North Jasonmouth,Office Supplies,Binders,Eye,8,214.34,0.22,5.69,1337.48,134.85,0.1,Medium,Card
ORD-12553,2023-11-10,Nov,2023,Hannah Singleton,Returning,Corporate,Central,Libyan Arab Jamahiriya,Virginia,Katelynchester,Technology,Phones,Create,8,493.95,0.11,11.45,3516.92,109.98,0.03,Low,Net Banking
ORD-12554,2024-08-06,Aug,2024,Ashlee Lloyd,New,Home Office,Central,Mayotte,Texas,West John,Technology,Laptops,Policy,5,439.81,0.04,31.78,2111.09,179.09,0.08,Low,Card
ORD-12555,2024-08-11,Aug,2024,Jerry Morris,Returning,Consumer,North,El Salvador,Tennessee,West Tina,Furniture,Chairs,Seven,2,644.78,0.03,36.52,1250.87,264.91,0.21,Medium,Cash
ORD-12556,2023-04-10,Apr,2023,Kimberly Perkins,Returning,Consumer,North,Gibraltar,Colorado,Atkinsburgh,Office Supplies,Binders,Heart,4,416.61,0.07,34.04,1549.79,164.34,0.11,Medium,Net Banking
ORD-12557,2024-08-11,Aug,2024,Bridget Martin,VIP,Corporate,West,Kiribati,Idaho,New Kenneth,Technology,Laptops,Response,8,681.18,0.01,6.36,5394.95,1438.17,0.27,Medium,Net Banking
ORD-12558,2025-01-23,Jan,2025,Rodney Perry,Returning,Consumer,South,Australia,Montana,East Katelyn,Furniture,Bookcases,Man,1,351.42,0.13,30.25,305.74,76.6,0.25,High,UPI
ORD-12559,2025-10-20,Oct,2025,Jason Vance,Returning,Consumer,Central,Barbados,Florida,West Calvin,Office Supplies,Storage,No,9,217.7,0.17,34.43,1626.22,101.2,0.06,High,Net Banking
ORD-12560,2023-09-08,Sep,2023,Anthony Peterson,New,Home Office,East,Guyana,Florida,South Amandaberg,Office Supplies,Binders,Pattern,3,590.67,0.21,34.98,1399.89,20.75,0.01,Critical,UPI
ORD-12561,2024-02-17,Feb,2024,Ashley Riggs,New,Home Office,North,Benin,Arizona,Diazmouth,Furniture,Tables,Research,7,321.12,0.09,17.26,2045.53,580.44,0.28,Low,Net Banking
ORD-12562,2023-08-18,Aug,2023,Justin Clayton,VIP,Home Office,North,Holy See (Vatican City State),Arkansas,New Kevinshire,Technology,Phones,Alone,1,117.72,0.04,18.84,113.01,-4.9,-0.04,Critical,Cash
ORD-12563,2024-10-20,Oct,2024,Mark Reilly,New,Consumer,West,Bosnia and Herzegovina,Maine,North Brendaton,Technology,Phones,History,6,218.4,0.13,7.5,1140.05,38.41,0.03,Critical,Cash
ORD-12564,2024-07-19,Jul,2024,Sandra Martinez,New,Home Office,West,Myanmar,California,Port Christopherfurt,Furniture,Tables,Tax,3,242.61,0.27,42.36,531.32,153.99,0.29,High,Net Banking
ORD-12565,2022-12-19,Dec,2022,Jennifer Morales,Returning,Home Office,North,Mexico,Illinois,Debramouth,Furniture,Tables,Can,8,777.66,0.05,37.81,5910.22,664.51,0.11,Low,Card
ORD-12566,2024-06-21,Jun,2024,Anthony Palmer,VIP,Home Office,North,Grenada,Louisiana,Davidton,Furniture,Tables,Concern,4,798.34,0.07,43.37,2969.82,-76.47,-0.03,Critical,UPI
ORD-12567,2024-03-24,Mar,2024,Ashley Parks,New,Corporate,East,Equatorial Guinea,New Hampshire,West Cindy,Office Supplies,Binders,Both,7,481.0,0.02,18.61,3299.66,-53.49,-0.02,Critical,Net Banking
ORD-12568,2024-04-04,Apr,2024,Lynn Summers,Returning,Home Office,West,Nepal,Colorado,Hernandezville,Office Supplies,Binders,Physical,5,719.74,0.1,48.93,3238.83,911.22,0.28,Low,Net Banking
ORD-12569,2024-04-24,Apr,2024,Thomas Thomas,Returning,Consumer,North,Palau,Louisiana,Stacyhaven,Office Supplies,Storage,Black,8,665.9,0.27,19.53,3888.86,995.54,0.26,High,UPI
ORD-12570,2023-10-29,Oct,2023,Thomas Powell,Returning,Corporate,North,Netherlands,Vermont,West Ashley,Furniture,Tables,Exist,2,706.49,0.12,33.51,1243.42,304.32,0.24,High,UPI
ORD-12571,2024-02-07,Feb,2024,Dawn Smith,Returning,Home Office,North,Bermuda,Connecticut,Lopezton,Technology,Phones,Station,5,498.41,0.24,5.07,1893.96,-109.36,-0.06,Critical,Cash
ORD-12572,2025-03-30,Mar,2025,Mrs. Sydney Thompson,VIP,Consumer,North,Pitcairn Islands,Alabama,Amyshire,Office Supplies,Storage,Just,6,531.08,0.06,13.62,2995.29,-223.67,-0.07,Medium,Net Banking
ORD-12573,2023-09-17,Sep,2023,Raymond Meyer,New,Corporate,East,Mozambique,Georgia,South Jacobstad,Furniture,Tables,Produce,5,117.17,0.27,27.79,427.67,83.21,0.19,Critical,Card
ORD-12574,2024-09-06,Sep,2024,Casey Clark,VIP,Corporate,North,Turks and Caicos Islands,Colorado,East William,Furniture,Tables,Job,7,625.56,0.13,15.85,3809.66,936.01,0.25,Medium,Cash
ORD-12575,2025-04-26,Apr,2025,Marcus Carson,Returning,Home Office,South,Norway,Kansas,Watkinstown,Technology,Phones,Spend,10,202.27,0.29,44.72,1436.12,415.19,0.29,Critical,UPI
ORD-12576,2024-07-06,Jul,2024,Laura Shaw,New,Consumer,North,Greece,Oklahoma,East Brandon,Office Supplies,Binders,Of,3,416.41,0.27,8.41,911.94,152.63,0.17,Critical,UPI
ORD-12577,2025-04-09,Apr,2025,Raymond Brown,Returning,Corporate,East,Ukraine,Colorado,East Michael,Technology,Laptops,Form,8,351.29,0.12,33.09,2473.08,48.41,0.02,High,Card
ORD-12578,2023-11-14,Nov,2023,Mary Hill,New,Consumer,West,Iraq,Arizona,Matthewview,Technology,Phones,Apply,1,549.95,0.28,35.25,395.96,91.51,0.23,Low,Net Banking
ORD-12579,2023-06-27,Jun,2023,Jerry Martin,New,Home Office,West,Micronesia,North Carolina,Port Adam,Office Supplies,Paper,Side,9,703.71,0.12,13.5,5573.38,1400.11,0.25,Medium,Cash
ORD-12580,2025-06-03,Jun,2025,Grace Garcia,New,Consumer,North,Guam,South Carolina,Mariachester,Technology,Laptops,Woman,10,278.53,0.29,47.29,1977.56,454.56,0.23,Critical,Net Banking
ORD-12581,2023-11-26,Nov,2023,Darrell Frazier,Returning,Home Office,North,Marshall Islands,Wisconsin,North Josephport,Technology,Laptops,Care,3,652.59,0.2,22.48,1566.22,299.7,0.19,Critical,UPI
ORD-12582,2023-10-30,Oct,2023,Stacey Lamb,New,Consumer,North,Cape Verde,New Mexico,Mendezside,Furniture,Chairs,Why,1,626.3,0.18,38.65,513.57,151.67,0.3,Critical,Card
ORD-12583,2025-06-20,Jun,2025,Patrick Greene,Returning,Consumer,South,Ethiopia,Mississippi,New Paul,Office Supplies,Binders,Tell,1,181.24,0.13,17.22,157.68,5.01,0.03,Low,Net Banking
ORD-12584,2023-01-20,Jan,2023,Kimberly Hodge,New,Corporate,North,Germany,North Carolina,Port Adam,Technology,Phones,With,7,404.53,0.28,48.16,2038.83,461.03,0.23,High,Net Banking
ORD-12585,2023-02-21,Feb,2023,Charles Garner,New,Home Office,Central,Faroe Islands,Wisconsin,New Juliestad,Technology,Accessories,Need,3,202.9,0.12,46.85,535.66,43.4,0.08,Critical,Cash
ORD-12586,2024-11-11,Nov,2024,Jacob Dalton,New,Home Office,East,India,Massachusetts,Hooperburgh,Furniture,Chairs,Under,8,41.56,0.06,42.53,312.53,6.01,0.02,High,Card
ORD-12587,2023-03-24,Mar,2023,Kara Garcia,VIP,Home Office,North,Saint Lucia,Mississippi,Lynchberg,Technology,Phones,Picture,10,307.12,0.27,13.96,2241.98,599.5,0.27,Low,Cash
ORD-12588,2024-05-23,May,2024,Jeffrey Galloway,VIP,Corporate,Central,Czech Republic,Colorado,Davidside,Furniture,Chairs,Culture,2,245.01,0.17,9.9,406.72,32.27,0.08,Low,UPI
ORD-12589,2024-10-10,Oct,2024,Nicole Walker,VIP,Home Office,South,Chile,New Mexico,New Justintown,Office Supplies,Binders,Until,9,74.29,0.05,22.48,635.18,5.26,0.01,Medium,UPI
ORD-12590,2024-03-13,Mar,2024,Veronica Nelson,New,Corporate,South,Christmas Island,Nevada,North Shelly,Furniture,Chairs,Make,8,783.77,0.02,18.9,6144.76,540.32,0.09,Low,Cash
ORD-12591,2025-07-08,Jul,2025,Rebecca Velasquez,Returning,Consumer,Central,Turks and Caicos Islands,Arkansas,Thomasstad,Furniture,Bookcases,Ready,10,692.1,0.17,27.4,5744.43,233.53,0.04,Medium,Cash
ORD-12592,2025-10-23,Oct,2025,Frederick Leonard,VIP,Home Office,West,Monaco,Rhode Island,Richardtown,Office Supplies,Binders,Consider,5,782.6,0.16,13.84,3286.92,-318.39,-0.1,Low,UPI
ORD-12593,2024-09-27,Sep,2024,James Cole,VIP,Home Office,West,Cyprus,Florida,Allenview,Office Supplies,Storage,Particularly,8,162.3,0.28,43.73,934.85,-85.8,-0.09,Critical,Cash
ORD-12594,2024-06-05,Jun,2024,Sarah Morgan,Returning,Home Office,East,Congo,Virginia,Smithmouth,Furniture,Chairs,Condition,5,322.82,0.07,27.04,1501.11,108.47,0.07,Critical,UPI
ORD-12595,2023-08-20,Aug,2023,Nicole Mahoney,Returning,Home Office,West,Burkina Faso,Louisiana,West Aprilville,Furniture,Bookcases,Poor,6,720.15,0.0,26.06,4320.9,357.69,0.08,Critical,UPI
ORD-12596,2024-02-11,Feb,2024,Juan Williams,VIP,Consumer,Central,Monaco,Rhode Island,New Destinyview,Office Supplies,Binders,Guy,10,572.01,0.22,11.23,4461.68,-358.02,-0.08,High,Net Banking
ORD-12597,2022-12-18,Dec,2022,Michael Johnson,New,Consumer,North,Mauritania,Maine,Leachshire,Office Supplies,Paper,Real,7,670.3,0.08,16.21,4316.73,1198.93,0.28,Medium,UPI
ORD-12598,2023-09-16,Sep,2023,Kaylee White,Returning,Corporate,North,Saudi Arabia,Florida,Michaelton,Office Supplies,Binders,Necessary,6,352.26,0.11,39.97,1881.07,26.87,0.01,Critical,Cash
ORD-12599,2024-03-12,Mar,2024,Christina Coleman,New,Consumer,Central,Italy,Kentucky,Thorntonberg,Furniture,Chairs,Their,4,714.0,0.12,29.43,2513.28,524.66,0.21,High,Net Banking
ORD-12600,2024-10-20,Oct,2024,Rachel Wilson,Returning,Corporate,North,Swaziland,Illinois,North Caroline,Office Supplies,Storage,Affect,1,32.79,0.15,20.82,27.87,1.44,0.05,Low,Card
ORD-12601,2023-01-06,Jan,2023,Patricia Reynolds,VIP,Consumer,West,Moldova,North Carolina,Montgomeryport,Office Supplies,Binders,Order,7,163.09,0.27,41.16,833.39,170.65,0.2,Critical,Cash
ORD-12602,2023-09-29,Sep,2023,Laura Schultz,New,Home Office,South,Panama,California,Michelleview,Office Supplies,Binders,Century,10,189.32,0.3,16.87,1325.24,131.95,0.1,Critical,Net Banking
ORD-12603,2024-05-13,May,2024,Colleen Harris,New,Home Office,Central,Macao,Ohio,Clarkbury,Technology,Laptops,National,6,404.71,0.07,42.41,2258.28,336.3,0.15,High,Cash
ORD-12604,2023-05-27,May,2023,Megan Bradley,New,Consumer,West,Belgium,Illinois,West Elizabethberg,Technology,Accessories,Stop,5,53.45,0.06,48.9,251.21,72.72,0.29,Low,Net Banking
ORD-12605,2023-03-12,Mar,2023,Amy Mason,Returning,Home Office,East,Yemen,Washington,Greenborough,Furniture,Bookcases,Carry,1,86.81,0.19,42.32,70.32,12.81,0.18,Critical,Net Banking
ORD-12606,2024-07-26,Jul,2024,Tina Evans,VIP,Corporate,South,Benin,Oklahoma,Reyesland,Office Supplies,Binders,Bit,6,36.81,0.07,35.69,205.4,-18.78,-0.09,High,UPI
ORD-12607,2025-08-12,Aug,2025,Aaron Mcclain,New,Corporate,Central,Guadeloupe,Pennsylvania,Harrisburgh,Office Supplies,Binders,Natural,4,476.92,0.23,20.83,1468.91,23.75,0.02,High,UPI
ORD-12608,2025-07-16,Jul,2025,Laura Spears,Returning,Home Office,East,Tuvalu,Connecticut,Lake Jillianborough,Furniture,Tables,Role,4,293.56,0.22,32.85,915.91,13.36,0.01,Critical,UPI
ORD-12609,2025-06-28,Jun,2025,Yvonne Mendez,VIP,Home Office,South,New Zealand,California,Stephanieland,Technology,Phones,Peace,8,86.35,0.0,13.75,690.8,-50.31,-0.07,High,Net Banking
ORD-12610,2022-11-27,Nov,2022,Pamela Compton,Returning,Consumer,Central,Moldova,Nevada,Amandahaven,Office Supplies,Paper,Partner,8,709.58,0.1,48.62,5108.98,-342.88,-0.07,High,Net Banking
ORD-12611,2025-01-09,Jan,2025,Jennifer Hernandez,New,Consumer,East,Aruba,Rhode Island,Sanchezview,Furniture,Bookcases,Determine,2,32.97,0.08,41.64,60.66,-4.71,-0.08,Low,Card
ORD-12612,2024-01-02,Jan,2024,Caleb Jones,New,Corporate,North,Armenia,Ohio,Beasleyhaven,Technology,Accessories,Interview,1,89.94,0.09,35.2,81.85,23.3,0.28,Critical,Net Banking
ORD-12613,2024-04-13,Apr,2024,Lindsay Simmons,VIP,Consumer,South,Ghana,Wisconsin,Port Wanda,Office Supplies,Paper,Store,2,232.33,0.26,15.07,343.85,-25.25,-0.07,Low,Cash
ORD-12614,2024-06-24,Jun,2024,Jeffrey Hall,VIP,Home Office,West,Samoa,New York,West Meganville,Furniture,Chairs,Against,3,191.25,0.0,28.97,573.75,-19.37,-0.03,Low,Card
ORD-12615,2024-12-22,Dec,2024,Jessica Wilkins,Returning,Home Office,Central,Netherlands,Vermont,Lake Mary,Office Supplies,Binders,Later,8,706.3,0.23,25.43,4350.81,183.2,0.04,Medium,Card
ORD-12616,2022-12-24,Dec,2022,Daniel Cole,New,Home Office,Central,Hong Kong,North Dakota,Port Joshuafort,Office Supplies,Binders,Professor,4,241.11,0.01,48.07,954.8,267.87,0.28,Critical,Cash
ORD-12617,2024-05-05,May,2024,Heather Kane,VIP,Home Office,West,Ecuador,Alaska,Johnsonmouth,Office Supplies,Paper,Well,10,729.05,0.08,5.05,6707.26,501.13,0.07,High,Net Banking
ORD-12618,2025-07-21,Jul,2025,Michael Pope,New,Consumer,East,Somalia,Indiana,South Seth,Furniture,Bookcases,Market,2,372.33,0.1,12.31,670.19,-18.53,-0.03,Low,Card
ORD-12619,2024-03-01,Mar,2024,Tara Patterson,Returning,Corporate,South,Falkland Islands (Malvinas),Illinois,Lake James,Technology,Phones,Field,6,799.47,0.07,45.8,4461.04,587.74,0.13,High,Card
ORD-12620,2023-10-04,Oct,2023,Angel Stephens,Returning,Consumer,South,Romania,Indiana,Port Christineview,Office Supplies,Storage,Past,10,731.69,0.17,36.63,6073.03,-341.6,-0.06,Critical,Card
ORD-12621,2024-03-18,Mar,2024,William Chapman,VIP,Consumer,Central,Russian Federation,New Jersey,Veronicashire,Furniture,Tables,Thing,6,763.24,0.0,11.47,4579.44,1172.4,0.26,Low,UPI
ORD-12622,2023-12-28,Dec,2023,Devin Simon,New,Home Office,West,Paraguay,Maine,Normaborough,Furniture,Chairs,Business,10,563.9,0.15,39.95,4793.15,1368.3,0.29,High,Card
ORD-12623,2022-12-22,Dec,2022,Austin Orr,VIP,Corporate,West,Aruba,Rhode Island,New Josephfort,Technology,Accessories,Occur,2,459.99,0.06,46.07,864.78,120.08,0.14,Medium,Net Banking
ORD-12624,2025-04-07,Apr,2025,John Simon,New,Corporate,West,Anguilla,Ohio,Claudiaburgh,Office Supplies,Paper,Research,1,364.14,0.17,13.09,302.24,11.38,0.04,Low,Net Banking
ORD-12625,2023-04-21,Apr,2023,Stephen Pierce MD,Returning,Consumer,South,Mayotte,Colorado,South Johnmouth,Technology,Phones,Hope,7,685.43,0.22,26.62,3742.45,347.48,0.09,Critical,UPI
ORD-12626,2025-07-07,Jul,2025,Kenneth Watkins,Returning,Consumer,South,Japan,Virginia,Nelsonberg,Technology,Accessories,Experience,2,235.05,0.06,21.65,441.89,72.58,0.16,Critical,Card
ORD-12627,2025-03-12,Mar,2025,Kelly Boyd,Returning,Home Office,East,Costa Rica,Delaware,Valenciaborough,Furniture,Bookcases,Blue,7,77.4,0.03,24.22,525.55,93.03,0.18,High,Net Banking
ORD-12628,2023-12-30,Dec,2023,George Henderson,New,Home Office,West,Dominican Republic,Nebraska,New Robertstad,Office Supplies,Storage,At,3,336.88,0.04,39.49,970.21,275.63,0.28,Critical,UPI
ORD-12629,2024-12-15,Dec,2024,Lauren Franco,VIP,Consumer,South,Poland,North Dakota,West Jimmy,Technology,Laptops,Administration,1,77.5,0.16,14.99,65.1,15.96,0.25,Critical,Cash
ORD-12630,2024-10-14,Oct,2024,Crystal Cummings,New,Corporate,North,Bosnia and Herzegovina,Vermont,Lake Davidshire,Technology,Laptops,One,9,433.28,0.13,46.31,3392.58,984.4,0.29,Medium,UPI
ORD-12631,2025-04-24,Apr,2025,Michael Williams IV,Returning,Consumer,Central,Peru,Alabama,West Lawrenceside,Office Supplies,Binders,Kind,3,470.19,0.15,45.98,1198.98,230.14,0.19,High,UPI
ORD-12632,2022-12-21,Dec,2022,Alan Martin,New,Consumer,Central,Iceland,Virginia,Lake Rebekahbury,Office Supplies,Paper,Yet,6,109.44,0.05,41.95,623.81,46.27,0.07,High,Cash
ORD-12633,2025-07-06,Jul,2025,Mary Morales,Returning,Home Office,Central,Tunisia,Virginia,Lake Christopherview,Technology,Accessories,Record,8,599.78,0.17,10.16,3982.54,164.32,0.04,High,Cash
ORD-12634,2023-03-20,Mar,2023,James Tyler,Returning,Consumer,South,French Southern Territories,Wisconsin,East Matthewport,Technology,Accessories,Institution,4,769.81,0.14,15.45,2648.15,469.9,0.18,Medium,UPI
ORD-12635,2025-11-08,Nov,2025,Francisco Hill,VIP,Home Office,Central,Romania,Iowa,Michaelview,Furniture,Tables,Public,9,208.79,0.21,14.03,1484.5,-41.99,-0.03,High,UPI
ORD-12636,2025-11-24,Nov,2025,Cassandra Carter,VIP,Consumer,North,Liechtenstein,California,Williamstown,Furniture,Bookcases,Particularly,3,396.93,0.25,37.5,893.09,77.86,0.09,High,Net Banking
ORD-12637,2025-01-29,Jan,2025,David Hall,VIP,Home Office,West,Poland,Florida,North Deniseside,Office Supplies,Paper,Listen,7,89.8,0.04,24.99,603.46,63.74,0.11,High,Net Banking
ORD-12638,2024-05-27,May,2024,Ashley Garcia,Returning,Home Office,South,Saint Vincent and the Grenadines,Colorado,Patricktown,Technology,Laptops,Fine,5,675.5,0.19,10.39,2735.78,747.89,0.27,High,UPI
ORD-12639,2025-11-02,Nov,2025,Julie Sheppard,VIP,Home Office,West,Finland,New York,Davismouth,Technology,Phones,Too,10,128.44,0.07,5.64,1194.49,-17.0,-0.01,Low,Card
ORD-12640,2024-09-10,Sep,2024,Chelsea Torres,Returning,Corporate,South,El Salvador,Texas,North Albertport,Furniture,Bookcases,Before,6,687.74,0.08,19.57,3796.32,449.53,0.12,High,Cash
ORD-12641,2023-10-05,Oct,2023,Joseph Love,New,Home Office,East,United Arab Emirates,Idaho,South Justin,Technology,Accessories,Let,6,344.37,0.03,7.29,2004.23,-42.73,-0.02,Low,Cash
ORD-12642,2024-02-16,Feb,2024,Mary Cox,VIP,Corporate,East,Hong Kong,Minnesota,Mendezchester,Technology,Phones,Vote,4,212.32,0.2,10.68,679.42,-65.42,-0.1,Critical,UPI
ORD-12643,2022-12-29,Dec,2022,Lori Ramsey,New,Consumer,South,Hong Kong,Missouri,West Kaylaton,Technology,Laptops,Cell,2,38.77,0.2,32.86,62.03,0.92,0.01,High,Card
ORD-12644,2023-04-14,Apr,2023,Gary Byrd,Returning,Corporate,West,South Georgia and the South Sandwich Islands,Maryland,Garyville,Technology,Laptops,Indicate,4,674.62,0.14,42.02,2320.69,262.23,0.11,Low,UPI
ORD-12645,2023-01-04,Jan,2023,Hannah White,VIP,Consumer,East,Northern Mariana Islands,Vermont,Jasminefort,Furniture,Bookcases,Guess,10,484.81,0.13,28.17,4217.85,-263.18,-0.06,Low,UPI
ORD-12646,2024-08-07,Aug,2024,Joyce Rodriguez,New,Home Office,West,Benin,North Carolina,Phammouth,Office Supplies,Paper,Course,4,719.76,0.04,38.56,2763.88,588.24,0.21,High,Cash
ORD-12647,2025-05-16,May,2025,Richard Saunders,VIP,Consumer,South,Guinea-Bissau,Alaska,Douglaston,Furniture,Bookcases,Must,4,68.73,0.27,44.6,200.69,46.04,0.23,High,Card
ORD-12648,2022-12-09,Dec,2022,Breanna Porter,Returning,Home Office,South,Barbados,Washington,Romeromouth,Office Supplies,Paper,Name,4,344.55,0.25,39.37,1033.65,121.24,0.12,Critical,Cash
ORD-12649,2023-10-26,Oct,2023,Jordan Golden,New,Home Office,North,Kuwait,Nebraska,South Jordanburgh,Technology,Phones,Serve,5,732.6,0.2,5.71,2930.4,243.34,0.08,High,Card
ORD-12650,2023-03-06,Mar,2023,Judy Thomas,Returning,Home Office,Central,Philippines,Tennessee,Stevensland,Technology,Laptops,Indeed,5,684.48,0.1,19.77,3080.16,406.53,0.13,High,Net Banking
ORD-12651,2025-01-26,Jan,2025,Jacqueline King,New,Consumer,East,Macao,Montana,Weisston,Furniture,Chairs,Break,10,539.49,0.26,34.93,3992.23,669.68,0.17,High,Net Banking
ORD-12652,2024-02-08,Feb,2024,Mike Parker,Returning,Home Office,South,Suriname,New Mexico,West Davidhaven,Technology,Laptops,Between,1,396.95,0.1,20.33,357.25,61.81,0.17,Critical,Net Banking
ORD-12653,2024-03-07,Mar,2024,Rebecca Ramirez,Returning,Consumer,Central,Tanzania,New Mexico,Jonesmouth,Office Supplies,Paper,Do,4,209.29,0.17,44.65,694.84,38.18,0.05,Critical,Cash
ORD-12654,2025-02-28,Feb,2025,Johnny Oneal,VIP,Home Office,East,Jamaica,Connecticut,New Wayne,Technology,Phones,Across,2,157.05,0.26,5.88,232.43,26.8,0.12,Low,Cash
ORD-12655,2025-10-28,Oct,2025,Morgan Giles,VIP,Corporate,Central,Morocco,Wisconsin,West Ashleyland,Technology,Laptops,By,2,60.19,0.01,46.97,119.18,-4.77,-0.04,Critical,Cash
ORD-12656,2025-01-06,Jan,2025,Madison Moore,Returning,Corporate,Central,Senegal,Louisiana,West Marioburgh,Technology,Laptops,Reveal,9,752.41,0.07,21.14,6297.67,-621.28,-0.1,Critical,Cash
ORD-12657,2025-09-29,Sep,2025,Gabrielle Coffey,Returning,Corporate,West,Wallis and Futuna,West Virginia,Port Marymouth,Technology,Laptops,Fast,4,765.23,0.13,41.71,2663.0,-166.94,-0.06,Low,Cash
ORD-12658,2025-02-12,Feb,2025,Taylor Hughes,VIP,Home Office,North,Swaziland,Tennessee,Emmaburgh,Office Supplies,Binders,Available,6,122.77,0.02,20.91,721.89,-70.49,-0.1,Low,UPI
ORD-12659,2024-09-12,Sep,2024,Todd Fernandez,Returning,Corporate,South,Germany,Maine,Nathanielville,Furniture,Chairs,Whole,6,348.2,0.08,28.0,1922.06,377.46,0.2,Medium,Cash
ORD-12660,2025-09-09,Sep,2025,Anthony Terry,New,Corporate,East,Western Sahara,Hawaii,Philipton,Office Supplies,Storage,Benefit,7,369.57,0.11,6.5,2302.42,62.43,0.03,High,UPI
ORD-12661,2023-07-19,Jul,2023,Nancy Gonzales,Returning,Consumer,North,Mali,Nevada,Hernandezborough,Furniture,Tables,Public,3,60.77,0.24,18.87,138.56,25.26,0.18,Critical,Card
ORD-12662,2023-09-28,Sep,2023,Heidi Rose,VIP,Home Office,Central,Dominican Republic,Pennsylvania,North Nathaniel,Technology,Accessories,Development,6,131.01,0.19,37.98,636.71,173.4,0.27,Low,Card
ORD-12663,2022-12-20,Dec,2022,Aaron Silva,VIP,Consumer,West,Denmark,New Mexico,New Nathan,Office Supplies,Binders,Many,3,414.56,0.22,30.51,970.07,207.65,0.21,Low,Cash
ORD-12664,2024-12-26,Dec,2024,Lisa Shaw,VIP,Corporate,West,Spain,Wyoming,Doughertyview,Furniture,Bookcases,Partner,5,95.49,0.13,16.7,415.38,14.11,0.03,Low,Net Banking
ORD-12665,2025-10-10,Oct,2025,Jonathan Bird,New,Corporate,West,Hungary,Hawaii,Elizabethshire,Office Supplies,Storage,Give,3,62.92,0.04,17.11,181.21,28.66,0.16,Medium,UPI
ORD-12666,2025-05-16,May,2025,Joshua Johns,VIP,Consumer,Central,Bolivia,North Dakota,East Emily,Office Supplies,Binders,Perhaps,4,685.55,0.29,48.51,1946.96,371.11,0.19,Critical,Net Banking
ORD-12667,2024-03-04,Mar,2024,Ashley Edwards,New,Consumer,West,United States Minor Outlying Islands,West Virginia,Suttonberg,Technology,Accessories,Major,10,230.06,0.04,13.49,2208.58,598.58,0.27,Critical,Card
ORD-12668,2025-02-26,Feb,2025,John Parsons,Returning,Home Office,North,Norway,Pennsylvania,New Kyle,Technology,Accessories,Old,9,478.86,0.27,22.88,3146.11,-51.12,-0.02,Critical,Net Banking
ORD-12669,2023-02-15,Feb,2023,Amanda Zimmerman,Returning,Corporate,West,Marshall Islands,Maryland,Johnsonport,Office Supplies,Storage,Budget,3,789.28,0.28,22.69,1704.84,320.91,0.19,Medium,Card
ORD-12670,2022-11-25,Nov,2022,Darryl Mays,Returning,Corporate,East,Gabon,Oregon,Hayesside,Furniture,Chairs,Science,9,747.52,0.18,31.88,5516.7,1055.07,0.19,Low,Card
ORD-12671,2024-01-02,Jan,2024,Jacob Harris,New,Home Office,East,Ukraine,Nevada,Rogerview,Furniture,Chairs,Page,5,197.32,0.22,43.16,769.55,201.62,0.26,High,Cash
ORD-12672,2024-12-08,Dec,2024,Christopher Bonilla,New,Home Office,North,Mauritius,Mississippi,Lake Nathanielmouth,Furniture,Chairs,Unit,3,109.38,0.08,22.08,301.89,0.93,0.0,Critical,Cash
ORD-12673,2023-10-05,Oct,2023,Lisa Garcia,Returning,Corporate,South,Cote d'Ivoire,Nebraska,Greenville,Furniture,Chairs,Ability,9,630.68,0.2,23.21,4540.9,928.97,0.2,Medium,Net Banking
ORD-12674,2023-06-04,Jun,2023,Kimberly Rhodes,Returning,Home Office,South,Czech Republic,New Jersey,New Sara,Office Supplies,Paper,Spring,10,499.86,0.24,28.82,3798.94,918.24,0.24,Medium,UPI
ORD-12675,2025-06-15,Jun,2025,Anna Jones,VIP,Corporate,West,Guam,South Dakota,North Jaclynview,Office Supplies,Storage,May,1,694.88,0.12,6.16,611.49,30.92,0.05,Medium,Cash
ORD-12676,2023-01-24,Jan,2023,John Duncan,New,Home Office,South,Tajikistan,Maryland,Jessicastad,Technology,Phones,Know,2,770.99,0.12,33.88,1356.94,-88.81,-0.07,High,Card
ORD-12677,2023-03-12,Mar,2023,Carlos Francis,New,Home Office,East,French Southern Territories,Mississippi,South Keith,Technology,Phones,Every,8,445.78,0.12,16.05,3138.29,53.31,0.02,Low,Cash
ORD-12678,2023-09-03,Sep,2023,Lauren Thomas,VIP,Consumer,Central,Algeria,Iowa,West Amber,Furniture,Chairs,Manager,8,302.58,0.1,11.76,2178.58,195.98,0.09,High,UPI
ORD-12679,2023-09-27,Sep,2023,Melanie Rodriguez,VIP,Home Office,South,Netherlands Antilles,Maryland,North Teresa,Office Supplies,Storage,Yet,7,313.67,0.27,30.15,1602.85,-115.84,-0.07,Medium,Net Banking
ORD-12680,2025-03-01,Mar,2025,Andrew Bolton,Returning,Home Office,South,Ecuador,Maryland,Robynbury,Technology,Laptops,Possible,8,26.12,0.13,41.76,181.8,5.57,0.03,Low,Cash
ORD-12681,2023-03-05,Mar,2023,Shannon Mcclain,VIP,Home Office,North,Costa Rica,Kentucky,Samanthastad,Office Supplies,Binders,Must,5,185.67,0.04,7.84,891.22,156.43,0.18,High,Card
ORD-12682,2023-01-24,Jan,2023,Justin Sawyer,VIP,Corporate,North,Western Sahara,New Jersey,Michaelfurt,Technology,Phones,Interview,8,789.97,0.14,48.91,5434.99,1342.71,0.25,Medium,Cash
ORD-12683,2024-12-05,Dec,2024,Clinton Ramirez,Returning,Corporate,North,Cuba,New Hampshire,Anthonymouth,Furniture,Tables,Cup,8,419.52,0.12,6.47,2953.42,863.07,0.29,Low,Card
ORD-12684,2025-09-25,Sep,2025,Laura Brown,Returning,Home Office,West,Belize,Wyoming,Deniseshire,Office Supplies,Binders,Edge,6,387.43,0.1,13.49,2092.12,71.66,0.03,Low,Cash
ORD-12685,2024-02-23,Feb,2024,Jacqueline Page,Returning,Consumer,East,Sao Tome and Principe,Wyoming,Careyland,Office Supplies,Paper,Story,5,747.06,0.03,46.94,3623.24,-114.14,-0.03,Medium,Cash
ORD-12686,2023-10-27,Oct,2023,Cynthia Guerrero,New,Corporate,East,Korea,Missouri,New Mariah,Furniture,Tables,Through,8,26.19,0.1,28.57,188.57,-6.55,-0.03,Low,UPI
ORD-12687,2023-06-13,Jun,2023,Jason Kent,New,Consumer,South,Romania,Wyoming,Cindyberg,Furniture,Tables,Rich,3,519.0,0.22,11.45,1214.46,177.35,0.15,Medium,UPI
ORD-12688,2025-07-15,Jul,2025,Sherry Martin,Returning,Home Office,North,Syrian Arab Republic,Louisiana,Shannonhaven,Office Supplies,Storage,Job,2,57.19,0.22,40.66,89.22,25.53,0.29,High,Card
ORD-12689,2023-08-02,Aug,2023,Amber Maldonado,New,Home Office,North,Finland,Georgia,Johnnyville,Furniture,Bookcases,Various,5,522.88,0.13,43.09,2274.53,226.28,0.1,Critical,UPI
ORD-12690,2023-05-14,May,2023,Clarence Salinas,New,Consumer,South,British Virgin Islands,New Jersey,Conleymouth,Technology,Laptops,Exactly,9,734.03,0.06,49.63,6209.89,1121.26,0.18,Critical,Card
ORD-12691,2024-01-27,Jan,2024,Julie Edwards,New,Home Office,South,Honduras,Idaho,East Colleen,Office Supplies,Binders,Heavy,7,756.15,0.24,39.15,4022.72,528.48,0.13,High,UPI
ORD-12692,2023-12-07,Dec,2023,David Flores,VIP,Consumer,South,Spain,Illinois,North Sara,Technology,Accessories,Clearly,4,455.0,0.21,16.01,1437.8,-141.98,-0.1,Critical,Cash
ORD-12693,2023-12-14,Dec,2023,Tammy Leon,VIP,Consumer,West,Bermuda,North Dakota,Lake Natasha,Office Supplies,Paper,Point,4,484.61,0.04,17.99,1860.9,57.83,0.03,Medium,Cash
ORD-12694,2025-09-05,Sep,2025,Jesus Bean,VIP,Consumer,North,United States Virgin Islands,New Jersey,Randallchester,Office Supplies,Binders,Cup,5,194.63,0.19,46.99,788.25,9.75,0.01,Medium,UPI
ORD-12695,2024-12-29,Dec,2024,George Colon,Returning,Home Office,South,Bahamas,Connecticut,Port Michelle,Office Supplies,Binders,Appear,2,500.8,0.26,17.72,741.18,-28.6,-0.04,Low,Cash
ORD-12696,2025-04-07,Apr,2025,Deborah Reed,Returning,Consumer,North,Croatia,Indiana,North Brendafurt,Technology,Phones,Draw,5,643.33,0.29,31.57,2283.82,454.78,0.2,Low,Cash
ORD-12697,2024-01-26,Jan,2024,Brianna Davies,New,Consumer,West,Myanmar,Utah,North Davidport,Office Supplies,Binders,Response,3,608.52,0.15,9.65,1551.73,-93.56,-0.06,Low,Net Banking
ORD-12698,2025-02-03,Feb,2025,Joshua Mclaughlin,VIP,Home Office,West,Ukraine,Hawaii,Laurenberg,Furniture,Chairs,Thing,3,293.21,0.01,33.27,870.83,26.63,0.03,Critical,Net Banking
ORD-12699,2025-11-10,Nov,2025,Tyler Little,New,Consumer,East,Yemen,Connecticut,Lake Danielle,Furniture,Chairs,Other,6,632.1,0.17,40.31,3147.86,168.59,0.05,Medium,Cash
ORD-12700,2025-08-22,Aug,2025,Sandra Torres,New,Consumer,West,Holy See (Vatican City State),Arkansas,Obrienbury,Office Supplies,Storage,Responsibility,9,14.84,0.13,33.2,116.2,25.65,0.22,Medium,Cash
ORD-12701,2025-03-22,Mar,2025,Betty Long,VIP,Corporate,East,Bulgaria,Oklahoma,Port William,Furniture,Tables,Wind,2,393.53,0.28,18.24,566.68,38.66,0.07,Critical,Cash
ORD-12702,2023-05-28,May,2023,Desiree Moore,New,Corporate,South,Ecuador,New Mexico,Montoyaberg,Furniture,Chairs,Let,8,675.02,0.18,45.47,4428.13,767.68,0.17,Low,Cash
ORD-12703,2025-07-06,Jul,2025,Angela Thompson,Returning,Home Office,North,Mexico,Connecticut,South Brandi,Office Supplies,Binders,Peace,10,529.33,0.05,17.46,5028.64,553.82,0.11,Low,Card
ORD-12704,2023-11-19,Nov,2023,Edward Hensley,Returning,Corporate,North,Korea,South Carolina,South Sherry,Furniture,Bookcases,There,9,207.98,0.28,17.17,1347.71,161.0,0.12,High,Cash
ORD-12705,2022-11-26,Nov,2022,Samantha Payne,Returning,Consumer,North,Costa Rica,Connecticut,Port Kaylaland,Office Supplies,Binders,Ok,5,622.42,0.19,32.49,2520.8,189.05,0.07,Critical,Card
ORD-12706,2025-10-29,Oct,2025,Stacy Molina,VIP,Corporate,East,Sri Lanka,Utah,Barreramouth,Office Supplies,Binders,City,6,234.93,0.03,21.68,1367.29,184.35,0.13,High,Cash
ORD-12707,2023-05-12,May,2023,Christina Brooks,Returning,Consumer,East,Netherlands,Louisiana,Port Ernesthaven,Office Supplies,Paper,Just,6,56.47,0.08,18.6,311.71,55.31,0.18,Low,UPI
ORD-12708,2023-04-20,Apr,2023,Nicole Barr,VIP,Consumer,Central,Yemen,California,West Danielmouth,Technology,Phones,Watch,2,382.98,0.07,35.81,712.34,74.99,0.11,Low,Card
ORD-12709,2023-10-12,Oct,2023,Robert Kelly,VIP,Home Office,West,Chad,Wyoming,Jarvisburgh,Office Supplies,Binders,Mind,5,239.31,0.28,11.17,861.52,9.3,0.01,High,Net Banking
ORD-12710,2024-04-13,Apr,2024,Daniel Mccullough,New,Home Office,Central,South Georgia and the South Sandwich Islands,Michigan,Randyton,Furniture,Bookcases,Majority,7,385.2,0.29,35.18,1914.44,23.22,0.01,Low,Net Banking
ORD-12711,2023-11-02,Nov,2023,Michael Davis,New,Home Office,East,Brazil,Ohio,East Stephanie,Furniture,Bookcases,Serious,2,211.47,0.27,28.53,308.75,-15.11,-0.05,Critical,Net Banking
ORD-12712,2025-01-24,Jan,2025,Michael Vang,New,Consumer,Central,Northern Mariana Islands,Alaska,Port Austin,Office Supplies,Paper,Central,3,526.56,0.24,43.73,1200.56,207.25,0.17,High,Net Banking
ORD-12713,2024-08-16,Aug,2024,John Evans,VIP,Home Office,North,Malawi,Illinois,Port Ashleyhaven,Furniture,Chairs,Would,8,456.56,0.07,37.09,3396.81,320.98,0.09,Low,UPI
ORD-12714,2025-09-28,Sep,2025,Christopher Walsh,Returning,Corporate,West,Western Sahara,Louisiana,Andersonchester,Technology,Phones,Sport,4,365.51,0.02,10.1,1432.8,237.71,0.17,Critical,Cash
ORD-12715,2024-01-29,Jan,2024,Jocelyn Ray,Returning,Consumer,South,Angola,New Hampshire,Lake Deniseland,Office Supplies,Paper,Career,10,478.71,0.22,31.21,3733.94,328.93,0.09,Low,Cash
ORD-12716,2025-09-18,Sep,2025,Robert Hawkins,VIP,Home Office,North,Chad,North Carolina,Edwardhaven,Technology,Laptops,Side,1,169.97,0.23,19.48,130.88,26.14,0.2,High,Card
ORD-12717,2024-09-14,Sep,2024,Kristy Rich,New,Home Office,Central,Saint Lucia,Nevada,West Robert,Furniture,Bookcases,Animal,1,774.11,0.08,40.46,712.18,50.04,0.07,Medium,UPI
ORD-12718,2023-06-16,Jun,2023,Dustin Schneider,New,Home Office,East,Hungary,Kansas,Nicholaston,Technology,Accessories,Any,9,415.38,0.11,44.15,3327.19,654.13,0.2,Critical,UPI
ORD-12719,2025-08-09,Aug,2025,Karen Leon,New,Consumer,Central,Papua New Guinea,Maryland,Jimmyview,Furniture,Bookcases,Former,7,386.36,0.27,49.51,1974.3,307.96,0.16,Critical,Cash
ORD-12720,2025-05-02,May,2025,Hannah Davis,VIP,Consumer,South,Turks and Caicos Islands,Tennessee,Soniahaven,Office Supplies,Paper,Born,1,553.82,0.14,49.77,476.29,11.28,0.02,Critical,Cash
ORD-12721,2025-07-02,Jul,2025,Steven Roberts,Returning,Home Office,North,El Salvador,Georgia,Toddfurt,Furniture,Bookcases,Treat,7,568.66,0.22,20.21,3104.88,721.72,0.23,High,Card
ORD-12722,2024-10-25,Oct,2024,Carolyn Black,Returning,Corporate,West,Norfolk Island,New Hampshire,Danielmouth,Furniture,Bookcases,Question,4,627.17,0.21,31.75,1981.86,-112.24,-0.06,High,Net Banking
ORD-12723,2025-07-13,Jul,2025,Jeffrey Burgess,Returning,Corporate,North,Canada,Georgia,East Charleneburgh,Office Supplies,Binders,Talk,7,380.55,0.04,37.74,2557.3,-142.23,-0.06,Medium,Card
ORD-12724,2025-10-18,Oct,2025,Rebecca Small,Returning,Home Office,Central,Svalbard & Jan Mayen Islands,Iowa,South Stevenshire,Office Supplies,Paper,Nation,5,467.82,0.23,29.74,1801.11,-81.39,-0.05,Low,Cash
ORD-12725,2025-02-07,Feb,2025,Andrew Moreno,Returning,Consumer,Central,Tokelau,Rhode Island,Simonshire,Furniture,Bookcases,Data,1,73.82,0.19,10.71,59.79,11.3,0.19,Low,Cash
ORD-12726,2024-01-25,Jan,2024,Darlene Henderson,VIP,Consumer,East,South Africa,Indiana,Pedroton,Furniture,Tables,Walk,1,765.26,0.15,37.08,650.47,52.88,0.08,Low,Card
ORD-12727,2025-09-15,Sep,2025,Ethan Baker,VIP,Home Office,North,Tonga,Wisconsin,Kennedyfurt,Office Supplies,Storage,Event,3,303.66,0.0,11.98,910.98,195.19,0.21,High,Net Banking
ORD-12728,2024-09-10,Sep,2024,Jessica Navarro,New,Corporate,North,Panama,Wyoming,West Adamshire,Furniture,Tables,Control,5,692.26,0.12,23.96,3045.94,406.39,0.13,Medium,Cash
ORD-12729,2023-05-20,May,2023,Eric Simpson,New,Corporate,North,Zimbabwe,Rhode Island,North Maria,Furniture,Chairs,Own,1,426.69,0.15,48.73,362.69,72.9,0.2,Medium,Net Banking
ORD-12730,2023-05-21,May,2023,Emily Fitzgerald,Returning,Home Office,Central,American Samoa,North Dakota,Murphymouth,Technology,Accessories,Positive,2,141.35,0.2,33.72,226.16,21.63,0.1,Low,Card
ORD-12731,2025-01-27,Jan,2025,Katherine Kelley,New,Home Office,South,Greece,Texas,Jamesburgh,Technology,Accessories,Real,5,90.1,0.13,17.13,391.94,115.02,0.29,Medium,Cash
ORD-12732,2023-09-27,Sep,2023,Kelly Pitts,New,Corporate,Central,Romania,Minnesota,North Zacharyland,Technology,Laptops,Among,5,294.2,0.05,7.44,1397.45,246.09,0.18,Low,Cash
ORD-12733,2024-05-21,May,2024,Hannah Schmidt,VIP,Consumer,Central,Poland,Iowa,Gaystad,Furniture,Chairs,Individual,8,50.53,0.24,17.87,307.22,6.1,0.02,Low,Net Banking
ORD-12734,2023-09-06,Sep,2023,Tommy Meyer,VIP,Consumer,West,Palestinian Territory,Indiana,Saundersview,Furniture,Chairs,Individual,1,623.68,0.15,33.48,530.13,21.18,0.04,Critical,Card
ORD-12735,2023-08-14,Aug,2023,Mary Cunningham,New,Corporate,West,Pakistan,Illinois,North Jennifer,Office Supplies,Storage,Prevent,7,701.83,0.05,34.46,4667.17,725.65,0.16,High,Cash
ORD-12736,2025-08-04,Aug,2025,Barbara Barton,Returning,Corporate,South,Pitcairn Islands,Alabama,Smithberg,Technology,Laptops,Speech,4,70.33,0.19,19.04,227.87,-0.31,0.0,High,Cash
ORD-12737,2024-11-21,Nov,2024,Angela Thompson,New,Corporate,East,Morocco,Kentucky,East Markview,Furniture,Tables,Measure,5,388.55,0.1,5.03,1748.48,-21.17,-0.01,High,Net Banking
ORD-12738,2025-09-15,Sep,2025,Jo Waters,VIP,Consumer,North,Denmark,Wisconsin,Jenniferland,Technology,Accessories,Event,5,20.51,0.18,36.34,84.09,23.66,0.28,High,Net Banking
ORD-12739,2025-10-01,Oct,2025,Keith Mcdonald,Returning,Corporate,Central,Indonesia,Utah,Anthonyville,Office Supplies,Storage,Administration,5,27.41,0.26,34.01,101.42,17.6,0.17,Critical,Cash
ORD-12740,2025-11-06,Nov,2025,Kevin Andrews,Returning,Home Office,West,Micronesia,Massachusetts,Jenniferland,Furniture,Chairs,Outside,7,632.69,0.07,31.61,4118.81,525.71,0.13,Low,Net Banking
ORD-12741,2024-10-15,Oct,2024,Walter Holt,New,Consumer,North,Canada,New York,South William,Office Supplies,Paper,Near,1,166.22,0.09,37.86,151.26,35.49,0.23,Low,Cash
ORD-12742,2024-06-12,Jun,2024,Scott Evans,Returning,Corporate,South,Palau,Connecticut,Jacksonchester,Furniture,Tables,Nor,10,636.6,0.16,17.11,5347.44,-79.85,-0.01,Low,Card
ORD-12743,2025-08-02,Aug,2025,Jennifer Hendrix,New,Consumer,South,Paraguay,Florida,Lake Anitabury,Furniture,Tables,Spend,10,205.77,0.0,45.21,2057.7,137.41,0.07,Medium,Card
ORD-12744,2024-05-11,May,2024,Veronica Gardner,VIP,Consumer,West,Madagascar,Oregon,Port Robert,Technology,Accessories,Cut,7,539.61,0.16,44.85,3172.91,574.49,0.18,High,Net Banking
ORD-12745,2024-07-26,Jul,2024,Ashley Logan,VIP,Home Office,East,Burundi,Florida,Mariashire,Furniture,Bookcases,Put,5,790.51,0.26,19.71,2924.89,221.2,0.08,Critical,Card
ORD-12746,2023-11-19,Nov,2023,Richard Wright,Returning,Corporate,East,Egypt,Delaware,South Sarahberg,Technology,Laptops,Partner,7,224.21,0.12,17.51,1381.13,233.07,0.17,Medium,Cash
ORD-12747,2025-02-28,Feb,2025,Kimberly Wilson,New,Corporate,East,Solomon Islands,Alaska,Heatherville,Technology,Laptops,Onto,1,196.86,0.23,27.71,151.58,-3.62,-0.02,Critical,Net Banking
ORD-12748,2025-09-22,Sep,2025,Shannon Faulkner,Returning,Home Office,West,Costa Rica,Montana,West Andreaborough,Furniture,Tables,Issue,10,307.42,0.08,9.16,2828.26,9.27,0.0,Medium,Card
ORD-12749,2022-12-19,Dec,2022,Randy Sanchez,Returning,Home Office,Central,Greenland,Oklahoma,Karenport,Office Supplies,Storage,Well,7,168.52,0.18,49.84,967.3,274.08,0.28,Low,UPI
ORD-12750,2024-12-06,Dec,2024,Richard Clark,Returning,Consumer,Central,French Polynesia,North Carolina,North Joshuaburgh,Technology,Phones,Prove,7,737.38,0.14,30.91,4439.03,1303.63,0.29,Low,Net Banking
ORD-12751,2024-08-25,Aug,2024,Keith Wood,New,Corporate,East,Saint Martin,Florida,Jessicaport,Furniture,Tables,Risk,5,59.69,0.03,7.89,289.5,-10.75,-0.04,High,Cash
ORD-12752,2025-09-27,Sep,2025,Erica Banks,VIP,Home Office,North,Mozambique,Delaware,Hallville,Technology,Phones,So,6,239.88,0.17,15.91,1194.6,-39.17,-0.03,Low,Net Banking
ORD-12753,2025-09-27,Sep,2025,Alexandra Rodgers,Returning,Corporate,East,Seychelles,Louisiana,Garzaview,Office Supplies,Storage,Against,1,170.08,0.11,42.74,151.37,38.67,0.26,Critical,Card
ORD-12754,2024-08-20,Aug,2024,Tanya Wiley,VIP,Home Office,West,Ukraine,Connecticut,Rodneytown,Furniture,Tables,Project,8,395.72,0.18,36.8,2595.92,-188.06,-0.07,Critical,UPI
ORD-12755,2023-03-08,Mar,2023,Anthony Monroe,VIP,Consumer,South,Egypt,Colorado,Christopherbury,Office Supplies,Binders,May,5,527.38,0.1,28.34,2373.21,265.94,0.11,High,Card
ORD-12756,2025-04-20,Apr,2025,Mrs. Stephanie Palmer MD,VIP,Consumer,East,Eritrea,Alabama,West Rachel,Technology,Phones,Trouble,5,298.19,0.27,39.39,1088.39,189.58,0.17,Medium,Card
ORD-12757,2023-04-26,Apr,2023,Hannah Boyer,New,Corporate,South,Guadeloupe,Louisiana,West Matthewton,Technology,Accessories,Find,7,762.87,0.22,44.46,4165.27,240.22,0.06,Medium,UPI
ORD-12758,2025-07-05,Jul,2025,John Hill,New,Corporate,Central,Lesotho,Connecticut,West Bryanburgh,Furniture,Tables,Scene,5,504.59,0.13,36.02,2194.97,485.09,0.22,Low,Net Banking
ORD-12759,2023-09-19,Sep,2023,Kelly Rivas,New,Corporate,East,Taiwan,Texas,Brittanyborough,Office Supplies,Storage,Same,8,163.31,0.26,14.02,966.8,35.61,0.04,Critical,Cash
ORD-12760,2023-08-17,Aug,2023,Edward Kirby,New,Corporate,West,Rwanda,Colorado,Mckenzietown,Technology,Phones,For,7,711.22,0.08,41.41,4580.26,416.34,0.09,Low,UPI
ORD-12761,2024-02-06,Feb,2024,Brittany Perez MD,Returning,Corporate,East,Bangladesh,California,Port Phillip,Furniture,Tables,Western,6,266.59,0.14,40.6,1375.6,-54.86,-0.04,Low,Cash
ORD-12762,2025-01-30,Jan,2025,Edward Rodriguez,New,Home Office,East,Tajikistan,Wyoming,Jamesmouth,Office Supplies,Binders,Everybody,8,794.99,0.21,12.29,5024.34,968.24,0.19,Medium,UPI
ORD-12763,2023-04-06,Apr,2023,Joanna Lee,VIP,Home Office,West,Antarctica (the territory South of 60 deg S),Arizona,East Robert,Technology,Laptops,Because,1,78.53,0.21,40.05,62.04,-4.48,-0.07,Low,Cash
ORD-12764,2023-12-09,Dec,2023,Lindsay Williams,New,Corporate,West,Norfolk Island,Illinois,Emilybury,Furniture,Bookcases,Off,6,764.07,0.17,42.37,3805.07,-52.65,-0.01,High,Card
ORD-12765,2024-12-26,Dec,2024,Curtis Cook,New,Corporate,South,San Marino,Montana,Kellyhaven,Furniture,Bookcases,Hour,3,261.56,0.08,7.3,721.91,186.64,0.26,High,Net Banking
ORD-12766,2024-08-12,Aug,2024,Isaac Snyder,Returning,Home Office,West,Svalbard & Jan Mayen Islands,Alaska,North Amy,Furniture,Tables,City,9,144.97,0.08,34.74,1200.35,159.92,0.13,Low,Card
ORD-12767,2024-08-24,Aug,2024,Mark Harrison,New,Corporate,Central,Liechtenstein,Arkansas,Smithview,Office Supplies,Storage,Budget,6,229.53,0.22,47.57,1074.2,98.43,0.09,Medium,Cash
ORD-12768,2024-08-30,Aug,2024,Rachel Torres,VIP,Corporate,East,Timor-Leste,Idaho,Karenstad,Office Supplies,Paper,Yeah,7,601.9,0.07,31.32,3918.37,446.15,0.11,Critical,UPI
ORD-12769,2024-11-24,Nov,2024,Aaron Garcia,New,Consumer,North,Guyana,Missouri,Thompsonside,Office Supplies,Paper,Stop,2,280.02,0.19,25.98,453.63,-41.81,-0.09,Critical,UPI
ORD-12770,2023-11-08,Nov,2023,Amy Odonnell,Returning,Home Office,East,Mongolia,Rhode Island,Hollyshire,Office Supplies,Paper,Full,8,150.83,0.05,40.2,1146.31,328.79,0.29,Critical,Card
ORD-12771,2024-01-29,Jan,2024,Christopher Brown,VIP,Consumer,South,Botswana,Alaska,West Gregory,Technology,Laptops,Recent,9,27.0,0.05,24.04,230.85,10.41,0.05,Critical,Cash
ORD-12772,2023-12-21,Dec,2023,Thomas Kennedy,New,Consumer,West,Nauru,North Carolina,South Derek,Office Supplies,Binders,Chance,5,796.82,0.21,41.95,3147.44,-246.41,-0.08,Low,Net Banking
ORD-12773,2025-04-04,Apr,2025,Mary Campbell,VIP,Corporate,East,Sri Lanka,California,Christopherport,Office Supplies,Binders,Benefit,8,486.53,0.22,18.99,3035.95,63.49,0.02,High,UPI
ORD-12774,2023-04-12,Apr,2023,Connie Collins,New,Home Office,Central,Malawi,Alaska,Port Joseph,Furniture,Tables,Analysis,8,540.92,0.15,13.12,3678.26,48.67,0.01,Medium,Cash
ORD-12775,2025-06-11,Jun,2025,Matthew Potter,New,Consumer,West,American Samoa,New York,West Jodiborough,Office Supplies,Binders,Too,3,574.72,0.16,41.9,1448.29,-27.71,-0.02,Critical,UPI
ORD-12776,2023-07-31,Jul,2023,Ronald Bauer,VIP,Corporate,Central,Tuvalu,Louisiana,South James,Furniture,Chairs,Reduce,2,703.1,0.23,49.65,1082.77,147.84,0.14,Critical,Card
ORD-12777,2023-08-19,Aug,2023,Lisa Cobb,New,Consumer,North,Jersey,Colorado,Hartside,Furniture,Tables,Significant,9,394.82,0.26,21.64,2629.5,399.43,0.15,Low,Net Banking
ORD-12778,2025-05-25,May,2025,Denise Bartlett,New,Consumer,East,Mali,Maryland,Shawnberg,Technology,Accessories,Already,1,568.73,0.28,31.67,409.49,94.86,0.23,Critical,UPI
ORD-12779,2025-07-23,Jul,2025,Adam Franklin,Returning,Corporate,Central,British Indian Ocean Territory (Chagos Archipelago),Tennessee,Catherineland,Furniture,Chairs,,5,289.96,0.25,26.93,1087.35,232.97,0.21,Low,UPI
ORD-12780,2023-10-17,Oct,2023,Mrs. Mary Anderson MD,New,Consumer,Central,Congo,Ohio,Boyerport,Furniture,Chairs,Attention,9,692.3,0.13,34.5,5420.71,-295.33,-0.05,Medium,Card
ORD-12781,2025-11-08,Nov,2025,Jeff Rogers,Returning,Home Office,Central,Guinea,North Dakota,East Jennifer,Office Supplies,Binders,See,9,704.68,0.05,21.63,6025.01,626.26,0.1,Low,Net Banking
ORD-12782,2025-05-14,May,2025,Sabrina Warren,New,Consumer,Central,Saint Barthelemy,South Carolina,Davidfurt,Office Supplies,Binders,Address,5,364.61,0.21,38.51,1440.21,73.65,0.05,Low,Net Banking
ORD-12783,2024-12-25,Dec,2024,Craig Dennis,VIP,Consumer,North,Ethiopia,Connecticut,Johnsonport,Technology,Phones,Building,9,473.53,0.23,43.7,3281.56,200.77,0.06,Medium,Cash
ORD-12784,2023-08-06,Aug,2023,John Simpson,New,Consumer,East,Turks and Caicos Islands,Florida,Matthewstad,Office Supplies,Binders,Myself,4,213.68,0.23,15.07,658.13,28.26,0.04,Critical,UPI
ORD-12785,2025-09-30,Sep,2025,Heather Freeman MD,Returning,Consumer,West,France,West Virginia,East Justin,Furniture,Tables,Indeed,2,111.88,0.29,45.42,158.87,24.48,0.15,Low,Cash
ORD-12786,2023-12-14,Dec,2023,Diana French,New,Corporate,South,Micronesia,New Jersey,Joyside,Furniture,Tables,Exactly,6,51.54,0.2,39.68,247.39,36.49,0.15,High,Net Banking
ORD-12787,2023-07-31,Jul,2023,Emily Glover,Returning,Corporate,East,Antarctica (the territory South of 60 deg S),South Carolina,Elizabethburgh,Technology,Laptops,Either,1,584.31,0.12,22.26,514.19,-29.44,-0.06,High,Cash
ORD-12788,2024-07-13,Jul,2024,Larry Gray,New,Corporate,North,Greece,North Dakota,Jonestown,Furniture,Bookcases,Decision,2,86.65,0.18,35.67,142.11,33.09,0.23,Low,Card
ORD-12789,2025-05-13,May,2025,Stacey Reese,New,Corporate,North,Singapore,Ohio,New Sabrina,Technology,Phones,Before,9,327.01,0.29,16.38,2089.59,-100.34,-0.05,High,Card
ORD-12790,2023-09-08,Sep,2023,Patrick Rocha,VIP,Corporate,South,Fiji,California,Olsontown,Furniture,Chairs,Himself,1,449.54,0.19,47.53,364.13,22.38,0.06,High,Net Banking
ORD-12791,2023-12-17,Dec,2023,Hector Mason,Returning,Home Office,North,Norfolk Island,Maryland,Hughesbury,Furniture,Tables,Staff,1,227.69,0.29,42.4,161.66,21.03,0.13,Medium,UPI
ORD-12792,2024-02-09,Feb,2024,Christina Hernandez,Returning,Corporate,Central,Saint Kitts and Nevis,North Dakota,Porterchester,Office Supplies,Paper,Interest,3,179.31,0.25,48.3,403.45,8.01,0.02,Medium,Cash
ORD-12793,2024-12-19,Dec,2024,Erin Bishop,New,Home Office,East,Antarctica (the territory South of 60 deg S),Montana,Herreraburgh,Furniture,Chairs,Image,8,467.45,0.3,39.57,2617.72,-22.8,-0.01,Critical,Net Banking
ORD-12794,2024-10-23,Oct,2024,Christopher Ochoa,New,Home Office,Central,Trinidad and Tobago,New Mexico,Pamelachester,Technology,Laptops,Note,7,320.47,0.07,27.8,2086.26,559.2,0.27,Low,Net Banking
ORD-12795,2023-04-11,Apr,2023,Tammy Harding,New,Home Office,Central,Fiji,West Virginia,Myersbury,Office Supplies,Binders,Reduce,5,637.09,0.04,7.89,3058.03,396.26,0.13,Critical,Net Banking
ORD-12796,2024-04-18,Apr,2024,Courtney Scott,VIP,Consumer,Central,Sierra Leone,Pennsylvania,New William,Office Supplies,Storage,Scene,2,785.16,0.03,48.14,1523.21,195.11,0.13,Medium,UPI
ORD-12797,2023-07-08,Jul,2023,Tyler Rogers,Returning,Home Office,Central,Austria,Washington,Lake Ernesttown,Office Supplies,Binders,Physical,9,714.55,0.29,17.09,4565.97,1337.1,0.29,Critical,Cash
ORD-12798,2024-07-09,Jul,2024,Brenda Price,Returning,Home Office,South,Burkina Faso,Washington,Tuckertown,Office Supplies,Storage,Important,4,527.04,0.26,12.52,1560.04,174.64,0.11,Medium,Net Banking
ORD-12799,2023-08-14,Aug,2023,Lori Chandler,Returning,Consumer,Central,Tajikistan,Hawaii,Williamsshire,Office Supplies,Binders,Environmental,5,168.8,0.02,26.15,827.12,49.64,0.06,Low,Cash
ORD-12800,2025-08-09,Aug,2025,Brittany Kaiser,VIP,Home Office,East,Brunei Darussalam,Pennsylvania,West Brittany,Office Supplies,Storage,Story,9,360.49,0.13,25.82,2822.64,-47.8,-0.02,Medium,Card
ORD-12801,2025-07-22,Jul,2025,Kyle Wilson,VIP,Corporate,West,Portugal,Minnesota,East Kristintown,Office Supplies,Paper,Trouble,8,180.13,0.07,33.29,1340.17,270.59,0.2,Low,Cash
ORD-12802,2024-05-06,May,2024,Wendy Ortiz,VIP,Consumer,South,United States Minor Outlying Islands,Maryland,Millerchester,Office Supplies,Storage,Board,4,634.21,0.06,6.17,2384.63,115.46,0.05,High,Net Banking
ORD-12803,2023-08-29,Aug,2023,Melissa Scott,Returning,Corporate,East,Turks and Caicos Islands,South Carolina,Davidsonbury,Office Supplies,Binders,Nice,3,699.96,0.03,20.51,2036.88,246.8,0.12,High,Net Banking
ORD-12804,2024-12-12,Dec,2024,Jonathan Long,VIP,Consumer,Central,Finland,West Virginia,Port Kimberlyshire,Furniture,Chairs,Opportunity,3,656.71,0.28,30.31,1418.49,-135.27,-0.1,High,Net Banking
ORD-12805,2025-07-20,Jul,2025,Julie Parker,VIP,Home Office,West,Guinea-Bissau,Illinois,Phillipshaven,Technology,Accessories,Pretty,1,165.38,0.02,22.23,162.07,19.25,0.12,Medium,Net Banking
ORD-12806,2023-10-04,Oct,2023,Deanna Richardson,VIP,Home Office,North,Egypt,Illinois,Clineshire,Technology,Phones,Side,1,300.4,0.11,28.71,267.36,73.05,0.27,Medium,Net Banking
ORD-12807,2024-05-01,May,2024,Mark Burns,Returning,Consumer,Central,Bulgaria,Connecticut,Victoriaberg,Technology,Laptops,Whatever,6,19.39,0.26,44.3,86.09,25.06,0.29,Critical,Cash
ORD-12808,2025-02-05,Feb,2025,Jane Tucker,Returning,Home Office,West,Haiti,Wisconsin,Bishopborough,Technology,Laptops,Across,6,755.57,0.17,38.24,3762.74,873.6,0.23,Critical,Cash
ORD-12809,2025-08-29,Aug,2025,Peter Galvan,VIP,Consumer,West,Greece,Texas,Snyderbury,Furniture,Chairs,Save,1,65.07,0.04,8.52,62.47,18.15,0.29,Critical,UPI
ORD-12810,2023-02-13,Feb,2023,Jennifer Sanders,New,Home Office,South,Russian Federation,Maine,Heatherview,Technology,Accessories,Realize,8,380.65,0.05,32.4,2892.94,440.1,0.15,Critical,Card
ORD-12811,2022-12-24,Dec,2022,Thomas Williams,Returning,Home Office,South,Bulgaria,New York,West Michellechester,Technology,Phones,Term,6,60.88,0.11,40.7,325.1,-31.17,-0.1,Medium,UPI
ORD-12812,2023-03-07,Mar,2023,Alyssa Harvey,New,Home Office,Central,Anguilla,South Carolina,East Jamie,Office Supplies,Storage,Paper,4,764.75,0.04,38.62,2936.64,735.84,0.25,Low,UPI
ORD-12813,2022-12-30,Dec,2022,Dr. Kyle Russell,VIP,Home Office,North,New Zealand,Maryland,South Laurachester,Furniture,Chairs,Affect,8,355.23,0.18,12.0,2330.31,-57.96,-0.02,Low,Net Banking
ORD-12814,2024-03-12,Mar,2024,Thomas Cox,Returning,Corporate,East,Australia,Texas,Colleenfurt,Furniture,Chairs,Actually,10,438.46,0.15,21.0,3726.91,-270.37,-0.07,Low,Cash
ORD-12815,2025-05-31,May,2025,Travis Robinson,New,Consumer,West,Niger,Wisconsin,Cruzmouth,Technology,Phones,Word,6,227.83,0.07,17.49,1271.29,52.99,0.04,Low,Cash
ORD-12816,2024-04-29,Apr,2024,Ashley Sanchez,New,Consumer,North,Cayman Islands,Illinois,Christophershire,Office Supplies,Binders,Center,9,689.95,0.25,40.61,4657.16,680.7,0.15,Low,Card
ORD-12817,2025-05-05,May,2025,Dana Hart,VIP,Home Office,North,United States Virgin Islands,New Mexico,Laurenfurt,Office Supplies,Storage,Across,6,304.97,0.02,34.39,1793.22,141.6,0.08,Medium,UPI
ORD-12818,2025-02-06,Feb,2025,Cody Vasquez,VIP,Corporate,West,Bolivia,Idaho,North Erika,Furniture,Chairs,Change,10,253.87,0.13,25.06,2208.67,598.44,0.27,Medium,UPI
ORD-12819,2023-07-16,Jul,2023,Brad Myers,VIP,Home Office,East,Greenland,Ohio,Bautistaberg,Furniture,Chairs,Face,10,151.11,0.27,40.55,1103.1,40.18,0.04,High,UPI
ORD-12820,2025-04-28,Apr,2025,Jennifer Edwards,Returning,Home Office,Central,Tunisia,Florida,Debramouth,Technology,Phones,This,10,211.22,0.28,34.14,1520.78,189.11,0.12,Low,Card
ORD-12821,2025-05-02,May,2025,Hector Bates,Returning,Home Office,South,Afghanistan,Maryland,Lake David,Office Supplies,Binders,Their,8,518.06,0.27,28.0,3025.47,445.29,0.15,High,Card
ORD-12822,2025-06-09,Jun,2025,Deborah Williams,Returning,Corporate,North,Libyan Arab Jamahiriya,Arizona,Travisland,Furniture,Bookcases,Sister,2,247.77,0.04,32.86,475.72,-25.14,-0.05,Critical,Net Banking
ORD-12823,2025-06-25,Jun,2025,Isabel Allen,New,Consumer,South,Bosnia and Herzegovina,Kentucky,Thomasmouth,Furniture,Chairs,Natural,6,748.63,0.23,47.0,3458.67,-294.6,-0.09,High,Net Banking
ORD-12824,2023-12-19,Dec,2023,Sarah Reyes,VIP,Corporate,North,Bhutan,South Carolina,Lake Meganview,Furniture,Chairs,Bad,6,303.54,0.17,8.2,1511.63,-101.19,-0.07,High,Net Banking
ORD-12825,2023-01-07,Jan,2023,Charles Allen,VIP,Corporate,North,Somalia,Connecticut,Sawyermouth,Office Supplies,Storage,Man,8,433.23,0.21,45.25,2738.01,362.42,0.13,Low,Card
ORD-12826,2024-06-24,Jun,2024,Yvette Williams,VIP,Corporate,Central,American Samoa,Florida,Port Leah,Furniture,Chairs,Worker,3,52.77,0.15,43.96,134.56,20.51,0.15,Medium,Cash
ORD-12827,2023-10-13,Oct,2023,Tyler Holland,Returning,Consumer,East,Sierra Leone,Pennsylvania,Lake Jesse,Furniture,Bookcases,Fight,6,447.94,0.03,34.91,2607.01,469.15,0.18,Critical,Net Banking
ORD-12828,2025-08-18,Aug,2025,Teresa Todd,New,Corporate,East,Western Sahara,Arkansas,Port Andrewbury,Furniture,Bookcases,Treat,5,424.86,0.21,8.1,1678.2,283.51,0.17,Medium,Net Banking
ORD-12829,2023-01-07,Jan,2023,David Collins,Returning,Home Office,Central,Gambia,Arizona,Travistown,Office Supplies,Paper,Where,10,456.02,0.0,11.98,4560.2,1125.79,0.25,Medium,Cash
ORD-12830,2025-05-19,May,2025,Casey Miranda,New,Home Office,South,Sweden,Nevada,North Charles,Office Supplies,Storage,Image,5,361.98,0.25,49.19,1357.43,-134.1,-0.1,Critical,UPI
ORD-12831,2024-02-01,Feb,2024,Gregory Lewis,New,Home Office,Central,Hong Kong,Wyoming,Jamesport,Furniture,Tables,Hospital,3,431.26,0.13,5.91,1125.59,22.65,0.02,Critical,UPI
ORD-12832,2022-12-16,Dec,2022,Kendra Underwood,Returning,Consumer,North,Paraguay,Ohio,East Rubenland,Technology,Laptops,Generation,5,795.24,0.0,29.44,3976.2,1095.75,0.28,Critical,UPI
ORD-12833,2024-09-21,Sep,2024,Mr. John Graham,VIP,Consumer,South,Greenland,Indiana,East Lisa,Furniture,Chairs,Must,8,775.4,0.05,28.0,5893.04,217.86,0.04,Medium,Net Banking
ORD-12834,2024-12-12,Dec,2024,Kayla Miller,New,Consumer,North,Georgia,Maine,South David,Technology,Accessories,Treatment,2,629.7,0.06,7.48,1183.84,263.62,0.22,Critical,Cash
ORD-12835,2024-12-06,Dec,2024,Tracy Mason,New,Consumer,West,Mauritania,Delaware,Paulaport,Technology,Laptops,Factor,9,271.33,0.14,22.63,2100.09,-98.52,-0.05,Low,Cash
ORD-12836,2023-04-28,Apr,2023,Jose Martin,VIP,Corporate,East,Russian Federation,West Virginia,Fishermouth,Furniture,Chairs,What,10,622.09,0.11,37.62,5536.6,1304.24,0.24,High,UPI
ORD-12837,2025-11-19,Nov,2025,Nicholas Carlson,New,Corporate,South,Spain,New Mexico,Port Rhondaview,Furniture,Tables,Drive,2,179.18,0.14,8.59,308.19,82.58,0.27,Low,Net Banking
ORD-12838,2023-08-03,Aug,2023,Ashley Valdez,VIP,Corporate,South,Mozambique,New Jersey,Dakotaland,Furniture,Bookcases,Food,3,30.6,0.26,25.13,67.93,-4.41,-0.06,Low,Net Banking
ORD-12839,2024-01-27,Jan,2024,Gregory Hale,New,Corporate,East,Montserrat,Arkansas,Rodriguezbury,Technology,Accessories,Popular,9,541.72,0.28,6.01,3510.35,662.17,0.19,Low,UPI
ORD-12840,2025-02-25,Feb,2025,Joseph Mckenzie,VIP,Corporate,West,Palau,New Jersey,Hernandezport,Office Supplies,Paper,Concern,1,257.81,0.02,35.16,252.65,2.72,0.01,High,Card
ORD-12841,2023-08-09,Aug,2023,Robert Carter,VIP,Corporate,East,Saint Vincent and the Grenadines,Illinois,Jimmyport,Office Supplies,Storage,Treat,2,149.67,0.06,41.82,281.38,68.07,0.24,Medium,Card
ORD-12842,2022-12-12,Dec,2022,Christine Moore,Returning,Corporate,North,Bahamas,Alabama,New Mitchell,Technology,Laptops,Visit,4,12.35,0.03,10.85,47.92,3.82,0.08,High,UPI
ORD-12843,2024-11-22,Nov,2024,Sarah Davis,Returning,Consumer,South,South Georgia and the South Sandwich Islands,Maryland,Carlmouth,Office Supplies,Storage,Easy,6,222.14,0.08,40.73,1226.21,-47.05,-0.04,Low,Card
ORD-12844,2024-07-08,Jul,2024,Melanie Jones,VIP,Home Office,East,Saint Pierre and Miquelon,Massachusetts,Lake Cody,Technology,Phones,Somebody,10,354.34,0.24,31.6,2692.98,655.06,0.24,High,Net Banking
ORD-12845,2024-01-09,Jan,2024,Ashley Ford MD,Returning,Home Office,West,Brazil,Pennsylvania,Lake Blake,Office Supplies,Paper,Poor,3,614.07,0.09,30.3,1676.41,217.53,0.13,Medium,Card
ORD-12846,2023-07-01,Jul,2023,Michelle Rodriguez,New,Home Office,West,Iceland,Mississippi,Port Misty,Office Supplies,Paper,Reduce,7,767.94,0.15,12.42,4569.24,863.44,0.19,Medium,Card
ORD-12847,2024-04-26,Apr,2024,Samuel Castro,New,Consumer,East,Bangladesh,Washington,Port Jayton,Technology,Laptops,Well,9,554.35,0.06,31.15,4689.8,1212.05,0.26,Medium,UPI
ORD-12848,2023-11-06,Nov,2023,Derek Love,Returning,Home Office,North,Guinea,Wyoming,Drakemouth,Office Supplies,Storage,Trip,2,222.48,0.3,14.45,311.47,18.37,0.06,Critical,Cash
ORD-12849,2025-10-01,Oct,2025,Curtis Baker MD,Returning,Corporate,North,France,North Dakota,New Kelsey,Office Supplies,Paper,Computer,6,697.5,0.1,26.26,3766.5,-138.53,-0.04,Low,Cash
ORD-12850,2024-09-22,Sep,2024,Nancy Lin,Returning,Consumer,North,Jordan,Connecticut,Lake Racheltown,Furniture,Chairs,Thought,3,151.73,0.04,9.3,436.98,60.05,0.14,Low,Cash
ORD-12851,2025-09-06,Sep,2025,Melissa Allen,New,Consumer,West,Bolivia,Alaska,Alvarezstad,Technology,Laptops,Chance,10,535.84,0.09,11.38,4876.14,-226.68,-0.05,Critical,Card
ORD-12852,2024-04-10,Apr,2024,Megan Knox,Returning,Consumer,South,Kyrgyz Republic,Michigan,Margaretburgh,Technology,Laptops,Expect,9,776.02,0.25,47.14,5238.14,1524.38,0.29,Critical,Card
ORD-12853,2023-06-19,Jun,2023,Lisa Taylor,VIP,Home Office,West,Saudi Arabia,South Carolina,Port Sarahton,Office Supplies,Storage,Take,10,111.69,0.0,30.43,1116.9,130.49,0.12,High,Card
ORD-12854,2023-09-09,Sep,2023,Victor Thomas,New,Home Office,East,Eritrea,Michigan,Port Coreyfort,Office Supplies,Storage,Skin,4,771.56,0.26,31.23,2283.82,237.43,0.1,Medium,Cash
ORD-12855,2025-02-02,Feb,2025,Bethany Salazar,Returning,Consumer,Central,Croatia,South Carolina,New Isaac,Furniture,Bookcases,Show,5,297.3,0.17,40.55,1233.79,358.29,0.29,Critical,Cash
ORD-12856,2024-05-11,May,2024,Dustin Ortega,VIP,Consumer,East,Guadeloupe,Pennsylvania,Kellyview,Technology,Accessories,Generation,6,265.44,0.28,28.64,1146.7,119.68,0.1,Medium,UPI
ORD-12857,2025-03-22,Mar,2025,Christopher Sanford,New,Consumer,West,Monaco,New Jersey,Johnview,Furniture,Bookcases,In,3,187.51,0.02,14.01,551.28,39.71,0.07,Critical,Net Banking
ORD-12858,2024-10-04,Oct,2024,Robin Moore,New,Home Office,North,Maldives,Minnesota,Crawfordhaven,Technology,Phones,Read,1,677.38,0.09,33.36,616.42,113.51,0.18,Critical,UPI
ORD-12859,2023-01-24,Jan,2023,Destiny Jackson,Returning,Home Office,North,Solomon Islands,Kentucky,Shelbybury,Office Supplies,Binders,Door,5,275.34,0.09,35.7,1252.8,-121.42,-0.1,Medium,Card
ORD-12860,2024-03-06,Mar,2024,Chelsea Joseph,Returning,Consumer,West,Martinique,Louisiana,Mcneilview,Furniture,Chairs,Four,1,319.78,0.16,40.48,268.62,41.34,0.15,High,Card
ORD-12861,2024-01-27,Jan,2024,Daniel Sullivan,Returning,Consumer,East,Sri Lanka,Oregon,Port Rogerhaven,Office Supplies,Binders,Whole,8,795.56,0.17,18.48,5282.52,616.89,0.12,Low,Card
ORD-12862,2025-10-28,Oct,2025,Aaron Hudson,Returning,Consumer,North,Armenia,New York,Tinaborough,Technology,Phones,Statement,2,669.56,0.23,26.98,1031.12,13.52,0.01,Critical,UPI
ORD-12863,2024-03-27,Mar,2024,Bobby Jones,VIP,Home Office,West,Germany,Delaware,New Jessica,Furniture,Tables,Customer,6,714.88,0.14,6.75,3688.78,458.55,0.12,Medium,Card
ORD-12864,2025-07-13,Jul,2025,Linda Haley,New,Home Office,North,Iran,Montana,Port Brett,Furniture,Tables,Time,4,126.49,0.22,17.28,394.65,21.09,0.05,Low,Net Banking
ORD-12865,2025-11-09,Nov,2025,Cynthia Crawford,Returning,Consumer,East,Palau,California,Port James,Office Supplies,Paper,Name,2,478.6,0.05,15.04,909.34,-18.74,-0.02,Critical,UPI
ORD-12866,2024-09-24,Sep,2024,Michelle Neal,New,Home Office,West,Dominican Republic,California,North Bobton,Office Supplies,Storage,Community,3,514.12,0.03,26.09,1496.09,82.19,0.05,High,Cash
ORD-12867,2024-08-03,Aug,2024,Krista Miller,New,Home Office,North,Australia,Georgia,Clarkland,Technology,Accessories,Writer,9,24.77,0.0,48.77,222.93,-12.98,-0.06,High,Cash
ORD-12868,2023-09-15,Sep,2023,Matthew Gross,VIP,Consumer,West,Iraq,Wisconsin,North Kristineberg,Furniture,Tables,Check,6,264.17,0.27,19.67,1157.06,60.71,0.05,Medium,Card
ORD-12869,2025-08-03,Aug,2025,Haley Quinn,VIP,Home Office,West,Tokelau,California,East Hannah,Furniture,Chairs,Blue,3,641.64,0.04,30.88,1847.92,-3.22,0.0,High,Cash
ORD-12870,2024-01-29,Jan,2024,Pamela Brown,VIP,Consumer,North,Ireland,New Jersey,Phillipsfort,Furniture,Bookcases,Send,10,377.91,0.06,17.11,3552.35,209.05,0.06,High,Cash
ORD-12871,2023-09-28,Sep,2023,Mark Crawford,Returning,Consumer,Central,Latvia,South Dakota,Caseyshire,Office Supplies,Storage,Rule,5,341.54,0.07,42.39,1588.16,158.33,0.1,Critical,Card
ORD-12872,2024-08-29,Aug,2024,Steven Jones,VIP,Home Office,West,Guernsey,Oklahoma,Barnesland,Furniture,Tables,Performance,7,735.93,0.08,39.95,4739.39,919.38,0.19,High,UPI
ORD-12873,2023-02-21,Feb,2023,Brian Cummings,VIP,Home Office,Central,Chile,Kentucky,New Ricky,Office Supplies,Storage,Within,1,750.24,0.28,26.41,540.17,154.53,0.29,Low,UPI
ORD-12874,2025-01-17,Jan,2025,Ann Long,Returning,Home Office,West,Greenland,Tennessee,Nortonstad,Office Supplies,Binders,Matter,3,69.73,0.18,42.44,171.54,26.08,0.15,High,Net Banking
ORD-12875,2025-04-15,Apr,2025,Kevin Wright,Returning,Consumer,North,Heard Island and McDonald Islands,Nebraska,Port Catherineview,Office Supplies,Storage,Environmental,6,597.18,0.23,26.0,2758.97,400.76,0.15,High,Card
ORD-12876,2023-10-15,Oct,2023,Paula Stevens,Returning,Corporate,South,Saint Pierre and Miquelon,Oregon,Patrickmouth,Furniture,Bookcases,Treat,5,246.57,0.17,7.16,1023.27,67.19,0.07,Critical,Cash
ORD-12877,2023-03-09,Mar,2023,Dawn Thomas,Returning,Home Office,North,Tokelau,Oklahoma,West Keith,Furniture,Tables,Ground,3,44.02,0.09,37.43,120.17,31.15,0.26,Critical,Card
ORD-12878,2024-05-27,May,2024,Andrea Scott,VIP,Consumer,Central,Heard Island and McDonald Islands,Idaho,New Andrewtown,Technology,Accessories,Yet,1,597.64,0.15,30.06,507.99,69.33,0.14,Low,Net Banking
ORD-12879,2024-12-22,Dec,2024,Shane Summers,VIP,Consumer,Central,Comoros,Missouri,West Andrea,Furniture,Chairs,Generation,1,378.67,0.13,38.65,329.44,-19.6,-0.06,Low,Cash
ORD-12880,2025-09-06,Sep,2025,Melanie Holloway,Returning,Consumer,Central,Lao People's Democratic Republic,Maryland,North Marioside,Furniture,Bookcases,Clearly,2,94.63,0.11,34.42,168.44,35.89,0.21,Medium,Net Banking
ORD-12881,2023-04-02,Apr,2023,Mrs. Christina Harris,VIP,Consumer,Central,South Georgia and the South Sandwich Islands,Maryland,Chenville,Office Supplies,Paper,Political,5,135.66,0.15,9.12,576.55,115.18,0.2,Critical,Cash
ORD-12882,2024-07-12,Jul,2024,Kevin Woods,New,Consumer,Central,Algeria,California,Port Larrymouth,Furniture,Tables,Any,1,450.1,0.05,5.7,427.6,102.18,0.24,Critical,UPI
ORD-12883,2025-04-20,Apr,2025,Tiffany Shah,New,Home Office,South,Saint Lucia,New Jersey,East Jeffrey,Furniture,Tables,Computer,5,346.33,0.29,22.95,1229.47,68.49,0.06,Critical,Net Banking
ORD-12884,2025-02-24,Feb,2025,Linda Williams,VIP,Consumer,Central,Algeria,Iowa,East Jason,Office Supplies,Binders,Billion,5,498.04,0.1,27.02,2241.18,32.1,0.01,Critical,UPI
ORD-12885,2024-10-31,Oct,2024,Zachary Hall,Returning,Home Office,Central,Maldives,Kansas,Brownstad,Furniture,Tables,Next,6,316.42,0.1,9.79,1708.67,149.85,0.09,Low,Card
ORD-12886,2023-05-19,May,2023,Kyle Owen,Returning,Home Office,South,Liberia,Michigan,Myersport,Office Supplies,Paper,Laugh,9,111.02,0.29,46.81,709.42,1.85,0.0,Medium,Card
ORD-12887,2024-10-30,Oct,2024,Debra Jones,Returning,Corporate,North,Cyprus,Montana,Brownhaven,Technology,Laptops,Analysis,1,280.38,0.23,30.06,215.89,-7.98,-0.04,Critical,Card
ORD-12888,2025-01-04,Jan,2025,Sarah Harris,Returning,Home Office,North,Uganda,Washington,West Paul,Office Supplies,Storage,Federal,6,43.73,0.18,9.95,215.15,54.52,0.25,High,Card
ORD-12889,2024-12-12,Dec,2024,Susan Hudson,New,Home Office,South,Nepal,West Virginia,Roberttown,Furniture,Tables,Bank,5,724.07,0.26,40.55,2679.06,51.48,0.02,Medium,Card
ORD-12890,2025-03-24,Mar,2025,Laura Hernandez,VIP,Corporate,Central,Austria,New Hampshire,Jenkinstown,Office Supplies,Binders,Discussion,1,557.33,0.17,32.42,462.58,103.26,0.22,Critical,Net Banking
ORD-12891,2025-02-25,Feb,2025,Adam Page,VIP,Corporate,West,Sierra Leone,Tennessee,South Williamville,Office Supplies,Storage,Increase,4,206.13,0.24,46.93,626.64,-22.53,-0.04,Critical,UPI
ORD-12892,2023-08-22,Aug,2023,Todd Watson,Returning,Corporate,Central,Qatar,Alaska,East William,Technology,Phones,Head,1,16.54,0.16,48.71,13.89,-0.35,-0.03,Medium,Card
ORD-12893,2024-08-16,Aug,2024,Dr. Karen Daugherty,New,Corporate,Central,Estonia,Michigan,New Samantha,Furniture,Chairs,Information,4,275.31,0.2,13.43,880.99,-0.53,0.0,Critical,Net Banking
ORD-12894,2024-08-12,Aug,2024,Brandon Daniel,Returning,Home Office,West,Cape Verde,Louisiana,East Lisaport,Technology,Phones,Positive,5,350.99,0.23,47.13,1351.31,-129.84,-0.1,Low,Card
ORD-12895,2025-09-26,Sep,2025,Mary Jimenez,New,Corporate,North,United States Minor Outlying Islands,New Mexico,Millerville,Technology,Accessories,There,9,431.33,0.01,38.71,3843.15,-10.32,0.0,High,Card
ORD-12896,2023-04-17,Apr,2023,Steven Paul,VIP,Consumer,West,Nauru,Arkansas,Lake Sherrymouth,Office Supplies,Paper,Role,8,426.58,0.17,22.64,2832.49,261.03,0.09,Critical,Net Banking
ORD-12897,2025-03-02,Mar,2025,Austin Thompson,Returning,Corporate,Central,Barbados,North Carolina,South Derrick,Furniture,Chairs,Major,6,457.76,0.12,21.02,2416.97,72.57,0.03,Critical,Card
ORD-12898,2023-08-18,Aug,2023,Robert Barber,VIP,Home Office,North,Tajikistan,Vermont,Adamstad,Office Supplies,Storage,Skill,1,57.53,0.1,32.03,51.78,10.24,0.2,Medium,Net Banking
ORD-12899,2023-09-22,Sep,2023,Travis Franco,VIP,Consumer,North,Panama,Oregon,Port Sarahhaven,Technology,Phones,See,8,98.44,0.1,49.47,708.77,-49.82,-0.07,Medium,Card
ORD-12900,2024-07-12,Jul,2024,Yolanda Cisneros,New,Home Office,North,Indonesia,Rhode Island,Rodriguezmouth,Furniture,Chairs,Meet,6,783.28,0.08,25.03,4323.71,-179.69,-0.04,Low,Card
ORD-12901,2024-01-01,Jan,2024,Patricia Thompson,New,Corporate,East,New Zealand,Alaska,Geraldchester,Office Supplies,Binders,One,9,470.84,0.23,25.22,3262.92,486.72,0.15,High,Net Banking
ORD-12902,2023-07-04,Jul,2023,Jordan Williams,New,Consumer,Central,Djibouti,Arizona,Cummingsville,Technology,Laptops,Campaign,2,391.3,0.29,48.03,555.65,12.69,0.02,Critical,Card
ORD-12903,2023-07-28,Jul,2023,Donna Fox,New,Consumer,North,Jamaica,Oklahoma,Greeneton,Furniture,Bookcases,Church,6,592.66,0.23,30.29,2738.09,665.74,0.24,Low,Cash
ORD-12904,2024-05-27,May,2024,Karen Galloway,VIP,Corporate,West,Benin,Texas,East Nathaniel,Technology,Laptops,Beat,6,99.23,0.2,15.52,476.3,3.86,0.01,Medium,Card
ORD-12905,2025-01-31,Jan,2025,Robert Mcguire,VIP,Consumer,South,Saint Vincent and the Grenadines,Oregon,Kaylatown,Technology,Accessories,Nation,3,664.87,0.14,34.51,1715.36,270.03,0.16,Low,Cash
ORD-12906,2022-12-28,Dec,2022,Kristin Brennan,Returning,Corporate,North,Ghana,Alabama,Port Nicholeborough,Furniture,Chairs,Condition,10,464.46,0.12,28.95,4087.25,835.91,0.2,Critical,Net Banking
ORD-12907,2023-08-13,Aug,2023,Kyle Dawson,New,Corporate,East,New Zealand,Vermont,Port Tammyview,Furniture,Tables,Pm,3,338.88,0.07,45.58,945.48,23.23,0.02,High,Card
ORD-12908,2023-06-06,Jun,2023,Javier Jones,Returning,Home Office,Central,Botswana,Mississippi,Rachelview,Office Supplies,Binders,Lose,2,302.91,0.15,14.07,514.95,-5.32,-0.01,Critical,UPI
ORD-12909,2023-10-24,Oct,2023,Jessica Owen,New,Home Office,North,Western Sahara,Maryland,Port Michelle,Technology,Laptops,Pull,8,755.49,0.22,10.11,4714.26,1138.41,0.24,Critical,UPI
ORD-12910,2024-07-14,Jul,2024,Heather Coleman,Returning,Consumer,East,Antigua and Barbuda,Texas,East Brandon,Technology,Phones,Think,2,138.33,0.16,46.12,232.39,11.48,0.05,Medium,Cash
ORD-12911,2024-04-17,Apr,2024,Michael Phillips,VIP,Corporate,North,Argentina,Wyoming,South Charles,Technology,Phones,Of,4,644.66,0.18,42.74,2114.48,548.03,0.26,Critical,Card
ORD-12912,2025-01-22,Jan,2025,Kevin Powell,Returning,Consumer,North,Ecuador,Nevada,Lake Crystalbury,Technology,Phones,Program,9,141.94,0.04,42.86,1226.36,277.05,0.23,High,Net Banking
ORD-12913,2023-09-06,Sep,2023,Brandon Crawford,New,Home Office,South,Belize,Kansas,Harrisland,Technology,Phones,Maybe,8,28.62,0.07,8.4,212.93,32.97,0.15,High,Cash
ORD-12914,2023-09-06,Sep,2023,Shannon Thompson,New,Corporate,East,Colombia,Georgia,South Jennifermouth,Technology,Laptops,Art,10,659.68,0.16,13.69,5541.31,-387.75,-0.07,Low,Net Banking
ORD-12915,2025-04-11,Apr,2025,Joseph Garcia,VIP,Home Office,East,South Georgia and the South Sandwich Islands,Illinois,Paulville,Furniture,Bookcases,Better,7,502.68,0.13,5.36,3061.32,464.88,0.15,Low,Cash
ORD-12916,2025-07-08,Jul,2025,Michael Roberts,Returning,Corporate,West,Pakistan,Illinois,Sanchezside,Furniture,Bookcases,Test,4,487.71,0.25,14.87,1463.13,357.99,0.24,High,Net Banking
ORD-12917,2023-08-18,Aug,2023,Aaron Ramos,VIP,Home Office,East,France,Oklahoma,Port Melissa,Technology,Phones,May,4,718.11,0.3,45.45,2010.71,0.58,0.0,High,UPI
ORD-12918,2024-09-13,Sep,2024,Audrey Lowe,Returning,Home Office,West,Barbados,Michigan,Gregchester,Technology,Accessories,Defense,8,324.84,0.28,39.9,1871.08,459.14,0.25,Low,Cash
ORD-12919,2023-12-17,Dec,2023,David Smith,New,Corporate,West,Sudan,Minnesota,Jenniferhaven,Technology,Accessories,Which,10,276.7,0.11,23.02,2462.63,185.99,0.08,Medium,Card
ORD-12920,2024-06-15,Jun,2024,Suzanne Walker,VIP,Corporate,East,Portugal,Tennessee,Stevenview,Office Supplies,Binders,Student,3,509.41,0.11,10.85,1360.12,161.74,0.12,Medium,UPI
ORD-12921,2023-02-18,Feb,2023,Kenneth James,Returning,Home Office,Central,Croatia,California,Lake Matthewburgh,Technology,Accessories,Section,7,284.62,0.04,39.01,1912.65,-158.13,-0.08,High,Card
ORD-12922,2024-06-24,Jun,2024,Elizabeth Hill,VIP,Consumer,South,Dominican Republic,Texas,Jennifermouth,Furniture,Chairs,Land,4,711.51,0.17,13.43,2362.21,471.03,0.2,High,Net Banking
ORD-12923,2025-06-03,Jun,2025,James Robertson,Returning,Consumer,South,Saint Lucia,Wyoming,Paulborough,Furniture,Tables,Letter,1,125.67,0.23,12.02,96.77,18.31,0.19,Low,Cash
ORD-12924,2025-01-11,Jan,2025,Erika Walker,VIP,Consumer,Central,Slovakia (Slovak Republic),Ohio,Shannonview,Furniture,Bookcases,Gas,4,702.17,0.18,23.96,2303.12,389.86,0.17,Critical,UPI
ORD-12925,2023-02-15,Feb,2023,Joseph Shaw,VIP,Consumer,South,Western Sahara,New Mexico,New Kellyhaven,Furniture,Chairs,Movie,9,114.06,0.02,13.01,1006.01,287.23,0.29,Low,Net Banking
ORD-12926,2023-06-05,Jun,2023,Rodney Frazier,Returning,Corporate,North,Argentina,Wisconsin,Port Troytown,Office Supplies,Storage,Structure,1,727.49,0.13,12.88,632.92,-34.37,-0.05,High,Net Banking
ORD-12927,2025-09-21,Sep,2025,Lisa Haas,VIP,Home Office,West,China,Illinois,South Brittany,Technology,Phones,Major,3,353.34,0.17,13.16,879.82,55.7,0.06,Low,Net Banking
ORD-12928,2025-01-30,Jan,2025,Laura Mcknight,VIP,Home Office,North,Peru,Arkansas,Lake Betty,Office Supplies,Storage,Chair,8,308.67,0.08,47.34,2271.81,380.17,0.17,Medium,Card
ORD-12929,2024-08-27,Aug,2024,Anna Reed,New,Corporate,East,Samoa,Arkansas,Lake Wesleyport,Office Supplies,Paper,Statement,10,499.23,0.09,44.03,4542.99,87.13,0.02,Low,Net Banking
ORD-12930,2024-04-27,Apr,2024,Catherine Hudson,VIP,Corporate,Central,Seychelles,Ohio,East Timothy,Furniture,Tables,Should,7,72.69,0.25,43.65,381.62,48.37,0.13,Medium,UPI
ORD-12931,2023-10-18,Oct,2023,Kelly Esparza,Returning,Home Office,West,Lesotho,New Mexico,East Meganport,Office Supplies,Storage,Hard,1,467.32,0.05,22.13,443.95,102.6,0.23,High,Cash
ORD-12932,2025-10-16,Oct,2025,Michelle Lopez,Returning,Corporate,Central,Uganda,New York,Brianville,Furniture,Chairs,Whom,8,277.14,0.3,38.6,1551.98,152.06,0.1,Low,Net Banking
ORD-12933,2023-04-24,Apr,2023,Michael Shaw,New,Corporate,Central,Bermuda,Indiana,Port David,Technology,Phones,Result,6,281.62,0.26,17.61,1250.39,80.11,0.06,Low,Card
ORD-12934,2025-04-10,Apr,2025,Erica Ferguson,VIP,Corporate,Central,Mauritius,Kentucky,Johnsonstad,Furniture,Tables,She,6,450.04,0.22,45.06,2106.19,-0.11,0.0,Medium,Net Banking
ORD-12935,2024-08-26,Aug,2024,Michael Fritz,Returning,Consumer,West,Macao,Texas,Kimberlyton,Furniture,Chairs,Especially,1,453.19,0.14,5.2,389.74,34.51,0.09,High,Card
ORD-12936,2023-01-03,Jan,2023,Craig Wright,VIP,Home Office,West,Venezuela,New Hampshire,Kellerberg,Furniture,Tables,Trip,9,430.14,0.09,22.86,3522.85,890.3,0.25,Medium,Net Banking
ORD-12937,2023-06-07,Jun,2023,Robert Ritter,New,Home Office,East,Martinique,New Hampshire,Aprilview,Furniture,Tables,Guy,8,339.26,0.26,26.62,2008.42,339.66,0.17,Medium,Net Banking
ORD-12938,2023-04-18,Apr,2023,Benjamin Gray,Returning,Consumer,East,Zimbabwe,Utah,Joshuashire,Furniture,Bookcases,Heart,6,466.56,0.01,26.43,2771.37,296.68,0.11,Critical,Card
ORD-12939,2022-12-30,Dec,2022,Laura Andrade,New,Consumer,South,Lebanon,Hawaii,West Juantown,Furniture,Tables,Visit,9,527.34,0.09,37.76,4318.91,727.56,0.17,Medium,Net Banking
ORD-12940,2025-01-12,Jan,2025,Lisa Snyder,New,Consumer,North,Afghanistan,Illinois,New Debra,Technology,Laptops,Evening,1,38.72,0.14,5.34,33.3,-0.49,-0.01,Low,UPI
ORD-12941,2024-07-23,Jul,2024,Roger Mack,VIP,Home Office,East,Ecuador,West Virginia,Petersonborough,Technology,Phones,No,9,405.59,0.02,36.67,3577.3,113.39,0.03,Medium,UPI
ORD-12942,2024-06-13,Jun,2024,Jaime Medina,New,Corporate,North,Kenya,Arizona,Port Ashley,Technology,Phones,Field,8,390.84,0.09,49.34,2845.32,488.69,0.17,High,Net Banking
ORD-12943,2023-12-09,Dec,2023,Brandon Curry,Returning,Corporate,East,Mayotte,South Dakota,Port James,Technology,Accessories,Though,5,304.14,0.19,30.9,1231.77,270.16,0.22,High,Net Banking
ORD-12944,2025-08-01,Aug,2025,Abigail Matthews,New,Home Office,East,Nauru,Oregon,East Aimee,Technology,Phones,Product,7,11.2,0.23,29.16,60.37,0.3,0.0,Low,UPI
ORD-12945,2024-06-17,Jun,2024,David Herrera DDS,VIP,Consumer,North,Azerbaijan,Arizona,North Karen,Furniture,Tables,Class,9,616.09,0.11,23.61,4934.88,268.04,0.05,Low,Net Banking
ORD-12946,2023-07-08,Jul,2023,Cynthia Knapp,VIP,Consumer,West,Venezuela,New York,West Sarahchester,Office Supplies,Storage,Organization,4,225.59,0.25,16.41,676.77,-33.02,-0.05,High,Card
ORD-12947,2023-05-03,May,2023,Michael Spencer,Returning,Consumer,West,Saint Barthelemy,Montana,Port Michaelfurt,Technology,Accessories,Stand,5,613.58,0.24,19.74,2331.6,650.76,0.28,Critical,Net Banking
ORD-12948,2024-09-07,Sep,2024,Jerome Perez,New,Home Office,East,French Guiana,Oklahoma,New Courtney,Furniture,Bookcases,Change,10,575.7,0.12,39.72,5066.16,1339.29,0.26,Low,Cash
ORD-12949,2023-04-12,Apr,2023,Angela Turner,New,Corporate,North,Guinea,Pennsylvania,North Laura,Office Supplies,Paper,Year,8,674.97,0.02,30.55,5291.76,-63.15,-0.01,Critical,UPI
ORD-12950,2025-09-29,Sep,2025,Natalie Greene,Returning,Home Office,Central,Isle of Man,Michigan,Eugenefurt,Technology,Phones,Suffer,10,414.29,0.3,41.84,2900.03,173.51,0.06,Critical,UPI
ORD-12951,2024-12-27,Dec,2024,Keith Davidson,Returning,Home Office,South,Samoa,North Dakota,Christophermouth,Office Supplies,Binders,Value,4,120.08,0.3,39.55,336.22,56.51,0.17,High,Net Banking
ORD-12952,2025-08-25,Aug,2025,Samantha Schneider,VIP,Consumer,North,Martinique,Nebraska,Whitefurt,Office Supplies,Storage,Case,5,699.83,0.19,40.73,2834.31,770.9,0.27,High,UPI
ORD-12953,2024-05-12,May,2024,David Gonzalez,VIP,Home Office,East,San Marino,Ohio,Lake Rebecca,Furniture,Tables,Himself,6,382.72,0.1,26.16,2066.69,30.5,0.01,High,Card
ORD-12954,2023-11-04,Nov,2023,Joe Johnson,Returning,Consumer,Central,Sao Tome and Principe,Massachusetts,Port Timothyshire,Technology,Laptops,Wide,10,263.05,0.21,30.35,2078.1,-123.14,-0.06,High,UPI
ORD-12955,2025-03-26,Mar,2025,William Andrade,VIP,Consumer,South,Taiwan,Vermont,Loweberg,Office Supplies,Storage,Series,5,584.54,0.28,22.38,2104.34,574.32,0.27,Medium,Card
ORD-12956,2025-10-16,Oct,2025,Tracy Williams,New,Home Office,Central,Azerbaijan,Kentucky,Reevesberg,Technology,Accessories,Protect,3,734.12,0.15,35.26,1872.01,285.94,0.15,High,UPI
ORD-12957,2024-10-15,Oct,2024,Daniel Taylor,Returning,Corporate,North,Panama,Michigan,Denisemouth,Technology,Laptops,Even,3,303.23,0.08,38.18,836.91,133.66,0.16,High,Cash
ORD-12958,2023-12-05,Dec,2023,Kristin Rodriguez,VIP,Corporate,West,Madagascar,Wyoming,Reedville,Office Supplies,Paper,Stop,5,784.56,0.15,23.69,3334.38,173.66,0.05,Medium,Net Banking
ORD-12959,2024-10-20,Oct,2024,Rachel French,VIP,Corporate,Central,Uzbekistan,Alabama,West Jessica,Technology,Phones,Hot,2,75.39,0.03,47.03,146.26,8.86,0.06,Low,UPI
ORD-12960,2023-09-25,Sep,2023,Ian Kaiser,VIP,Corporate,North,Malaysia,North Carolina,Raymondbury,Office Supplies,Storage,Movement,9,150.29,0.15,19.46,1149.72,237.56,0.21,Low,Card
ORD-12961,2025-03-22,Mar,2025,Joel Mendoza,VIP,Corporate,East,Pitcairn Islands,Arizona,New Michael,Office Supplies,Storage,Seat,3,186.3,0.16,20.16,469.48,126.07,0.27,Low,Cash
ORD-12962,2023-07-15,Jul,2023,Jennifer Martinez,New,Corporate,East,Netherlands,Oklahoma,Port Kimberly,Furniture,Bookcases,Poor,8,442.63,0.11,11.32,3151.53,47.0,0.01,Low,Net Banking
ORD-12963,2024-10-05,Oct,2024,Roberto Franco,New,Home Office,West,Albania,Tennessee,Nicholaschester,Office Supplies,Storage,Say,9,107.75,0.2,45.28,775.8,102.63,0.13,Low,Cash
ORD-12964,2023-01-03,Jan,2023,Charles Herrera,New,Home Office,West,Niger,Kansas,Gloverchester,Technology,Laptops,Near,10,686.5,0.26,18.92,5080.1,824.3,0.16,Low,Card
ORD-12965,2025-11-14,Nov,2025,Sarah Clark,VIP,Home Office,Central,Dominican Republic,Delaware,West James,Technology,Laptops,With,10,485.18,0.06,12.97,4560.69,649.39,0.14,Low,UPI
ORD-12966,2023-01-03,Jan,2023,Kathleen Spencer,Returning,Home Office,North,Turkey,California,New Stephanie,Furniture,Tables,Film,10,600.65,0.08,29.23,5525.98,-250.84,-0.05,Critical,Card
ORD-12967,2023-10-18,Oct,2023,Gina Johnson,Returning,Consumer,South,Christmas Island,Texas,Devonchester,Furniture,Chairs,Ability,1,328.05,0.21,28.17,259.16,22.25,0.09,Critical,Net Banking
ORD-12968,2024-05-22,May,2024,Gregory Mccoy,VIP,Corporate,North,Montenegro,Illinois,New Marthamouth,Office Supplies,Binders,Opportunity,2,304.81,0.28,42.79,438.93,106.47,0.24,Critical,Card
ORD-12969,2023-08-19,Aug,2023,Rebecca Soto,Returning,Corporate,Central,American Samoa,Louisiana,Carlymouth,Office Supplies,Storage,Cultural,7,216.29,0.14,39.8,1302.07,191.54,0.15,Critical,Card
ORD-12970,2025-02-05,Feb,2025,Trevor Bailey,New,Home Office,North,Hungary,Arkansas,West Jessicamouth,Furniture,Bookcases,Push,2,679.66,0.24,8.04,1033.08,31.94,0.03,Low,Card
ORD-12971,2025-09-19,Sep,2025,Chad Boyd,New,Corporate,West,Antarctica (the territory South of 60 deg S),Mississippi,East Diana,Furniture,Tables,Fight,2,410.79,0.0,37.7,821.58,34.08,0.04,High,UPI
ORD-12972,2023-04-25,Apr,2023,Michael Moreno,VIP,Home Office,West,Bahrain,Minnesota,Michaelshire,Office Supplies,Storage,Soon,10,270.98,0.29,8.37,1923.96,-157.41,-0.08,Critical,Card
ORD-12973,2024-05-04,May,2024,Jeremy Anderson,Returning,Consumer,West,Vietnam,Hawaii,Carolborough,Furniture,Bookcases,Several,8,609.69,0.21,20.91,3853.24,-201.84,-0.05,Medium,Net Banking
ORD-12974,2025-07-06,Jul,2025,Michael Cox,New,Consumer,North,Liechtenstein,Alabama,South Darrenmouth,Technology,Laptops,Identify,7,686.26,0.19,49.03,3891.09,362.39,0.09,Critical,Net Banking
ORD-12975,2025-07-26,Jul,2025,Robert Valdez,VIP,Corporate,Central,Tunisia,Minnesota,Port Brendaville,Technology,Phones,Street,4,422.64,0.16,38.04,1420.07,261.45,0.18,High,Card
ORD-12976,2023-10-03,Oct,2023,Daniel Ramirez,New,Consumer,South,Lesotho,North Carolina,Bairdmouth,Office Supplies,Storage,Half,9,430.48,0.23,33.35,2983.23,264.17,0.09,Critical,UPI
ORD-12977,2025-05-13,May,2025,Tracy Hernandez,VIP,Corporate,East,Gabon,Florida,South Angela,Technology,Laptops,Rest,8,247.21,0.15,33.75,1681.03,-136.23,-0.08,Critical,Card
ORD-12978,2025-07-02,Jul,2025,Charles Peterson,Returning,Consumer,North,United Kingdom,Virginia,Stephanieton,Technology,Accessories,Music,10,780.63,0.29,38.07,5542.47,-131.32,-0.02,Medium,Cash
ORD-12979,2024-10-26,Oct,2024,Zoe Smith,VIP,Corporate,West,Iceland,West Virginia,Danielside,Technology,Accessories,Member,4,760.99,0.27,9.55,2222.09,-96.08,-0.04,High,Card
ORD-12980,2023-04-15,Apr,2023,Craig Henry,New,Corporate,Central,Guadeloupe,Alaska,West Robertview,Office Supplies,Paper,End,7,23.72,0.18,9.44,136.15,5.43,0.04,Critical,Cash
ORD-12981,2023-08-01,Aug,2023,Theresa Scott,New,Consumer,Central,Nicaragua,Pennsylvania,Josephfort,Furniture,Bookcases,Pattern,1,477.23,0.06,17.55,448.6,-26.96,-0.06,Critical,UPI
ORD-12982,2025-09-09,Sep,2025,John Fernandez,Returning,Home Office,West,Serbia,South Carolina,Michaelborough,Office Supplies,Binders,Consider,4,10.72,0.13,25.94,37.31,9.65,0.26,Critical,UPI
ORD-12983,2023-06-22,Jun,2023,Kimberly Brewer,New,Home Office,North,Honduras,Mississippi,Timothybury,Furniture,Tables,He,8,601.68,0.12,48.08,4235.83,1113.49,0.26,High,Card
ORD-12984,2023-03-01,Mar,2023,Amanda Cruz,New,Home Office,West,Botswana,Virginia,West Adamland,Technology,Laptops,Throughout,6,759.79,0.1,27.49,4102.87,121.36,0.03,Low,Cash
ORD-12985,2023-04-06,Apr,2023,James Hudson,New,Consumer,West,Western Sahara,Maryland,Wisebury,Office Supplies,Storage,Six,10,456.38,0.24,30.01,3468.49,-266.39,-0.08,Low,UPI
ORD-12986,2022-12-12,Dec,2022,Amanda Watkins,Returning,Corporate,East,Mexico,West Virginia,North Jennifer,Technology,Laptops,Lawyer,1,665.34,0.16,26.16,558.89,-21.7,-0.04,Critical,Card
ORD-12987,2023-05-15,May,2023,Pamela Harrington,New,Consumer,Central,Angola,Iowa,Juanside,Technology,Laptops,Son,5,203.54,0.27,47.51,742.92,6.94,0.01,High,Cash
ORD-12988,2024-11-25,Nov,2024,Melissa Atkinson,VIP,Home Office,Central,Uganda,Massachusetts,Kyletown,Furniture,Chairs,Say,2,21.32,0.2,6.87,34.11,-1.86,-0.05,Medium,Cash
ORD-12989,2024-03-24,Mar,2024,Amy Bentley,VIP,Home Office,North,Iraq,Kentucky,Barneshaven,Technology,Phones,Me,8,717.75,0.2,8.11,4593.6,399.03,0.09,Medium,Card
ORD-12990,2023-12-27,Dec,2023,Stephanie Jones,Returning,Corporate,South,Mauritius,Connecticut,Abigailstad,Furniture,Bookcases,Argue,6,565.76,0.17,14.94,2817.48,447.96,0.16,High,UPI
ORD-12991,2023-04-29,Apr,2023,Ryan Smith,Returning,Consumer,Central,Gibraltar,Maine,Maryland,Furniture,Tables,Become,1,323.5,0.25,22.84,242.62,-23.88,-0.1,Medium,UPI
ORD-12992,2024-09-13,Sep,2024,Anthony Pearson,Returning,Consumer,Central,Guadeloupe,Michigan,Jeffreyburgh,Technology,Accessories,Summer,2,616.84,0.27,42.69,900.59,162.9,0.18,Critical,UPI
ORD-12993,2023-12-26,Dec,2023,Michelle Perez MD,Returning,Corporate,Central,Venezuela,Maine,Port Dennis,Technology,Phones,Section,8,500.89,0.26,21.62,2965.27,-99.57,-0.03,Low,UPI
ORD-12994,2023-06-09,Jun,2023,Chase Martinez,Returning,Consumer,West,Western Sahara,New Hampshire,Milesburgh,Furniture,Tables,Impact,8,795.22,0.06,43.98,5980.05,817.69,0.14,Low,UPI
ORD-12995,2023-11-02,Nov,2023,Joseph Ball,New,Consumer,East,Afghanistan,Mississippi,New Aaronmouth,Office Supplies,Storage,Recognize,4,303.05,0.12,20.85,1066.74,76.65,0.07,High,Net Banking
ORD-12996,2025-09-25,Sep,2025,Lawrence Oconnor,Returning,Corporate,South,Antigua and Barbuda,Wyoming,Pamelaburgh,Technology,Phones,International,2,768.21,0.23,25.09,1183.04,306.88,0.26,High,UPI
ORD-12997,2023-02-06,Feb,2023,Rachel Rasmussen,Returning,Home Office,West,Denmark,Colorado,South Austin,Technology,Accessories,Statement,1,410.4,0.01,26.69,406.3,93.46,0.23,High,Card
ORD-12998,2025-05-24,May,2025,Tiffany Graves,New,Corporate,West,Georgia,Oregon,Joeville,Technology,Phones,Often,10,27.52,0.0,10.21,275.2,33.41,0.12,Critical,Card
ORD-12999,2024-10-20,Oct,2024,Pamela Arias,VIP,Consumer,East,Algeria,North Dakota,West Christine,Technology,Phones,Medical,3,47.57,0.16,23.65,119.88,3.05,0.03,Critical,Cash
ORD-13000,2024-03-14,Mar,2024,Elizabeth Lewis,Returning,Corporate,East,Indonesia,North Dakota,East Elizabethmouth,Furniture,Bookcases,Degree,2,557.12,0.1,46.33,1002.82,173.77,0.17,High,UPI
ORD-13001,2023-08-01,Aug,2023,David Nguyen,New,Home Office,East,Vietnam,New Mexico,Port Matthewview,Furniture,Bookcases,Life,3,239.35,0.25,31.15,538.54,102.12,0.19,Critical,UPI
ORD-13002,2022-12-20,Dec,2022,Frank Taylor,Returning,Consumer,North,Brunei Darussalam,Louisiana,Walkermouth,Technology,Phones,Why,7,414.82,0.06,10.33,2729.52,-18.8,-0.01,Medium,Card
ORD-13003,2024-11-05,Nov,2024,Amanda Hanson,VIP,Home Office,Central,Lesotho,South Dakota,Erinhaven,Office Supplies,Paper,Vote,1,399.74,0.14,30.52,343.78,-4.09,-0.01,High,Net Banking
ORD-13004,2023-10-07,Oct,2023,Meghan Hansen,VIP,Home Office,Central,Vietnam,Delaware,Teresaport,Furniture,Bookcases,Sound,10,171.69,0.06,40.64,1613.89,264.18,0.16,Medium,Cash
ORD-13005,2023-05-25,May,2023,Alexander Martin,VIP,Consumer,East,Tokelau,Indiana,East Samuelville,Technology,Phones,Reveal,3,398.15,0.16,26.18,1003.34,26.69,0.03,High,Cash
ORD-13006,2023-11-21,Nov,2023,Bryan Johnson,VIP,Consumer,Central,Albania,Mississippi,East Henry,Furniture,Bookcases,Act,8,70.51,0.15,38.28,479.47,73.99,0.15,High,UPI
ORD-13007,2023-04-15,Apr,2023,Barbara Allen,Returning,Consumer,North,Costa Rica,Oklahoma,Mackenziestad,Office Supplies,Storage,There,6,297.01,0.13,36.78,1550.39,156.5,0.1,Critical,UPI
ORD-13008,2024-11-21,Nov,2024,Jessica Fernandez,Returning,Consumer,West,Mayotte,Texas,Williamstown,Technology,Accessories,Agree,5,576.29,0.09,19.99,2622.12,358.92,0.14,Critical,UPI
ORD-13009,2024-06-21,Jun,2024,Dr. James Hall,New,Corporate,North,Kyrgyz Republic,Wisconsin,Christopherstad,Technology,Laptops,Single,5,695.13,0.06,29.71,3267.11,-8.84,0.0,Medium,UPI
ORD-13010,2024-04-23,Apr,2024,Cody Williams,VIP,Home Office,East,Cocos (Keeling) Islands,West Virginia,South David,Technology,Laptops,Forward,1,452.83,0.05,40.15,430.19,11.7,0.03,Critical,Cash
ORD-13011,2024-08-24,Aug,2024,Jennifer Bishop,VIP,Home Office,West,Guinea,Maine,Tammymouth,Office Supplies,Storage,Us,10,361.23,0.03,49.6,3503.93,246.28,0.07,High,UPI
ORD-13012,2024-12-22,Dec,2024,Howard Jenkins,Returning,Consumer,Central,Vietnam,Virginia,Catherineland,Office Supplies,Binders,Same,2,110.42,0.24,10.41,167.84,0.29,0.0,High,Net Banking
ORD-13013,2023-03-31,Mar,2023,Jerry Wilson,VIP,Consumer,North,Iraq,Georgia,Patrickhaven,Furniture,Chairs,After,3,568.39,0.06,24.49,1602.86,169.9,0.11,Medium,UPI
ORD-13014,2023-11-28,Nov,2023,Brian Rogers,VIP,Consumer,Central,Uzbekistan,Washington,Masonburgh,Office Supplies,Binders,Now,9,122.23,0.11,13.59,979.06,-92.86,-0.09,High,Card
ORD-13015,2024-09-05,Sep,2024,Melinda Travis,New,Home Office,South,Uganda,Maine,North Lisaberg,Office Supplies,Binders,Hold,6,337.0,0.15,23.51,1718.7,-10.42,-0.01,Critical,Cash
ORD-13016,2024-02-26,Feb,2024,Melanie Banks,VIP,Corporate,North,Nauru,Washington,Michaelburgh,Technology,Laptops,Personal,9,122.49,0.12,9.72,970.12,70.06,0.07,Critical,Cash
ORD-13017,2023-09-26,Sep,2023,Katherine Christian,Returning,Home Office,West,Antarctica (the territory South of 60 deg S),Michigan,Lake Emily,Furniture,Chairs,Radio,2,218.64,0.24,49.37,332.33,75.7,0.23,Medium,Cash
ORD-13018,2023-01-10,Jan,2023,Jessica Jones,VIP,Corporate,North,Korea,Washington,Michaelshire,Furniture,Bookcases,Pretty,7,750.18,0.09,18.95,4778.65,1171.04,0.25,High,UPI
ORD-13019,2022-12-28,Dec,2022,Ethan Kaufman,Returning,Home Office,South,Svalbard & Jan Mayen Islands,Colorado,North Benjamin,Office Supplies,Binders,Middle,1,696.44,0.13,37.17,605.9,90.1,0.15,Critical,Cash
ORD-13020,2024-01-04,Jan,2024,Karen Gonzalez,Returning,Consumer,West,Dominican Republic,Florida,Johnsonburgh,Furniture,Chairs,Always,5,386.86,0.17,17.1,1605.47,-127.37,-0.08,Critical,UPI
ORD-13021,2025-07-25,Jul,2025,Melvin Davis,VIP,Corporate,East,Macedonia,Idaho,Jonesborough,Office Supplies,Paper,Friend,5,125.94,0.25,29.48,472.28,-1.14,0.0,Low,Card
ORD-13022,2024-02-14,Feb,2024,Mary Wilson,VIP,Corporate,North,Costa Rica,Illinois,East Ashleymouth,Technology,Laptops,Possible,10,707.85,0.0,43.86,7078.5,239.76,0.03,Medium,UPI
ORD-13023,2024-02-15,Feb,2024,Joseph Sanchez,Returning,Corporate,East,Suriname,Rhode Island,West Jeffreyside,Technology,Phones,Now,1,376.8,0.07,25.36,350.42,84.51,0.24,High,Net Banking
ORD-13024,2024-11-09,Nov,2024,Michael Ortiz,VIP,Consumer,Central,Antarctica (the territory South of 60 deg S),North Carolina,Ashleyfurt,Technology,Laptops,Ball,8,712.05,0.24,20.58,4329.26,609.76,0.14,Medium,UPI
ORD-13025,2023-08-09,Aug,2023,Craig Lara,New,Home Office,Central,Slovakia (Slovak Republic),Virginia,New Ashley,Technology,Phones,White,10,234.54,0.18,14.93,1923.23,79.77,0.04,Medium,UPI
ORD-13026,2024-04-29,Apr,2024,Lisa Foley,New,Corporate,Central,Ethiopia,Delaware,Steelechester,Technology,Laptops,Quickly,6,279.71,0.15,22.87,1426.52,396.51,0.28,Low,Cash
ORD-13027,2025-07-08,Jul,2025,Mary Jones,VIP,Consumer,East,Kuwait,Missouri,Katherineside,Technology,Laptops,Wife,4,418.04,0.23,44.99,1287.56,-36.9,-0.03,Medium,Cash
ORD-13028,2023-08-17,Aug,2023,Kayla Hall,Returning,Home Office,Central,Mozambique,Rhode Island,Valenciaport,Office Supplies,Storage,Office,7,509.16,0.25,5.59,2673.09,-20.03,-0.01,Critical,Card
ORD-13029,2024-06-20,Jun,2024,Alicia Murillo,Returning,Corporate,North,Libyan Arab Jamahiriya,Ohio,West Maureenland,Office Supplies,Storage,Office,9,114.88,0.13,49.42,899.51,50.37,0.06,Low,UPI
ORD-13030,2025-03-18,Mar,2025,Brittany Bridges,New,Home Office,East,Korea,Washington,Bushberg,Furniture,Tables,General,3,298.46,0.18,36.43,734.21,42.28,0.06,High,Cash
ORD-13031,2024-08-12,Aug,2024,Donald Vazquez,VIP,Consumer,North,Philippines,Delaware,Wallacefort,Furniture,Tables,Rate,1,529.31,0.18,42.2,434.03,123.05,0.28,Medium,UPI
ORD-13032,2023-07-23,Jul,2023,Seth Morrison,Returning,Corporate,North,Armenia,Illinois,Lake Mary,Office Supplies,Binders,Yourself,3,369.79,0.14,37.36,954.06,225.86,0.24,Medium,Cash
ORD-13033,2023-07-28,Jul,2023,Tammy Khan,New,Consumer,South,Trinidad and Tobago,Pennsylvania,South Amystad,Technology,Laptops,Nothing,10,647.41,0.25,21.31,4855.57,1222.16,0.25,Medium,Card
ORD-13034,2025-01-10,Jan,2025,Crystal Pineda,New,Home Office,West,French Polynesia,North Carolina,New Leslie,Furniture,Tables,Line,3,649.24,0.12,12.92,1713.99,-45.87,-0.03,Low,Card
ORD-13035,2025-09-29,Sep,2025,Karen James,VIP,Home Office,Central,Djibouti,Wisconsin,Snyderchester,Technology,Accessories,Result,6,542.75,0.05,21.48,3093.67,-123.58,-0.04,High,UPI
ORD-13036,2023-11-05,Nov,2023,Taylor Rice,Returning,Consumer,East,Aruba,South Dakota,Patelbury,Technology,Phones,Interview,1,136.03,0.1,20.94,122.43,17.42,0.14,Critical,Cash
ORD-13037,2024-07-16,Jul,2024,Linda Rodriguez,New,Home Office,East,Hungary,Nevada,West Zachary,Office Supplies,Paper,Quality,1,577.34,0.23,41.73,444.55,-2.16,0.0,Medium,Net Banking
ORD-13038,2023-05-13,May,2023,Nathan Estrada,VIP,Home Office,East,Lesotho,Delaware,New Maryshire,Furniture,Chairs,Clear,4,720.23,0.04,47.76,2765.68,-132.49,-0.05,Low,UPI
ORD-13039,2023-08-26,Aug,2023,Robert Anderson,VIP,Corporate,Central,Maldives,Texas,Youngborough,Office Supplies,Paper,Follow,3,71.93,0.14,39.67,185.58,13.65,0.07,Critical,Cash
ORD-13040,2025-01-27,Jan,2025,Alice Joseph,Returning,Corporate,West,Gambia,Louisiana,Port Amanda,Furniture,Bookcases,Decision,3,205.45,0.02,19.31,604.02,81.12,0.13,Medium,Card
ORD-13041,2025-10-21,Oct,2025,Michael Smith,Returning,Consumer,West,Swaziland,Florida,Kellyside,Technology,Accessories,House,4,171.35,0.23,43.53,527.76,-29.91,-0.06,Low,Net Banking
ORD-13042,2025-07-02,Jul,2025,Anita Hood,VIP,Home Office,South,Faroe Islands,Tennessee,South David,Furniture,Tables,Happy,2,133.93,0.19,49.75,216.97,64.5,0.3,Low,Cash
ORD-13043,2022-12-20,Dec,2022,Catherine Allen,VIP,Home Office,North,Congo,Texas,Bryanville,Technology,Accessories,School,4,194.69,0.03,21.13,755.4,142.43,0.19,Low,UPI
ORD-13044,2023-09-18,Sep,2023,Courtney Lane,Returning,Corporate,North,Burkina Faso,Indiana,North Darin,Office Supplies,Paper,Southern,5,332.9,0.06,31.24,1564.63,-36.35,-0.02,Low,Cash
ORD-13045,2023-08-18,Aug,2023,Jason Lucero,VIP,Corporate,East,Colombia,Virginia,West Garymouth,Furniture,Chairs,If,10,598.39,0.11,26.46,5325.67,511.33,0.1,High,UPI
ORD-13046,2024-08-18,Aug,2024,Susan Small,Returning,Home Office,West,Syrian Arab Republic,Texas,Bennettberg,Office Supplies,Binders,Hotel,1,74.67,0.03,47.5,72.43,14.7,0.2,High,UPI
ORD-13047,2025-05-24,May,2025,Susan Thomas,VIP,Consumer,West,Bangladesh,Texas,Melissabury,Office Supplies,Paper,Ahead,7,510.83,0.12,11.99,3146.71,88.32,0.03,High,Cash
ORD-13048,2025-09-11,Sep,2025,Wanda Reed,VIP,Consumer,South,Christmas Island,Kentucky,Ortizmouth,Furniture,Bookcases,Part,6,89.73,0.18,20.84,441.47,58.05,0.13,High,Net Banking
ORD-13049,2024-03-11,Mar,2024,Hayley Booth,Returning,Consumer,North,Bermuda,California,Jennifermouth,Office Supplies,Storage,Without,2,557.22,0.04,33.48,1069.86,-23.93,-0.02,High,Cash
ORD-13050,2024-05-14,May,2024,Jose Johnson,New,Corporate,East,Seychelles,North Dakota,West Vincent,Office Supplies,Storage,Magazine,3,536.38,0.08,43.95,1480.41,81.21,0.05,Critical,Net Banking
ORD-13051,2025-02-11,Feb,2025,Danny Peterson,VIP,Corporate,North,Tuvalu,Washington,Port Samuel,Technology,Phones,Be,8,312.43,0.23,47.98,1924.57,140.36,0.07,High,Card
ORD-13052,2023-06-23,Jun,2023,Katherine Holmes,Returning,Corporate,Central,Jamaica,Virginia,Rebeccahaven,Furniture,Tables,Across,9,290.2,0.24,9.56,1984.97,88.16,0.04,Low,UPI
ORD-13053,2023-02-15,Feb,2023,Shelby Brown,VIP,Consumer,South,Namibia,Colorado,West Christinebury,Office Supplies,Storage,Put,4,303.28,0.2,32.19,970.5,40.9,0.04,Low,UPI
ORD-13054,2025-02-26,Feb,2025,Nicole Foster,VIP,Corporate,South,Cayman Islands,Kentucky,Charleston,Furniture,Chairs,Focus,10,409.65,0.03,14.56,3973.61,1152.27,0.29,High,Cash
ORD-13055,2023-08-25,Aug,2023,Roy Graham,New,Home Office,North,Korea,Mississippi,Alexandraview,Technology,Laptops,Service,7,33.61,0.11,11.17,209.39,-16.21,-0.08,Low,Net Banking
ORD-13056,2023-02-20,Feb,2023,David Hernandez,New,Home Office,East,Moldova,Minnesota,New Bradley,Office Supplies,Paper,Capital,9,452.95,0.12,45.04,3587.36,-134.93,-0.04,High,Cash
ORD-13057,2025-05-01,May,2025,Maria Becker,Returning,Corporate,East,Azerbaijan,New York,Kaiserland,Technology,Accessories,Value,3,258.71,0.12,48.3,682.99,55.53,0.08,High,UPI
ORD-13058,2025-03-29,Mar,2025,Alison Kirk,New,Corporate,West,Burkina Faso,Nebraska,Port Paulborough,Office Supplies,Paper,Turn,8,742.71,0.28,18.91,4278.01,-7.46,0.0,Low,Cash
ORD-13059,2025-06-15,Jun,2025,Jack Patterson,VIP,Home Office,South,Heard Island and McDonald Islands,Louisiana,Kristenfort,Office Supplies,Storage,Well,3,417.34,0.07,21.91,1164.38,-90.84,-0.08,Medium,Cash
ORD-13060,2024-11-06,Nov,2024,David Wallace,VIP,Home Office,North,Costa Rica,Virginia,Evanston,Furniture,Tables,Affect,6,437.97,0.29,45.41,1865.75,294.18,0.16,High,Net Banking
ORD-13061,2025-09-08,Sep,2025,Elizabeth Barr,New,Corporate,South,Kyrgyz Republic,Iowa,Tiffanystad,Furniture,Bookcases,With,6,601.38,0.16,38.49,3030.96,89.39,0.03,High,UPI
ORD-13062,2024-09-13,Sep,2024,Omar Marshall,VIP,Corporate,East,British Indian Ocean Territory (Chagos Archipelago),Delaware,Port Karen,Technology,Accessories,Could,9,686.27,0.19,42.56,5002.91,993.11,0.2,Medium,Card
ORD-13063,2023-11-20,Nov,2023,Andrew Walsh,New,Consumer,South,Mayotte,Massachusetts,West Patricia,Technology,Laptops,Sort,7,696.34,0.17,19.8,4045.74,1100.08,0.27,Medium,UPI
ORD-13064,2024-12-12,Dec,2024,Brandon Jordan,New,Corporate,South,Bosnia and Herzegovina,Utah,Ashleyhaven,Furniture,Chairs,Window,6,395.6,0.2,19.16,1898.88,-168.57,-0.09,Medium,UPI
ORD-13065,2025-06-09,Jun,2025,Sierra Foster,VIP,Home Office,Central,United States of America,Arizona,Vanessafort,Office Supplies,Paper,Next,5,213.93,0.25,48.94,802.24,70.7,0.09,High,Cash
ORD-13066,2023-05-08,May,2023,Michael Powell,VIP,Home Office,East,Cook Islands,Montana,Port Chelseaton,Office Supplies,Storage,Sell,8,333.24,0.02,20.6,2612.6,714.86,0.27,Low,Cash
ORD-13067,2024-11-20,Nov,2024,Nicholas Davis,New,Corporate,South,Saint Pierre and Miquelon,Michigan,New Katelyn,Technology,Laptops,Middle,5,303.97,0.21,16.52,1200.68,83.41,0.07,Critical,Card
ORD-13068,2022-12-08,Dec,2022,Jonathan Vaughn,New,Home Office,West,Gabon,Idaho,Bettyhaven,Office Supplies,Paper,Stuff,3,228.83,0.21,27.77,542.33,18.47,0.03,Medium,Net Banking
ORD-13069,2024-10-03,Oct,2024,Jasmine Santiago,New,Consumer,North,Congo,Illinois,Bautistaview,Office Supplies,Binders,Response,3,797.93,0.06,32.22,2250.16,525.1,0.23,High,UPI
ORD-13070,2023-12-09,Dec,2023,Wesley Singleton,New,Home Office,East,Liechtenstein,Wyoming,New Joshua,Furniture,Chairs,Manager,10,481.58,0.25,36.99,3611.85,-71.74,-0.02,Low,UPI
ORD-13071,2025-08-14,Aug,2025,Teresa Wilson,VIP,Consumer,South,Suriname,New Hampshire,New Kathryn,Technology,Laptops,Animal,1,516.69,0.18,45.25,423.69,86.03,0.2,High,Net Banking
ORD-13072,2023-02-09,Feb,2023,Gary Freeman,New,Corporate,Central,Botswana,Connecticut,Davidside,Technology,Phones,Arm,8,608.49,0.03,13.58,4721.88,-136.41,-0.03,Medium,Net Banking
ORD-13073,2024-09-04,Sep,2024,Alexander West,VIP,Home Office,South,Lesotho,Tennessee,New Elizabethland,Office Supplies,Storage,Performance,9,92.47,0.25,14.46,624.17,-5.11,-0.01,Critical,Card
ORD-13074,2023-02-02,Feb,2023,Rebecca Rodriguez,New,Consumer,West,China,Texas,South Ryan,Technology,Accessories,West,10,238.12,0.2,34.24,1904.96,295.53,0.16,Medium,Net Banking
ORD-13075,2023-11-30,Nov,2023,Brian Rodriguez,Returning,Home Office,North,Djibouti,Alaska,Williamsside,Furniture,Bookcases,Likely,3,281.59,0.15,39.66,718.05,109.21,0.15,High,UPI
ORD-13076,2023-03-17,Mar,2023,Sandra Richardson,New,Home Office,South,Ghana,Oklahoma,Manuelstad,Furniture,Tables,Our,4,712.51,0.03,36.48,2764.54,488.05,0.18,Critical,UPI
ORD-13077,2023-07-09,Jul,2023,Mercedes Knight,VIP,Home Office,West,Nauru,Rhode Island,Simonbury,Furniture,Tables,Leg,10,119.88,0.15,46.99,1018.98,103.91,0.1,Medium,Cash
ORD-13078,2024-08-03,Aug,2024,Robert Sanders,VIP,Consumer,West,Romania,Maine,Brownmouth,Office Supplies,Storage,Present,9,36.22,0.27,29.01,237.97,36.24,0.15,Medium,Net Banking
ORD-13079,2024-12-25,Dec,2024,Adrian Moore,Returning,Corporate,Central,United Arab Emirates,North Dakota,Chavezstad,Technology,Phones,Police,3,652.44,0.28,37.33,1409.27,384.28,0.27,Low,Net Banking
ORD-13080,2024-02-12,Feb,2024,Jeffrey Thompson,New,Consumer,East,French Southern Territories,Indiana,Shanefort,Technology,Accessories,Expect,1,429.07,0.08,20.12,394.74,113.42,0.29,Low,Net Banking
ORD-13081,2024-06-21,Jun,2024,Cindy Moreno,VIP,Corporate,South,Eritrea,Alaska,New Margaretland,Technology,Accessories,Give,8,634.05,0.13,32.52,4412.99,438.34,0.1,Low,Cash
ORD-13082,2024-09-01,Sep,2024,Carl Smith,New,Home Office,South,Chile,Wisconsin,Alyssabury,Technology,Laptops,Talk,5,270.0,0.1,44.51,1215.0,343.65,0.28,Low,UPI
ORD-13083,2025-10-31,Oct,2025,Carly Sloan,New,Corporate,North,Iceland,Wyoming,North Nicolefort,Furniture,Bookcases,Yes,2,218.79,0.21,16.45,345.69,88.45,0.26,Critical,UPI
ORD-13084,2025-10-01,Oct,2025,Edwin Wall,VIP,Home Office,North,Guatemala,Hawaii,Leeborough,Furniture,Bookcases,Attorney,1,330.77,0.22,32.5,258.0,46.7,0.18,High,UPI
ORD-13085,2025-02-23,Feb,2025,Justin Cruz,Returning,Consumer,East,El Salvador,New Hampshire,Lake Amy,Office Supplies,Paper,Call,7,724.7,0.17,9.34,4210.51,327.61,0.08,Medium,Card
ORD-13086,2025-07-16,Jul,2025,Adam Hughes,VIP,Corporate,North,Cameroon,Nebraska,Kimberlyborough,Technology,Phones,Happy,10,138.72,0.03,32.65,1345.58,73.45,0.05,Medium,UPI
ORD-13087,2024-09-27,Sep,2024,Clinton Haney,Returning,Corporate,South,Peru,Connecticut,Amybury,Furniture,Tables,Will,8,534.76,0.17,17.99,3550.81,761.93,0.21,Critical,Cash
ORD-13088,2025-07-27,Jul,2025,William Haas,VIP,Home Office,North,Gibraltar,Vermont,South Christopherborough,Office Supplies,Binders,Store,6,320.62,0.25,41.44,1442.79,-41.1,-0.03,Critical,UPI
ORD-13089,2024-05-05,May,2024,Susan Harvey,Returning,Home Office,South,Peru,Nevada,North Tina,Office Supplies,Binders,Rate,2,291.02,0.12,31.54,512.2,97.3,0.19,Critical,Card
ORD-13090,2025-08-10,Aug,2025,Mr. Samuel Stanley,New,Consumer,South,Guam,North Carolina,Adamshire,Technology,Laptops,Brother,1,797.53,0.17,8.29,661.95,81.18,0.12,Low,UPI
ORD-13091,2022-12-06,Dec,2022,Tammy Brown,Returning,Corporate,West,Puerto Rico,Illinois,Robertberg,Technology,Accessories,Be,10,420.67,0.19,11.07,3407.43,-293.93,-0.09,High,Net Banking
ORD-13092,2023-03-11,Mar,2023,Steven Stewart,New,Corporate,South,Zambia,Maine,Joelport,Office Supplies,Paper,Music,4,259.33,0.19,15.83,840.23,79.18,0.09,Medium,Card
ORD-13093,2024-06-20,Jun,2024,John Jackson,Returning,Corporate,West,British Indian Ocean Territory (Chagos Archipelago),Alabama,New Leroy,Office Supplies,Binders,Alone,6,689.37,0.09,12.79,3763.96,1065.63,0.28,Medium,Cash
ORD-13094,2025-04-27,Apr,2025,Sarah Henry,Returning,Home Office,East,Monaco,Pennsylvania,Carterbury,Technology,Accessories,Reduce,6,682.66,0.06,23.83,3850.2,428.43,0.11,Critical,Cash
ORD-13095,2023-08-31,Aug,2023,Heather Lawrence,Returning,Corporate,West,Central African Republic,Hawaii,Rojasborough,Furniture,Chairs,Management,10,478.58,0.16,25.0,4020.07,838.33,0.21,Low,UPI
ORD-13096,2023-04-13,Apr,2023,Edward Branch,Returning,Corporate,South,Papua New Guinea,Mississippi,South Kimberly,Furniture,Bookcases,While,10,599.54,0.12,33.26,5275.95,962.49,0.18,Low,Net Banking
ORD-13097,2025-07-31,Jul,2025,Kevin Yates,New,Corporate,South,Czech Republic,Arkansas,Torresside,Furniture,Tables,Hospital,1,369.34,0.17,14.74,306.55,53.52,0.17,High,Cash
ORD-13098,2023-08-05,Aug,2023,Shannon Moss,New,Corporate,Central,Sierra Leone,Tennessee,New Angela,Furniture,Tables,Address,7,20.15,0.21,38.39,111.43,-8.93,-0.08,Critical,UPI
ORD-13099,2025-09-13,Sep,2025,Susan Jordan,VIP,Consumer,West,Bosnia and Herzegovina,New Jersey,West Mariotown,Furniture,Tables,Image,8,57.85,0.06,19.49,435.03,-22.67,-0.05,Medium,Cash
ORD-13100,2024-07-18,Jul,2024,Willie Johnson,New,Corporate,Central,Luxembourg,Louisiana,East Michael,Office Supplies,Storage,Heart,3,344.61,0.21,31.47,816.73,53.66,0.07,Medium,Card
ORD-13101,2023-04-08,Apr,2023,Taylor Kelly,VIP,Corporate,West,Yemen,Colorado,Robertland,Office Supplies,Paper,Whatever,8,215.05,0.3,6.31,1204.28,347.28,0.29,Low,Cash
ORD-13102,2023-06-12,Jun,2023,John Wyatt,New,Home Office,East,Puerto Rico,Georgia,Port Andrew,Technology,Accessories,Practice,9,230.96,0.02,6.65,2037.07,-80.76,-0.04,High,Card
ORD-13103,2025-02-02,Feb,2025,Wayne Carter,VIP,Consumer,East,Bangladesh,Rhode Island,Karentown,Office Supplies,Storage,Movement,7,96.62,0.18,38.66,554.6,6.8,0.01,Low,UPI
ORD-13104,2024-03-20,Mar,2024,Samuel Cummings,Returning,Consumer,Central,Lebanon,Massachusetts,Port Leslie,Office Supplies,Storage,Effort,9,269.71,0.05,9.73,2306.02,-151.75,-0.07,Critical,UPI
ORD-13105,2025-07-02,Jul,2025,Holly Contreras,Returning,Home Office,South,Guinea,Florida,Moraleshaven,Furniture,Bookcases,Report,3,535.33,0.05,10.25,1525.69,429.22,0.28,Critical,Card
ORD-13106,2023-01-12,Jan,2023,Tyler Olsen,Returning,Corporate,East,South Africa,Oregon,South Jim,Furniture,Bookcases,Data,2,379.22,0.04,9.11,728.1,126.57,0.17,Low,Cash
ORD-13107,2024-03-15,Mar,2024,Ashley Simmons,New,Corporate,West,Seychelles,Georgia,West Amyfurt,Office Supplies,Storage,Edge,9,711.73,0.04,33.38,6149.35,1495.35,0.24,Critical,Net Banking
ORD-13108,2025-11-03,Nov,2025,Crystal Vang,VIP,Consumer,West,Poland,Georgia,Lake Kimberlyburgh,Furniture,Tables,You,1,597.19,0.05,32.95,567.33,97.09,0.17,Low,Cash
ORD-13109,2025-10-07,Oct,2025,Matthew Coleman,New,Home Office,West,Gambia,Hawaii,South Alexis,Furniture,Tables,Wait,6,423.28,0.15,6.64,2158.73,-97.77,-0.05,Low,Net Banking
ORD-13110,2023-08-08,Aug,2023,Larry Huff,VIP,Consumer,North,Svalbard & Jan Mayen Islands,New Hampshire,Hensonbury,Technology,Accessories,Trade,7,656.02,0.2,18.38,3673.71,825.2,0.22,Critical,Card
ORD-13111,2024-05-17,May,2024,Amanda Daniels,VIP,Corporate,West,Belarus,New Hampshire,Jacquelinemouth,Technology,Laptops,Protect,3,287.05,0.24,26.62,654.47,140.39,0.21,High,Cash
ORD-13112,2024-02-12,Feb,2024,Raven Medina,New,Consumer,North,Cook Islands,Alabama,Zimmermanburgh,Technology,Laptops,Analysis,2,381.32,0.23,9.42,587.23,118.16,0.2,Critical,UPI
ORD-13113,2024-05-02,May,2024,William Love,VIP,Home Office,North,Djibouti,Montana,Paulshire,Office Supplies,Binders,Series,5,696.01,0.0,9.22,3480.05,-274.83,-0.08,Critical,Net Banking
ORD-13114,2022-12-17,Dec,2022,Charles Harris,Returning,Consumer,Central,Latvia,New Hampshire,South Richard,Technology,Accessories,Religious,5,512.69,0.09,30.01,2332.74,574.29,0.25,Critical,Card
ORD-13115,2025-04-20,Apr,2025,Amy Williams,VIP,Corporate,West,Togo,Hawaii,South Wandaville,Technology,Phones,Change,5,561.24,0.28,36.34,2020.46,446.36,0.22,Critical,Net Banking
ORD-13116,2025-08-07,Aug,2025,Devin Campbell,New,Home Office,South,Cyprus,Georgia,Johnview,Furniture,Bookcases,Record,2,81.42,0.16,38.66,136.79,-3.07,-0.02,Low,UPI
ORD-13117,2023-03-16,Mar,2023,Isaac Burke,Returning,Home Office,North,Finland,Georgia,Brownton,Office Supplies,Binders,Quite,2,52.94,0.1,39.37,95.29,-8.22,-0.09,Critical,Card
ORD-13118,2023-06-04,Jun,2023,Rodney James,New,Corporate,West,Tonga,New Mexico,South Kimberlyberg,Furniture,Chairs,Assume,7,162.78,0.26,7.54,843.2,-54.37,-0.06,High,Net Banking
ORD-13119,2023-06-12,Jun,2023,Randy Allen,Returning,Consumer,South,Holy See (Vatican City State),Mississippi,Obrienport,Furniture,Tables,Spring,7,378.29,0.17,34.13,2197.86,-140.97,-0.06,Medium,UPI
ORD-13120,2025-10-07,Oct,2025,Jamie Richardson,VIP,Corporate,East,Cuba,Delaware,New Sherry,Furniture,Bookcases,Real,7,71.32,0.01,35.33,494.25,37.13,0.08,Medium,Card
ORD-13121,2024-09-23,Sep,2024,Cassie Barnes,VIP,Consumer,West,Western Sahara,South Dakota,Crystalmouth,Office Supplies,Storage,Answer,5,228.4,0.26,43.59,845.08,70.55,0.08,Critical,Cash
ORD-13122,2025-11-24,Nov,2025,Lori Caldwell,Returning,Corporate,North,Pakistan,Pennsylvania,Kathrynhaven,Furniture,Tables,Speech,5,141.65,0.17,22.77,587.85,104.11,0.18,Critical,Cash
ORD-13123,2024-05-13,May,2024,Anna Lopez,Returning,Corporate,South,Suriname,Illinois,Whiteheadmouth,Furniture,Chairs,Whole,6,522.08,0.21,27.93,2474.66,363.19,0.15,Medium,Cash
ORD-13124,2023-11-03,Nov,2023,Ashley Ramirez,New,Corporate,West,Bangladesh,Missouri,New Desiree,Office Supplies,Storage,Hand,7,94.43,0.03,8.16,641.18,78.43,0.12,Low,Net Banking
ORD-13125,2023-08-21,Aug,2023,Felicia Johnson PhD,Returning,Corporate,North,Dominica,Nebraska,Nguyenton,Technology,Laptops,Capital,3,359.38,0.05,43.5,1024.23,-22.03,-0.02,Low,UPI
ORD-13126,2022-12-12,Dec,2022,Sheri Nichols,Returning,Home Office,South,Italy,Idaho,Andreaview,Technology,Accessories,Kind,3,52.36,0.04,8.62,150.8,1.04,0.01,Medium,Cash
ORD-13127,2023-05-06,May,2023,Michael Terry,VIP,Consumer,South,Antigua and Barbuda,Rhode Island,Port Judyfurt,Office Supplies,Binders,Deep,8,755.86,0.13,38.9,5260.79,655.35,0.12,Critical,Card
ORD-13128,2024-07-13,Jul,2024,Margaret Jimenez,Returning,Consumer,North,Mauritius,Kentucky,East Shellystad,Office Supplies,Storage,Detail,8,269.7,0.1,38.84,1941.84,-115.21,-0.06,Low,Card
ORD-13129,2024-09-06,Sep,2024,Amanda Dillon,Returning,Consumer,East,Montserrat,Georgia,Port Davidhaven,Office Supplies,Paper,Step,5,259.15,0.15,38.22,1101.39,129.8,0.12,Low,UPI
ORD-13130,2025-03-30,Mar,2025,Joseph Cisneros,VIP,Consumer,West,Central African Republic,New York,Harrisonmouth,Office Supplies,Paper,Meeting,9,88.76,0.1,7.26,718.96,103.79,0.14,Critical,UPI
ORD-13131,2025-01-13,Jan,2025,Brittany Moore,New,Home Office,West,Honduras,New Mexico,Tracishire,Furniture,Tables,Into,1,366.77,0.13,37.55,319.09,55.3,0.17,Medium,Card
ORD-13132,2023-03-30,Mar,2023,Amy Moore,Returning,Corporate,East,Russian Federation,Kansas,New Michaeltown,Technology,Laptops,Rock,6,319.07,0.03,24.12,1856.99,243.32,0.13,Low,Net Banking
ORD-13133,2024-09-14,Sep,2024,Alexis Watts,Returning,Home Office,East,Pakistan,Mississippi,Roberttown,Technology,Phones,Since,9,266.67,0.07,17.09,2232.03,486.26,0.22,High,Net Banking
ORD-13134,2023-09-13,Sep,2023,Tiffany Wallace,VIP,Consumer,Central,Kenya,Maryland,Lake Meganmouth,Technology,Accessories,Ahead,5,362.39,0.21,12.02,1431.44,-11.61,-0.01,Low,UPI
ORD-13135,2025-05-15,May,2025,Douglas Campbell,Returning,Home Office,East,Antarctica (the territory South of 60 deg S),Georgia,Davisberg,Technology,Accessories,White,9,328.74,0.14,10.21,2544.45,681.98,0.27,Critical,Net Banking
ORD-13136,2024-07-05,Jul,2024,Dr. Morgan Sharp MD,New,Corporate,Central,Bahrain,New Hampshire,Clarkport,Furniture,Tables,Arm,10,648.74,0.11,42.61,5773.79,1476.68,0.26,Critical,Cash
ORD-13137,2025-07-24,Jul,2025,Andrea Flynn DVM,Returning,Corporate,West,Sao Tome and Principe,Connecticut,Shawnville,Office Supplies,Storage,Near,7,729.84,0.02,14.21,5006.7,200.89,0.04,High,Cash
ORD-13138,2024-10-05,Oct,2024,Robert Leonard,New,Consumer,North,Italy,Iowa,North Jennifer,Furniture,Tables,Worker,1,411.02,0.11,37.11,365.81,31.4,0.09,Critical,Cash
ORD-13139,2024-05-18,May,2024,Michael Mayo,VIP,Home Office,Central,Iran,Indiana,New David,Office Supplies,Storage,Name,6,769.14,0.29,32.29,3276.54,457.96,0.14,Low,Net Banking
ORD-13140,2024-04-04,Apr,2024,Matthew Williams,Returning,Corporate,South,Bahrain,Wyoming,Collinstown,Furniture,Tables,Congress,2,255.76,0.28,47.47,368.29,106.62,0.29,Medium,Card
ORD-13141,2024-06-11,Jun,2024,Francisco Patton MD,VIP,Home Office,East,Pitcairn Islands,Mississippi,Gateshaven,Technology,Accessories,Long,4,15.24,0.29,34.88,43.28,4.08,0.09,Medium,Card
ORD-13142,2025-02-06,Feb,2025,Mike Huber,Returning,Home Office,North,Gambia,Montana,Landryfurt,Office Supplies,Storage,Use,8,197.41,0.13,48.18,1373.97,25.44,0.02,High,Net Banking
ORD-13143,2024-02-05,Feb,2024,Catherine Thomas,Returning,Home Office,South,El Salvador,Kentucky,Lake Barbara,Technology,Laptops,Center,4,373.92,0.23,19.88,1151.67,322.2,0.28,High,Cash
ORD-13144,2025-11-17,Nov,2025,James Davidson,VIP,Consumer,West,Swaziland,Rhode Island,Angiemouth,Furniture,Bookcases,Conference,7,701.06,0.18,47.3,4024.08,-296.21,-0.07,Critical,Net Banking
ORD-13145,2025-08-28,Aug,2025,Dr. Daniel Ortiz,New,Corporate,West,Bouvet Island (Bouvetoya),Iowa,Port Bryan,Furniture,Chairs,There,9,695.16,0.27,28.93,4567.2,-9.36,0.0,Critical,UPI
ORD-13146,2024-12-15,Dec,2024,April Clark,VIP,Corporate,West,Venezuela,Illinois,Dunnbury,Office Supplies,Paper,Despite,6,12.28,0.27,7.52,53.79,3.14,0.06,Low,Cash
ORD-13147,2023-09-26,Sep,2023,Lindsay Munoz,VIP,Home Office,North,Israel,Maine,Michellehaven,Office Supplies,Paper,Listen,4,437.36,0.04,28.53,1679.46,241.0,0.14,Low,Cash
ORD-13148,2025-02-10,Feb,2025,Brian Allen,Returning,Corporate,East,Uganda,Maryland,New Joshuafort,Technology,Accessories,Project,3,393.47,0.03,22.73,1145.0,217.12,0.19,Critical,UPI
ORD-13149,2023-10-18,Oct,2023,Reginald Phillips,New,Consumer,East,Bahrain,Colorado,Lauraside,Technology,Phones,Image,9,96.6,0.16,48.25,730.3,18.11,0.02,Medium,Net Banking
ORD-13150,2024-05-01,May,2024,Scott Brown,VIP,Corporate,South,Comoros,Georgia,East Robertstad,Office Supplies,Binders,Season,1,448.61,0.14,39.5,385.8,102.28,0.27,Low,Net Banking
ORD-13151,2024-11-18,Nov,2024,Kimberly Conrad,Returning,Home Office,South,Slovenia,Tennessee,Harmonshire,Furniture,Tables,Become,10,748.57,0.08,9.84,6886.84,96.39,0.01,Medium,Card
ORD-13152,2023-01-30,Jan,2023,Tonya Carter DDS,VIP,Corporate,East,Andorra,California,South Kristina,Technology,Laptops,Area,4,335.74,0.0,28.53,1342.96,262.84,0.2,High,Net Banking
ORD-13153,2023-07-24,Jul,2023,Tiffany Shannon,New,Home Office,East,Cape Verde,New Mexico,Mitchellview,Technology,Accessories,Sell,2,16.37,0.13,17.46,28.48,2.43,0.09,Critical,UPI
ORD-13154,2024-07-23,Jul,2024,Tiffany Hunter,New,Home Office,West,Palau,New Hampshire,North Darrell,Office Supplies,Storage,Send,3,725.24,0.11,32.64,1936.39,361.69,0.19,Low,Cash
ORD-13155,2024-02-01,Feb,2024,Jessica Gordon,VIP,Home Office,East,Sri Lanka,Oklahoma,Reginaborough,Furniture,Tables,Measure,5,693.38,0.01,24.23,3432.23,254.33,0.07,Critical,UPI
ORD-13156,2025-04-22,Apr,2025,Michael Higgins,New,Corporate,North,Sierra Leone,South Dakota,New David,Furniture,Bookcases,Plant,10,290.58,0.12,37.98,2557.1,360.34,0.14,Critical,Card
ORD-13157,2024-10-01,Oct,2024,Tammy Nelson,Returning,Consumer,West,Mayotte,Vermont,West Alicefurt,Office Supplies,Binders,Reflect,6,300.17,0.02,46.39,1765.0,396.32,0.22,High,Cash
ORD-13158,2024-10-07,Oct,2024,Joe Kramer,Returning,Home Office,West,Norfolk Island,Kansas,East Donna,Technology,Phones,Stuff,9,251.65,0.08,16.82,2083.66,-205.26,-0.1,High,Cash
ORD-13159,2024-02-22,Feb,2024,Donald Hunt,Returning,Home Office,North,Nicaragua,South Dakota,East Elizabethburgh,Technology,Laptops,Everybody,4,494.35,0.27,27.41,1443.5,183.29,0.13,Medium,Card
ORD-13160,2024-05-24,May,2024,Brian Benson,Returning,Home Office,Central,Senegal,Nevada,West Deanmouth,Office Supplies,Binders,Effect,3,296.44,0.22,49.8,693.67,185.66,0.27,High,UPI
ORD-13161,2023-08-24,Aug,2023,Angela Walker,New,Home Office,South,Azerbaijan,Massachusetts,Christophermouth,Technology,Laptops,Kind,7,333.12,0.24,10.76,1772.2,-129.67,-0.07,Low,UPI
ORD-13162,2025-04-16,Apr,2025,Maria Nguyen,New,Home Office,East,Nauru,Maine,Port John,Furniture,Tables,Family,3,601.99,0.15,19.88,1535.07,8.12,0.01,Low,Card
ORD-13163,2025-09-21,Sep,2025,Lori Moore,Returning,Consumer,South,Tunisia,Wisconsin,North Bethberg,Technology,Laptops,Usually,1,444.52,0.28,22.11,320.05,68.84,0.22,Critical,UPI
ORD-13164,2024-05-20,May,2024,David Torres,VIP,Consumer,South,Belarus,Illinois,Hendersonfort,Furniture,Chairs,Say,10,762.81,0.05,28.61,7246.69,1786.07,0.25,High,Cash
ORD-13165,2025-01-31,Jan,2025,Katie Vargas,New,Home Office,South,Nicaragua,Wyoming,Paulbury,Office Supplies,Binders,Activity,8,108.9,0.06,10.22,818.93,236.57,0.29,Critical,UPI
ORD-13166,2024-10-04,Oct,2024,Sheila Bennett,Returning,Home Office,East,Equatorial Guinea,Colorado,Paulfort,Technology,Phones,Sit,2,537.78,0.23,41.67,828.18,43.88,0.05,Medium,Cash
ORD-13167,2024-10-23,Oct,2024,Luis Sharp,New,Consumer,South,Nigeria,Michigan,Lisaville,Office Supplies,Paper,Campaign,5,476.99,0.28,31.51,1717.16,22.95,0.01,Low,Card
ORD-13168,2025-11-15,Nov,2025,Tonya Garcia,Returning,Corporate,Central,Cocos (Keeling) Islands,Connecticut,Coreyport,Technology,Phones,Change,6,467.5,0.11,41.21,2496.45,368.78,0.15,Medium,Cash
ORD-13169,2025-09-20,Sep,2025,Sharon Cardenas,New,Corporate,East,Vanuatu,Rhode Island,Port Kimberlyton,Office Supplies,Paper,Show,1,759.48,0.03,18.67,736.7,220.32,0.3,Low,Cash
ORD-13170,2025-02-24,Feb,2025,Patrick Berry,New,Consumer,North,Mongolia,Nebraska,Phelpsfort,Office Supplies,Paper,Good,8,698.02,0.29,10.64,3964.75,-328.75,-0.08,High,UPI
ORD-13171,2025-10-30,Oct,2025,Larry Daniels,New,Corporate,Central,Portugal,Florida,Garymouth,Office Supplies,Paper,Really,7,658.84,0.04,8.13,4427.4,1243.33,0.28,Low,Net Banking
ORD-13172,2024-04-10,Apr,2024,Meagan Green,Returning,Consumer,West,Saint Pierre and Miquelon,South Dakota,New Dustin,Technology,Phones,Never,7,488.9,0.02,43.45,3353.85,-264.44,-0.08,Critical,UPI
ORD-13173,2024-01-02,Jan,2024,Brenda Campbell,VIP,Consumer,East,Yemen,Texas,South Sarahmouth,Furniture,Bookcases,Process,2,40.83,0.18,44.03,66.96,15.61,0.23,Low,UPI
ORD-13174,2024-12-15,Dec,2024,Cassandra Ferrell,VIP,Corporate,South,Macedonia,Tennessee,Stevenborough,Furniture,Bookcases,Future,2,727.0,0.03,18.49,1410.38,-95.16,-0.07,Medium,Card
ORD-13175,2025-05-09,May,2025,Denise Mendez,New,Consumer,West,Mozambique,Arizona,South Julieton,Technology,Accessories,Section,4,748.24,0.28,14.47,2154.93,281.28,0.13,Medium,Net Banking
ORD-13176,2024-03-14,Mar,2024,Richard Davila,VIP,Home Office,Central,Western Sahara,Connecticut,West Destiny,Technology,Laptops,Moment,10,446.5,0.08,15.42,4107.8,628.33,0.15,High,Card
ORD-13177,2023-11-25,Nov,2023,Kristen Murillo,New,Consumer,South,United States Virgin Islands,Pennsylvania,West Paul,Furniture,Chairs,Account,9,214.78,0.01,43.25,1913.69,362.25,0.19,High,Net Banking
ORD-13178,2023-12-08,Dec,2023,Michael Montgomery,VIP,Consumer,Central,Mayotte,North Dakota,West Kelly,Furniture,Chairs,Wish,7,422.83,0.06,43.01,2782.22,-167.06,-0.06,Critical,Cash
ORD-13179,2024-05-13,May,2024,William Johnson,New,Home Office,Central,Algeria,Missouri,Farleyfort,Office Supplies,Paper,Culture,2,255.32,0.11,12.51,454.47,0.19,0.0,Medium,Card
ORD-13180,2023-01-08,Jan,2023,Tanya Williams,VIP,Home Office,Central,Western Sahara,Alaska,New Erinbury,Furniture,Bookcases,Purpose,1,547.71,0.24,48.72,416.26,87.12,0.21,Critical,Net Banking
ORD-13181,2023-12-11,Dec,2023,Nicole Martin,Returning,Corporate,South,Kiribati,Maine,Davidfurt,Office Supplies,Binders,Add,7,363.58,0.1,6.77,2290.55,117.28,0.05,Low,Cash
ORD-13182,2025-03-24,Mar,2025,Charles Payne,VIP,Consumer,East,Kyrgyz Republic,Iowa,Curryton,Furniture,Chairs,Quickly,1,534.96,0.23,28.7,411.92,109.88,0.27,Critical,UPI
ORD-13183,2022-12-18,Dec,2022,Katherine Gates,VIP,Corporate,South,Afghanistan,Idaho,New Robert,Technology,Accessories,Place,1,688.74,0.22,8.77,537.22,143.98,0.27,Low,UPI
ORD-13184,2022-12-10,Dec,2022,Selena Hunt,Returning,Corporate,West,Cape Verde,Alabama,Jasonbury,Furniture,Tables,Citizen,10,301.05,0.03,29.42,2920.18,-75.74,-0.03,Low,Cash
ORD-13185,2025-03-22,Mar,2025,Jordan Davis,New,Home Office,West,Kuwait,Texas,South James,Office Supplies,Paper,From,1,627.97,0.29,22.67,445.86,0.56,0.0,High,Card
ORD-13186,2023-12-01,Dec,2023,Barry Hughes,New,Consumer,Central,Bahamas,Alaska,Jessicaside,Office Supplies,Paper,Happy,1,566.99,0.22,48.03,442.25,115.8,0.26,Medium,Cash
ORD-13187,2025-10-18,Oct,2025,Glenn Hansen,VIP,Corporate,Central,Paraguay,New Jersey,Pollardstad,Furniture,Chairs,Write,10,228.33,0.02,32.54,2237.63,311.0,0.14,Low,Card
ORD-13188,2025-10-30,Oct,2025,Alexander Sullivan,New,Corporate,East,Paraguay,Washington,New Tammy,Office Supplies,Binders,Accept,10,771.93,0.05,18.76,7333.33,319.66,0.04,High,Net Banking
ORD-13189,2023-03-11,Mar,2023,Brittany Rhodes,New,Corporate,East,Jamaica,North Carolina,Jeremyview,Technology,Laptops,Necessary,3,525.29,0.06,41.49,1481.32,330.92,0.22,High,Net Banking
ORD-13190,2024-05-15,May,2024,Mr. Patrick Keller,New,Corporate,North,El Salvador,Rhode Island,Parsonsfort,Technology,Accessories,Decision,3,84.25,0.1,30.65,227.47,29.57,0.13,Critical,UPI
ORD-13191,2025-08-11,Aug,2025,Natalie Garza,Returning,Home Office,Central,Indonesia,Rhode Island,Baileytown,Office Supplies,Storage,Good,6,109.86,0.29,27.79,468.0,6.52,0.01,Medium,Card
ORD-13192,2024-11-01,Nov,2024,Laura Schultz,Returning,Consumer,North,United States of America,North Dakota,Brettmouth,Office Supplies,Binders,South,3,206.0,0.2,48.12,494.4,-2.66,-0.01,Medium,Cash
ORD-13193,2023-03-13,Mar,2023,Kenneth Franklin,Returning,Consumer,North,Western Sahara,North Dakota,North Shirleyport,Technology,Phones,Thousand,7,157.82,0.1,46.41,994.27,-66.07,-0.07,Medium,UPI
ORD-13194,2024-11-21,Nov,2024,Corey Vargas,VIP,Home Office,Central,Lao People's Democratic Republic,Michigan,East Stephen,Office Supplies,Storage,Involve,4,420.69,0.21,23.68,1329.38,-100.58,-0.08,Medium,Cash
ORD-13195,2023-02-07,Feb,2023,Ashley Thomas,Returning,Consumer,Central,Ethiopia,Vermont,Martinezfurt,Furniture,Tables,Discussion,10,185.8,0.01,11.62,1839.42,75.38,0.04,Critical,Card
ORD-13196,2024-02-10,Feb,2024,Samantha Quinn,VIP,Home Office,East,Barbados,Florida,Lake Dylanmouth,Technology,Laptops,Very,2,440.61,0.25,35.21,660.91,56.21,0.09,Medium,Net Banking
ORD-13197,2023-10-20,Oct,2023,Joshua Harris,Returning,Consumer,East,Indonesia,Florida,Frederickburgh,Office Supplies,Storage,Sea,4,748.13,0.16,30.02,2513.72,403.01,0.16,High,Cash
ORD-13198,2024-06-19,Jun,2024,Susan Whitehead,VIP,Consumer,East,United Arab Emirates,Ohio,Cookville,Office Supplies,Storage,Teach,9,209.13,0.25,25.74,1411.63,129.58,0.09,Critical,Net Banking
ORD-13199,2024-09-01,Sep,2024,Dr. Christina Lopez DDS,New,Consumer,South,Maldives,Michigan,Lake Brandytown,Technology,Phones,Scene,6,424.85,0.16,37.68,2141.24,27.36,0.01,Medium,Net Banking
ORD-13200,2022-12-27,Dec,2022,Clinton Avery,New,Corporate,South,Belize,New Mexico,North Steve,Furniture,Bookcases,Impact,8,749.63,0.23,28.28,4617.72,-91.41,-0.02,Critical,UPI
ORD-13201,2023-11-04,Nov,2023,Erin Ponce,VIP,Corporate,North,Sierra Leone,Texas,Ryanmouth,Furniture,Bookcases,We,4,179.16,0.05,22.1,680.81,177.4,0.26,Medium,Card
ORD-13202,2024-10-12,Oct,2024,John Rice,New,Consumer,West,Vanuatu,Oregon,West Nathan,Office Supplies,Paper,Recognize,1,440.94,0.1,22.28,396.85,89.86,0.23,Critical,Net Banking
ORD-13203,2025-10-24,Oct,2025,Sherry Hutchinson,Returning,Home Office,South,Togo,Michigan,New Josephside,Furniture,Tables,Next,10,602.99,0.14,36.15,5185.71,370.84,0.07,Critical,Card
ORD-13204,2023-09-26,Sep,2023,Mr. James Duffy,VIP,Home Office,South,Ghana,Louisiana,Barbarastad,Office Supplies,Paper,Hair,8,281.73,0.28,19.33,1622.76,14.97,0.01,Low,Net Banking
ORD-13205,2024-06-20,Jun,2024,James Rodriguez,Returning,Corporate,East,Central African Republic,New Hampshire,West Nicole,Office Supplies,Paper,Prepare,10,338.29,0.06,46.21,3179.93,84.04,0.03,High,Net Banking
ORD-13206,2023-08-20,Aug,2023,Tyler Baker,New,Corporate,West,Korea,Pennsylvania,East Louis,Furniture,Bookcases,Discuss,8,591.38,0.08,41.44,4352.56,554.32,0.13,Low,Card
ORD-13207,2023-07-16,Jul,2023,Joel Mcdonald,Returning,Home Office,West,Taiwan,Arizona,West Robertborough,Furniture,Bookcases,State,1,302.57,0.01,12.25,299.54,-18.32,-0.06,Medium,Cash
ORD-13208,2024-06-16,Jun,2024,Amy Rodriguez,Returning,Corporate,South,Saint Pierre and Miquelon,Iowa,Schultzview,Technology,Accessories,From,7,690.83,0.21,7.88,3820.29,810.4,0.21,Medium,Card
ORD-13209,2025-02-05,Feb,2025,Jeremy Carrillo,New,Home Office,West,Bouvet Island (Bouvetoya),Georgia,New Jeffreyview,Office Supplies,Storage,Board,10,411.64,0.16,19.45,3457.78,682.13,0.2,High,Cash
ORD-13210,2025-05-10,May,2025,Joshua Walker,New,Consumer,South,Nauru,Colorado,Bethanystad,Furniture,Bookcases,Staff,5,749.26,0.23,24.59,2884.65,-211.2,-0.07,Critical,Cash
ORD-13211,2025-09-26,Sep,2025,Meredith Day,New,Consumer,East,Isle of Man,New Hampshire,North Nina,Furniture,Bookcases,Decade,9,569.61,0.03,15.95,4972.7,490.55,0.1,Critical,UPI
ORD-13212,2024-09-10,Sep,2024,Philip Walker,VIP,Home Office,West,Algeria,Utah,East Sheila,Furniture,Bookcases,Central,5,205.09,0.06,18.01,963.92,287.48,0.3,Critical,Card
ORD-13213,2023-02-23,Feb,2023,Sheri Carey,VIP,Corporate,Central,Tanzania,New Jersey,Lake Gary,Furniture,Tables,Few,2,312.99,0.28,30.36,450.71,5.59,0.01,Low,UPI
ORD-13214,2023-01-12,Jan,2023,James Perkins,VIP,Home Office,East,Madagascar,Wisconsin,Perezview,Furniture,Chairs,Back,8,280.06,0.04,13.41,2150.86,496.64,0.23,Low,Card
ORD-13215,2023-10-19,Oct,2023,Joseph Ortiz DDS,VIP,Consumer,Central,Sweden,Louisiana,Sawyerton,Furniture,Tables,Laugh,7,317.43,0.18,13.63,1822.05,-101.57,-0.06,Critical,Card
ORD-13216,2024-01-10,Jan,2024,Shannon Porter,New,Corporate,South,Chad,Alabama,Estradaland,Technology,Accessories,Reflect,3,620.82,0.17,18.09,1545.84,100.55,0.07,High,Cash
ORD-13217,2024-12-16,Dec,2024,Adrienne Brown,VIP,Corporate,South,Macao,South Carolina,North Andrea,Technology,Phones,Hair,4,318.43,0.19,5.54,1031.71,40.62,0.04,Medium,Card
ORD-13218,2025-05-27,May,2025,Jennifer Heath,VIP,Corporate,West,France,Washington,Robertmouth,Furniture,Chairs,Age,1,675.22,0.1,24.67,607.7,58.65,0.1,Critical,Cash
ORD-13219,2023-03-14,Mar,2023,Deborah Pope,Returning,Consumer,South,Bouvet Island (Bouvetoya),Kansas,Howardmouth,Office Supplies,Binders,Compare,1,341.8,0.17,9.05,283.69,2.56,0.01,Medium,UPI
ORD-13220,2024-09-03,Sep,2024,Erica White,Returning,Consumer,East,Namibia,Massachusetts,East Williambury,Furniture,Chairs,Writer,1,131.85,0.05,10.08,125.26,25.82,0.21,Low,Cash
ORD-13221,2023-09-30,Sep,2023,Jonathan Moody,Returning,Consumer,North,Bahrain,Montana,New Jimmy,Furniture,Chairs,Make,3,261.35,0.29,17.6,556.68,138.38,0.25,High,Card
ORD-13222,2024-08-08,Aug,2024,Thomas Brown,VIP,Home Office,South,Slovakia (Slovak Republic),Kansas,Jasonstad,Technology,Accessories,Structure,3,670.64,0.22,49.58,1569.3,174.98,0.11,Medium,Card
ORD-13223,2025-05-30,May,2025,Jessica Alexander,Returning,Home Office,Central,Latvia,Vermont,Deleonland,Technology,Accessories,Service,3,774.37,0.06,20.23,2183.72,251.81,0.12,Medium,Card
ORD-13224,2025-03-07,Mar,2025,James Arnold,Returning,Home Office,Central,Saint Helena,Illinois,New Cody,Furniture,Bookcases,Field,1,308.67,0.09,15.61,280.89,13.85,0.05,Low,Cash
ORD-13225,2023-01-03,Jan,2023,Michael Burgess,New,Corporate,Central,Antigua and Barbuda,North Dakota,Houstontown,Technology,Phones,Grow,6,646.69,0.24,20.25,2948.91,246.02,0.08,Medium,Cash
ORD-13226,2025-11-24,Nov,2025,Nicole Anderson,VIP,Consumer,South,Thailand,Idaho,Lake Leah,Office Supplies,Binders,Situation,7,24.93,0.14,20.13,150.08,22.96,0.15,Low,Card
ORD-13227,2025-10-01,Oct,2025,Jennifer Williams,New,Consumer,North,Serbia,Arizona,New Tiffanyborough,Furniture,Chairs,Arm,6,345.83,0.25,10.32,1556.24,132.73,0.09,Medium,UPI
ORD-13228,2025-11-23,Nov,2025,Michael Davis,VIP,Consumer,Central,Bhutan,Wisconsin,Gardnerstad,Technology,Phones,Identify,2,230.99,0.02,12.37,452.74,10.21,0.02,Low,UPI
ORD-13229,2023-01-25,Jan,2023,Michael Ellis,Returning,Home Office,South,Jersey,Idaho,Phillipland,Office Supplies,Binders,Worry,5,301.53,0.01,16.99,1492.57,28.9,0.02,Medium,Card
ORD-13230,2022-12-28,Dec,2022,Jonathan Cuevas,VIP,Consumer,North,Tokelau,New York,Lisashire,Office Supplies,Storage,Least,5,425.87,0.04,17.15,2044.18,582.43,0.28,Low,Net Banking
ORD-13231,2024-02-06,Feb,2024,Jacqueline Taylor,VIP,Consumer,East,South Georgia and the South Sandwich Islands,Maine,Denisemouth,Technology,Laptops,Wife,6,550.19,0.11,36.82,2938.01,120.75,0.04,High,UPI
ORD-13232,2025-04-28,Apr,2025,Tara Wolf MD,VIP,Corporate,South,Slovakia (Slovak Republic),Mississippi,Johnhaven,Office Supplies,Storage,Wear,9,432.42,0.11,35.64,3463.68,-122.8,-0.04,Medium,Cash
ORD-13233,2024-05-13,May,2024,Bradley Smith,VIP,Home Office,Central,Malawi,Wyoming,Port Joshua,Furniture,Bookcases,Performance,2,261.5,0.23,46.16,402.71,62.05,0.15,High,Card
ORD-13234,2023-10-04,Oct,2023,Samuel Clark,Returning,Corporate,East,Gabon,Iowa,East Tonya,Furniture,Bookcases,Employee,9,321.47,0.0,35.28,2893.23,270.08,0.09,Critical,Cash
ORD-13235,2025-11-18,Nov,2025,Kathleen Macdonald,New,Consumer,East,Brunei Darussalam,Connecticut,Lake Karen,Technology,Accessories,House,3,674.1,0.21,41.9,1597.62,68.72,0.04,Medium,UPI
ORD-13236,2023-12-03,Dec,2023,Donna Davis,Returning,Home Office,Central,Benin,Georgia,East Gabrielle,Office Supplies,Binders,Company,1,599.86,0.02,40.83,587.86,11.1,0.02,Medium,UPI
ORD-13237,2025-08-06,Aug,2025,Tanya Rubio,New,Consumer,West,Bouvet Island (Bouvetoya),New York,Royshire,Technology,Phones,Anyone,8,260.02,0.07,38.81,1934.55,499.58,0.26,Medium,Cash
ORD-13238,2025-04-12,Apr,2025,Stephen Griffith,New,Home Office,South,Argentina,Nebraska,Romanmouth,Technology,Phones,Citizen,5,793.02,0.11,49.67,3528.94,157.59,0.04,Low,Cash
ORD-13239,2025-04-05,Apr,2025,Ashley Johnson,VIP,Home Office,North,United Arab Emirates,Kansas,Stewartton,Office Supplies,Paper,Positive,6,498.25,0.26,36.43,2212.23,74.52,0.03,Low,Card
ORD-13240,2024-03-31,Mar,2024,Paul Martin,Returning,Consumer,Central,Gabon,New Hampshire,Rebeccaville,Technology,Accessories,Write,4,41.93,0.09,46.81,152.63,27.87,0.18,Medium,Card
ORD-13241,2023-06-16,Jun,2023,Kathleen Bernard,VIP,Consumer,South,Ukraine,Utah,Spencerhaven,Technology,Accessories,Culture,5,76.61,0.29,15.77,271.97,66.5,0.24,Medium,Net Banking
ORD-13242,2024-04-09,Apr,2024,Misty Mcdaniel,New,Corporate,South,Holy See (Vatican City State),New Jersey,Lindseyside,Technology,Laptops,Industry,8,778.54,0.23,47.37,4795.81,-323.1,-0.07,Critical,Net Banking
ORD-13243,2023-10-18,Oct,2023,Keith Roberson,New,Home Office,North,Central African Republic,Arizona,Devinview,Office Supplies,Binders,Enjoy,4,253.65,0.1,27.7,913.14,264.37,0.29,High,Net Banking
ORD-13244,2024-09-19,Sep,2024,Steven Frye,VIP,Consumer,Central,Macedonia,Wisconsin,North Shawnfurt,Furniture,Bookcases,Her,4,276.77,0.08,37.12,1018.51,183.17,0.18,Low,Cash
ORD-13245,2024-01-12,Jan,2024,Megan Medina,VIP,Home Office,North,Angola,Michigan,South Mary,Technology,Phones,Help,10,22.22,0.07,27.8,206.65,10.02,0.05,Critical,UPI
ORD-13246,2024-05-18,May,2024,Jose Jordan,VIP,Corporate,South,Martinique,Texas,South Chadport,Furniture,Tables,Protect,7,406.45,0.27,38.45,2076.96,561.02,0.27,High,Net Banking
ORD-13247,2024-04-13,Apr,2024,Gerald Mitchell,Returning,Consumer,South,Jamaica,Arizona,Adamsberg,Furniture,Chairs,Finish,8,465.24,0.07,33.07,3461.39,758.86,0.22,Medium,Card
ORD-13248,2023-09-20,Sep,2023,Adam Clark,VIP,Home Office,Central,Taiwan,Florida,South Jeffreyberg,Technology,Accessories,Answer,1,442.91,0.08,19.76,407.48,104.34,0.26,High,UPI
ORD-13249,2023-12-03,Dec,2023,Alicia Alvarez,VIP,Home Office,South,Cote d'Ivoire,New York,Port Ronaldville,Office Supplies,Binders,Reflect,2,342.81,0.17,12.36,569.06,-12.27,-0.02,High,Card
ORD-13250,2025-08-25,Aug,2025,Jennifer Friedman,Returning,Consumer,Central,Mayotte,Massachusetts,East Patricia,Technology,Laptops,Long,2,431.29,0.22,38.32,672.81,124.27,0.18,High,Net Banking
ORD-13251,2025-05-17,May,2025,Joseph Rose,New,Consumer,North,Guam,Alaska,Benjaminchester,Furniture,Bookcases,Well,4,421.2,0.14,22.52,1448.93,124.6,0.09,Critical,UPI
ORD-13252,2023-04-08,Apr,2023,Kristina Turner,Returning,Consumer,North,Yemen,Minnesota,Richardsonton,Technology,Phones,Edge,2,675.85,0.18,6.61,1108.39,44.81,0.04,Low,Net Banking
ORD-13253,2023-02-04,Feb,2023,Lisa Bryant,New,Corporate,North,South Georgia and the South Sandwich Islands,Mississippi,Port Matthew,Technology,Laptops,Pass,10,76.1,0.01,26.08,753.39,-8.52,-0.01,Critical,Card
ORD-13254,2024-01-10,Jan,2024,Ralph Gregory,VIP,Home Office,South,Suriname,New Mexico,Port Leslie,Office Supplies,Paper,Company,9,225.66,0.12,42.05,1787.23,136.58,0.08,High,Net Banking
ORD-13255,2025-09-20,Sep,2025,Andrew Jones,New,Consumer,Central,Burkina Faso,New Hampshire,Lake Tiffany,Office Supplies,Paper,Treatment,1,398.57,0.17,48.45,330.81,10.07,0.03,Medium,UPI
ORD-13256,2025-04-09,Apr,2025,Sabrina Davis,Returning,Corporate,South,Macao,Nebraska,North Ashleeburgh,Office Supplies,Storage,Do,9,276.83,0.19,40.2,2018.09,437.98,0.22,Critical,UPI
ORD-13257,2023-06-23,Jun,2023,Lindsey Anderson,New,Corporate,West,Martinique,Texas,Fisherview,Technology,Phones,Various,1,231.92,0.19,27.88,187.86,6.06,0.03,High,Cash
ORD-13258,2025-01-21,Jan,2025,Alexis Lee,Returning,Corporate,North,Montserrat,Indiana,Lake Hayden,Technology,Phones,Hope,10,778.34,0.28,32.64,5604.05,254.18,0.05,Critical,Cash
ORD-13259,2024-08-31,Aug,2024,Maria Sanders,New,Consumer,Central,Nauru,Oregon,West Ruben,Technology,Phones,American,9,638.21,0.3,32.23,4020.72,932.43,0.23,Critical,UPI
ORD-13260,2023-04-15,Apr,2023,Cindy Myers,VIP,Corporate,South,Libyan Arab Jamahiriya,Minnesota,Sylviaton,Furniture,Bookcases,Firm,6,184.76,0.17,41.68,920.1,162.24,0.18,Medium,Card
ORD-13261,2023-04-06,Apr,2023,Alexandra Griffith,VIP,Corporate,West,Lao People's Democratic Republic,South Carolina,West Jennifer,Office Supplies,Storage,Prepare,9,495.13,0.13,40.27,3876.87,366.69,0.09,Medium,Net Banking
ORD-13262,2025-06-12,Jun,2025,Jared Daniels,New,Corporate,South,Rwanda,Wyoming,East Tammyborough,Furniture,Chairs,Education,7,747.76,0.21,28.43,4135.11,1006.0,0.24,High,Cash
ORD-13263,2023-04-16,Apr,2023,Edward Henderson,New,Corporate,Central,Jamaica,Illinois,Charleston,Furniture,Bookcases,Million,4,237.92,0.29,28.87,675.69,167.98,0.25,Low,Card
ORD-13264,2023-11-10,Nov,2023,Nathan Crawford,Returning,Consumer,Central,Turks and Caicos Islands,Arizona,West Louiston,Technology,Laptops,White,8,171.11,0.1,19.4,1231.99,-15.25,-0.01,Medium,Net Banking
ORD-13265,2025-10-10,Oct,2025,Michael Pena,Returning,Corporate,West,Vanuatu,Delaware,Brownfurt,Furniture,Chairs,Stand,7,529.29,0.0,14.52,3705.03,254.59,0.07,Medium,Cash
ORD-13266,2023-04-03,Apr,2023,Kaylee Christensen,New,Consumer,North,Estonia,Massachusetts,Bowenbury,Technology,Laptops,Middle,1,768.02,0.23,36.24,591.38,28.24,0.05,Medium,Card
ORD-13267,2023-11-01,Nov,2023,John Soto,Returning,Corporate,Central,British Virgin Islands,Michigan,East Jeffrey,Technology,Laptops,Make,4,66.98,0.12,37.63,235.77,19.86,0.08,Medium,Cash
ORD-13268,2025-01-21,Jan,2025,Andrew Robles,New,Consumer,Central,Isle of Man,Connecticut,Delacruzshire,Furniture,Tables,Line,1,412.6,0.01,17.16,408.47,66.35,0.16,Critical,Net Banking
ORD-13269,2023-02-24,Feb,2023,Andrew Myers Jr.,VIP,Home Office,West,Belize,West Virginia,North Shelleyland,Office Supplies,Binders,Treat,7,294.84,0.23,28.9,1589.19,48.48,0.03,High,Card
ORD-13270,2025-01-14,Jan,2025,Sarah Griffith,Returning,Corporate,Central,Ireland,Colorado,Lake Sherrimouth,Furniture,Tables,Although,1,151.84,0.22,27.58,118.44,16.24,0.14,Critical,Net Banking
ORD-13271,2024-01-13,Jan,2024,Ellen Kelly,Returning,Consumer,West,Portugal,Delaware,New Jasonmouth,Office Supplies,Paper,So,7,577.32,0.09,42.14,3677.53,26.2,0.01,Low,Net Banking
ORD-13272,2025-10-24,Oct,2025,Michael Peterson,Returning,Corporate,South,Qatar,Nevada,South Micheal,Office Supplies,Storage,Large,9,733.09,0.1,13.68,5938.03,-280.25,-0.05,Critical,Cash
ORD-13273,2023-04-17,Apr,2023,Kristen Hughes,VIP,Corporate,North,Iran,Arizona,New Melissafurt,Furniture,Bookcases,South,9,546.2,0.06,17.8,4620.85,728.92,0.16,Low,Card
ORD-13274,2023-10-16,Oct,2023,Robert Garza,VIP,Consumer,West,Pakistan,Pennsylvania,Brooksburgh,Technology,Laptops,Book,9,482.37,0.14,12.27,3733.54,1096.25,0.29,High,Card
ORD-13275,2024-10-18,Oct,2024,Jim Warren,VIP,Consumer,Central,Bahamas,New Mexico,Port Tylerview,Furniture,Chairs,Affect,5,425.45,0.12,22.48,1871.98,554.52,0.3,Low,Cash
ORD-13276,2025-01-08,Jan,2025,Olivia Brown,Returning,Corporate,South,Malaysia,South Dakota,West Samantha,Furniture,Bookcases,Morning,2,290.62,0.21,44.47,459.18,76.22,0.17,Medium,UPI
ORD-13277,2025-01-10,Jan,2025,Brian Graham,VIP,Consumer,Central,Guernsey,South Dakota,North Richardside,Office Supplies,Storage,Individual,3,699.28,0.07,29.56,1950.99,533.63,0.27,Low,Cash
ORD-13278,2023-05-22,May,2023,Mark Rollins,New,Corporate,East,Barbados,Illinois,West Brittany,Office Supplies,Storage,Mission,9,682.3,0.17,25.61,5096.78,1118.5,0.22,Critical,Card
ORD-13279,2023-06-26,Jun,2023,Heather Smith,VIP,Home Office,North,El Salvador,South Dakota,West Michaelburgh,Furniture,Chairs,Significant,8,15.21,0.24,20.84,92.48,-4.68,-0.05,Critical,Cash
ORD-13280,2025-01-08,Jan,2025,Kristopher Tucker,VIP,Corporate,Central,Bahrain,Minnesota,North Nathanshire,Technology,Laptops,Join,10,238.56,0.01,35.32,2361.74,425.35,0.18,High,UPI
ORD-13281,2024-10-05,Oct,2024,Destiny Sparks,VIP,Home Office,West,Macedonia,Idaho,Lake Pamela,Office Supplies,Paper,Weight,3,323.17,0.26,39.53,717.44,-48.35,-0.07,Low,UPI
ORD-13282,2025-08-31,Aug,2025,Tony Kennedy,New,Consumer,South,Macao,Arkansas,New William,Office Supplies,Binders,Hundred,8,788.15,0.27,34.02,4602.8,925.09,0.2,Critical,UPI
ORD-13283,2023-05-09,May,2023,Anthony Krause,VIP,Home Office,West,Poland,Colorado,Wesleyland,Furniture,Chairs,Difference,1,483.18,0.1,23.63,434.86,95.24,0.22,Medium,UPI
ORD-13284,2023-08-19,Aug,2023,Kimberly Travis,VIP,Home Office,West,Niue,Wisconsin,Thomastown,Technology,Accessories,Make,1,403.21,0.26,32.06,298.38,-29.29,-0.1,Medium,Cash
ORD-13285,2023-02-10,Feb,2023,Carla Thomas,Returning,Home Office,Central,Mexico,Louisiana,Lake Ruben,Office Supplies,Storage,Moment,4,255.1,0.05,9.02,969.38,-49.22,-0.05,Medium,Net Banking
ORD-13286,2023-08-15,Aug,2023,Jasmine Smith,VIP,Consumer,North,Cayman Islands,Montana,Lake Norma,Technology,Laptops,Strong,10,502.11,0.09,43.41,4569.2,52.66,0.01,Critical,UPI
ORD-13287,2024-09-07,Sep,2024,Sherri Underwood,Returning,Consumer,East,Hong Kong,New Jersey,North Christopher,Technology,Laptops,Alone,8,256.66,0.08,7.58,1889.02,417.75,0.22,Low,Net Banking
ORD-13288,2023-05-02,May,2023,Deborah Nicholson,New,Consumer,South,Pakistan,Vermont,North Jerome,Technology,Laptops,Watch,9,26.85,0.03,14.5,234.4,63.7,0.27,Medium,Net Banking
ORD-13289,2023-02-12,Feb,2023,James Smith,VIP,Consumer,Central,Philippines,Pennsylvania,Juliashire,Technology,Accessories,Break,4,737.89,0.19,21.71,2390.76,333.71,0.14,Critical,Cash
ORD-13290,2025-04-22,Apr,2025,Jeffrey Lopez,New,Corporate,South,Chad,Oklahoma,Lake Sarahview,Furniture,Bookcases,Same,4,441.14,0.2,40.74,1411.65,52.29,0.04,Medium,Card
ORD-13291,2023-01-11,Jan,2023,Jennifer Wilkerson,VIP,Home Office,North,Somalia,Michigan,East Lisa,Furniture,Chairs,Become,8,512.52,0.18,28.36,3362.13,-32.81,-0.01,High,UPI
ORD-13292,2023-12-06,Dec,2023,Jessica Le,Returning,Corporate,East,Mali,Texas,Lake Toddbury,Technology,Laptops,Give,2,536.39,0.01,44.52,1062.05,-100.28,-0.09,Critical,Card
ORD-13293,2025-03-09,Mar,2025,Mark Brock,New,Corporate,North,Ethiopia,Minnesota,South Elizabethhaven,Furniture,Bookcases,Decade,8,475.7,0.11,47.54,3386.98,-337.01,-0.1,Medium,Cash
ORD-13294,2023-08-08,Aug,2023,Matthew Wood,Returning,Corporate,East,Zambia,New Jersey,Lake Troyfurt,Office Supplies,Paper,Personal,10,415.43,0.24,26.14,3157.27,327.4,0.1,Low,Net Banking
ORD-13295,2023-01-09,Jan,2023,Rebecca Skinner,Returning,Home Office,North,Panama,Oregon,Wilkersontown,Furniture,Chairs,Positive,10,579.18,0.1,18.62,5212.62,645.16,0.12,Critical,UPI
ORD-13296,2024-08-10,Aug,2024,Dawn Donaldson,New,Corporate,West,Bahrain,South Dakota,Amybury,Furniture,Chairs,Past,7,399.51,0.08,14.66,2572.84,408.88,0.16,Low,UPI
ORD-13297,2023-04-18,Apr,2023,Ariel Hurst,VIP,Home Office,Central,Slovakia (Slovak Republic),Idaho,Jenniferview,Technology,Laptops,Firm,8,450.51,0.14,17.92,3099.51,592.06,0.19,High,Cash
ORD-13298,2024-09-20,Sep,2024,Jermaine Simpson,VIP,Corporate,North,Germany,Maryland,Lisaside,Office Supplies,Paper,Fire,3,143.05,0.28,35.38,308.99,49.17,0.16,High,UPI
ORD-13299,2024-08-12,Aug,2024,Kelly Hughes,New,Consumer,South,Tonga,Wisconsin,Annettebury,Office Supplies,Binders,Join,5,126.49,0.25,12.57,474.34,31.58,0.07,Medium,UPI
ORD-13300,2025-06-04,Jun,2025,Kimberly Davenport,VIP,Consumer,East,Brazil,Florida,New Heatherville,Furniture,Tables,Ready,6,596.65,0.04,48.14,3436.7,-96.5,-0.03,Medium,Cash
ORD-13301,2023-01-08,Jan,2023,Alice Gilbert,New,Consumer,North,Bahrain,Connecticut,West Jack,Office Supplies,Storage,Remain,1,798.05,0.0,48.15,798.05,77.18,0.1,Medium,Net Banking
ORD-13302,2024-07-21,Jul,2024,Timothy Padilla DDS,Returning,Consumer,West,South Africa,Pennsylvania,Kimhaven,Technology,Phones,Card,1,196.19,0.01,12.86,194.23,43.91,0.23,Medium,Card
ORD-13303,2025-07-12,Jul,2025,Paul Fleming,Returning,Home Office,South,Italy,Arkansas,Erinland,Office Supplies,Storage,Drop,3,541.72,0.26,9.32,1202.62,257.21,0.21,Critical,Cash
ORD-13304,2025-01-28,Jan,2025,Jamie Buchanan,VIP,Corporate,West,Falkland Islands (Malvinas),Wisconsin,Brookeshire,Office Supplies,Paper,During,6,28.04,0.01,15.16,166.56,14.01,0.08,High,UPI
ORD-13305,2024-02-05,Feb,2024,James Sellers,New,Consumer,Central,Cyprus,Iowa,West Tammy,Office Supplies,Binders,Occur,10,67.23,0.14,16.76,578.18,71.02,0.12,Critical,Net Banking
ORD-13306,2023-02-18,Feb,2023,Joshua Barr,Returning,Home Office,West,Netherlands Antilles,Georgia,Lake Chaseton,Office Supplies,Storage,I,1,17.58,0.04,38.87,16.88,-0.94,-0.06,Low,Card
ORD-13307,2025-04-03,Apr,2025,Joanna Gay,New,Corporate,Central,Kuwait,Nebraska,Deanside,Furniture,Tables,Recognize,7,92.95,0.07,41.65,605.1,11.65,0.02,Critical,Card
ORD-13308,2023-12-02,Dec,2023,Mariah Lopez,New,Consumer,Central,Seychelles,New Hampshire,East Natashaport,Office Supplies,Binders,High,5,15.59,0.15,41.45,66.26,2.35,0.04,Medium,UPI
ORD-13309,2025-02-24,Feb,2025,Ernest Smith,Returning,Corporate,Central,Western Sahara,Michigan,Singletonbury,Furniture,Tables,Trade,9,337.75,0.11,42.7,2705.38,223.33,0.08,Medium,Cash
ORD-13310,2023-10-14,Oct,2023,Nicholas Bowers,VIP,Consumer,South,Georgia,New Jersey,Lake Vanessafort,Furniture,Bookcases,Approach,6,519.64,0.03,34.74,3024.3,-180.7,-0.06,Critical,UPI
ORD-13311,2025-01-05,Jan,2025,Paula Jackson DDS,VIP,Home Office,South,Cote d'Ivoire,Florida,Port Miguelport,Furniture,Tables,Citizen,10,650.35,0.24,36.67,4942.66,1185.68,0.24,Critical,UPI
ORD-13312,2024-12-27,Dec,2024,Heather Wolf,New,Home Office,Central,Bhutan,Oregon,Moorestad,Furniture,Tables,Dinner,8,77.65,0.18,34.85,509.38,-27.18,-0.05,Low,UPI
ORD-13313,2024-08-27,Aug,2024,Edward Silva,New,Corporate,Central,Northern Mariana Islands,West Virginia,Michaelview,Technology,Phones,Mission,7,206.54,0.04,28.6,1387.95,65.21,0.05,Low,Card
ORD-13314,2024-07-13,Jul,2024,Sandra White,New,Consumer,West,Pakistan,Alaska,Andersontown,Technology,Phones,Seem,5,208.33,0.03,20.93,1010.4,244.18,0.24,Low,Cash
ORD-13315,2024-10-29,Oct,2024,Seth Whitehead,New,Consumer,North,Thailand,Georgia,Jeffreyview,Technology,Phones,Through,8,709.85,0.04,46.18,5451.65,-144.59,-0.03,Low,Net Banking
ORD-13316,2025-09-28,Sep,2025,Kristin Jones,Returning,Consumer,East,Canada,Vermont,Jacksonshire,Technology,Laptops,Fall,9,548.81,0.24,41.54,3753.86,264.44,0.07,High,Card
ORD-13317,2023-12-22,Dec,2023,Gregory Phillips,VIP,Corporate,South,Macedonia,Georgia,Flynnfurt,Furniture,Chairs,System,1,590.15,0.19,8.71,478.02,57.07,0.12,Critical,Net Banking
ORD-13318,2025-06-16,Jun,2025,Andrew Mccarthy,New,Home Office,South,United States Virgin Islands,Colorado,South Michelle,Office Supplies,Binders,Yeah,1,411.78,0.05,5.42,391.19,-2.43,-0.01,High,Card
ORD-13319,2024-12-28,Dec,2024,Stephanie Fuller,New,Consumer,Central,Cyprus,South Carolina,Kingtown,Technology,Laptops,Country,4,463.04,0.29,18.42,1315.03,-82.96,-0.06,Medium,Cash
ORD-13320,2025-04-26,Apr,2025,Brett Allen,New,Corporate,West,Indonesia,California,Lake Cynthia,Office Supplies,Binders,Director,7,756.81,0.27,30.46,3867.3,610.98,0.16,Low,Net Banking
ORD-13321,2023-10-29,Oct,2023,Gary Garcia,VIP,Home Office,North,Macedonia,Iowa,Port Sharon,Technology,Phones,Cost,6,278.7,0.29,33.97,1187.26,345.51,0.29,Critical,Card
ORD-13322,2025-11-03,Nov,2025,Arthur Clay,VIP,Home Office,Central,Croatia,Minnesota,Kellystad,Furniture,Chairs,Commercial,10,128.32,0.08,6.91,1180.54,136.73,0.12,Critical,Card
ORD-13323,2025-02-22,Feb,2025,Peter Nelson,New,Corporate,East,Netherlands Antilles,Louisiana,South Williamview,Furniture,Tables,Policy,10,752.93,0.01,23.31,7454.01,885.77,0.12,Critical,Net Banking
ORD-13324,2025-07-22,Jul,2025,Sarah Berry,VIP,Home Office,West,Heard Island and McDonald Islands,Alaska,Mccormickport,Technology,Phones,Increase,8,663.01,0.2,36.59,4243.26,810.82,0.19,Low,UPI
ORD-13325,2023-02-17,Feb,2023,Brandon Brandt,New,Consumer,Central,Saint Barthelemy,Wisconsin,Danielleshire,Furniture,Bookcases,Fill,9,300.27,0.28,30.13,1945.75,425.94,0.22,High,Card
ORD-13326,2025-05-19,May,2025,Danielle Smith,Returning,Consumer,North,Saint Kitts and Nevis,Montana,Lake Timothy,Office Supplies,Storage,Result,6,658.13,0.18,38.6,3238.0,755.26,0.23,Medium,Cash
ORD-13327,2023-07-13,Jul,2023,Emily Martin,Returning,Corporate,Central,Honduras,Wisconsin,Grayville,Office Supplies,Binders,Short,7,452.0,0.2,14.33,2531.2,286.4,0.11,Critical,Card
ORD-13328,2023-01-19,Jan,2023,Holly Sanders,New,Home Office,South,Angola,Virginia,Russellstad,Technology,Phones,Fact,8,122.01,0.0,31.35,976.08,229.78,0.24,Critical,Net Banking
ORD-13329,2025-05-02,May,2025,Timothy Estrada,Returning,Corporate,South,Uzbekistan,Michigan,Andersonview,Furniture,Chairs,Camera,9,627.08,0.12,40.41,4966.47,976.53,0.2,Low,UPI
ORD-13330,2024-12-10,Dec,2024,Katherine Jones,New,Consumer,East,Pakistan,North Dakota,Karentown,Furniture,Chairs,End,9,489.87,0.0,42.19,4408.83,596.08,0.14,Critical,UPI
ORD-13331,2024-11-17,Nov,2024,Steven Lyons,New,Corporate,East,Kiribati,Washington,West Bill,Office Supplies,Storage,Provide,2,54.78,0.13,12.03,95.32,-6.54,-0.07,Low,Net Banking
ORD-13332,2022-12-20,Dec,2022,Russell Martin,New,Consumer,Central,Estonia,Texas,Alexisborough,Technology,Accessories,Meet,8,491.62,0.17,22.06,3264.36,141.25,0.04,Critical,Cash
ORD-13333,2025-02-09,Feb,2025,Rick Hill,VIP,Corporate,North,Tajikistan,Alabama,Lake Kimberly,Furniture,Bookcases,Keep,5,114.62,0.22,47.78,447.02,40.18,0.09,Critical,Net Banking
ORD-13334,2023-07-12,Jul,2023,Virginia Taylor,VIP,Home Office,West,Western Sahara,Tennessee,Port Sarah,Office Supplies,Storage,Share,8,229.92,0.09,20.02,1673.82,399.33,0.24,High,UPI
ORD-13335,2025-10-19,Oct,2025,Trevor Mann,Returning,Consumer,Central,Israel,West Virginia,Russellside,Furniture,Chairs,Its,3,714.26,0.1,44.81,1928.5,152.79,0.08,Critical,Cash
ORD-13336,2025-07-11,Jul,2025,Kevin Lee,Returning,Home Office,South,French Polynesia,Oklahoma,Williamtown,Technology,Laptops,Your,2,379.13,0.2,8.84,606.61,145.67,0.24,Medium,Cash
ORD-13337,2024-12-08,Dec,2024,Christopher Blankenship,VIP,Consumer,North,Ethiopia,Nevada,Lake Dylan,Technology,Accessories,Improve,5,54.55,0.1,16.47,245.47,53.8,0.22,Critical,UPI
ORD-13338,2024-10-12,Oct,2024,Megan Galvan,Returning,Home Office,East,Bulgaria,Wyoming,West Amandamouth,Technology,Phones,Fact,8,326.38,0.3,29.15,1827.73,-94.35,-0.05,Critical,UPI
ORD-13339,2022-12-16,Dec,2022,Gary Murphy,New,Consumer,North,San Marino,Oregon,Brianchester,Furniture,Chairs,Ready,4,312.98,0.01,14.42,1239.4,360.38,0.29,Critical,UPI
ORD-13340,2023-06-11,Jun,2023,Ana Carter,VIP,Consumer,West,Belgium,Florida,Ortegaborough,Technology,Accessories,Case,3,532.76,0.0,44.15,1598.28,274.24,0.17,High,Net Banking
ORD-13341,2022-12-29,Dec,2022,Barbara Jones,Returning,Consumer,South,Latvia,Montana,Joshuaberg,Office Supplies,Binders,Fight,10,11.14,0.11,41.24,99.15,10.09,0.1,Low,Card
ORD-13342,2022-12-18,Dec,2022,Garrett Cooper,New,Home Office,Central,Greenland,Nevada,Dianehaven,Technology,Laptops,Class,5,567.3,0.23,23.78,2184.11,-181.41,-0.08,Low,Net Banking
ORD-13343,2023-10-10,Oct,2023,Michael Fitzpatrick,VIP,Consumer,West,Saint Pierre and Miquelon,Oklahoma,West Ryan,Technology,Laptops,Thousand,5,225.35,0.19,15.53,912.67,198.92,0.22,High,Card
ORD-13344,2024-10-27,Oct,2024,Brandon Ross,New,Home Office,Central,Poland,Delaware,Haydenbury,Office Supplies,Storage,Believe,7,299.15,0.07,6.53,1947.47,-55.44,-0.03,Critical,Net Banking
ORD-13345,2025-03-24,Mar,2025,Robert Shah,VIP,Home Office,North,Nauru,New Hampshire,Moorefurt,Furniture,Chairs,Help,9,736.13,0.21,8.7,5233.88,302.96,0.06,Low,Net Banking
ORD-13346,2024-06-27,Jun,2024,Adrian Rivera,Returning,Corporate,South,New Zealand,California,South Jennifer,Office Supplies,Binders,Develop,7,593.36,0.19,9.0,3364.35,178.95,0.05,Low,Card
ORD-13347,2023-04-16,Apr,2023,Charles Miller,Returning,Home Office,Central,Belgium,Alaska,Harrisstad,Technology,Laptops,Four,10,253.21,0.11,27.93,2253.57,122.16,0.05,High,Net Banking
ORD-13348,2023-02-03,Feb,2023,Jordan Wright,VIP,Home Office,Central,Dominica,North Carolina,Morrishaven,Furniture,Chairs,Majority,9,284.71,0.13,32.01,2229.28,-101.81,-0.05,Medium,Cash
ORD-13349,2025-05-24,May,2025,David Gibbs,Returning,Consumer,South,Tanzania,Michigan,Markport,Furniture,Chairs,Level,4,588.14,0.05,20.18,2234.93,458.18,0.21,Critical,Cash
ORD-13350,2024-01-16,Jan,2024,Wendy Davis,New,Corporate,West,Armenia,Virginia,Lovemouth,Office Supplies,Paper,Billion,1,234.6,0.06,14.88,220.52,7.68,0.03,Medium,Cash
ORD-13351,2024-01-15,Jan,2024,Brian Martin,VIP,Consumer,North,Congo,Tennessee,Conniehaven,Office Supplies,Paper,Together,7,536.04,0.01,13.79,3714.76,538.15,0.14,Low,Cash
ORD-13352,2024-10-12,Oct,2024,Yvonne Chase,Returning,Home Office,East,Maldives,North Dakota,Hicksville,Technology,Laptops,Board,9,799.73,0.01,10.4,7125.59,1912.19,0.27,High,Net Banking
ORD-13353,2025-10-24,Oct,2025,Alicia Robinson,Returning,Consumer,South,Mexico,Texas,Johnport,Technology,Laptops,Experience,3,175.35,0.05,12.96,499.75,-17.85,-0.04,High,Card
ORD-13354,2024-02-04,Feb,2024,Melissa Franklin,Returning,Corporate,North,Honduras,Arizona,Carmenville,Furniture,Bookcases,Personal,9,225.28,0.12,7.88,1784.22,74.46,0.04,High,Net Banking
ORD-13355,2024-12-04,Dec,2024,Christopher Hall,New,Home Office,Central,Bulgaria,Georgia,Marioberg,Furniture,Chairs,If,5,301.7,0.01,31.6,1493.41,-3.69,0.0,Low,Card
ORD-13356,2023-03-22,Mar,2023,William Davis,VIP,Corporate,North,Bermuda,North Carolina,Lake Jenniferborough,Technology,Laptops,Leg,9,780.11,0.07,42.34,6529.52,209.67,0.03,Low,Net Banking
ORD-13357,2023-02-01,Feb,2023,Stephanie Robinson,VIP,Home Office,South,Qatar,New York,Colliermouth,Furniture,Tables,Gun,10,13.47,0.18,21.01,110.45,-2.25,-0.02,Critical,Net Banking
ORD-13358,2023-06-21,Jun,2023,Sherry Carter,New,Corporate,North,Bangladesh,California,West Matthew,Office Supplies,Binders,Meet,9,72.92,0.08,10.71,603.78,75.95,0.13,Medium,UPI
ORD-13359,2023-12-29,Dec,2023,Sonia Williamson,Returning,Consumer,Central,Belarus,Texas,North Jackiemouth,Furniture,Chairs,Standard,2,429.32,0.18,44.27,704.08,80.57,0.11,High,UPI
ORD-13360,2025-11-16,Nov,2025,Bonnie Allen,Returning,Home Office,Central,Maldives,New Jersey,South Andrewside,Office Supplies,Binders,Bad,8,95.71,0.16,14.13,643.17,-16.05,-0.02,Medium,Cash
ORD-13361,2025-02-10,Feb,2025,Paul Williams,New,Corporate,East,Antigua and Barbuda,Virginia,West Amyhaven,Furniture,Bookcases,Able,2,120.63,0.12,13.64,212.31,-0.78,0.0,Low,Net Banking
ORD-13362,2024-07-16,Jul,2024,Jon Golden,VIP,Home Office,North,Chile,South Carolina,West Deborahmouth,Technology,Phones,Fear,1,791.28,0.16,11.71,664.68,102.71,0.15,Critical,Card
ORD-13363,2024-07-11,Jul,2024,Derrick Garrison,New,Consumer,East,Turkey,Vermont,Harperland,Technology,Phones,Car,7,392.94,0.09,28.71,2503.03,399.19,0.16,Low,Cash
ORD-13364,2023-11-05,Nov,2023,Matthew Strong,Returning,Corporate,South,Bolivia,Louisiana,Vegastad,Technology,Laptops,Professor,9,360.08,0.25,23.48,2430.54,437.34,0.18,High,UPI
ORD-13365,2023-03-14,Mar,2023,Michael Parker,Returning,Home Office,North,El Salvador,Wyoming,Debrastad,Office Supplies,Storage,Responsibility,5,295.67,0.17,36.09,1227.03,198.11,0.16,Low,Card
ORD-13366,2025-01-12,Jan,2025,Brittany Calhoun,Returning,Home Office,North,Algeria,Virginia,Russellborough,Furniture,Chairs,Paper,10,494.63,0.2,47.43,3957.04,364.0,0.09,Low,Cash
ORD-13367,2023-09-13,Sep,2023,Kathryn Hill,New,Corporate,North,Thailand,Maine,West Joseph,Technology,Phones,Near,7,258.34,0.23,6.15,1392.45,67.07,0.05,Low,Cash
ORD-13368,2025-03-29,Mar,2025,David Moody,New,Consumer,South,Bangladesh,Michigan,West Jefferyhaven,Furniture,Tables,Pretty,2,47.66,0.06,47.31,89.6,-4.83,-0.05,High,Card
ORD-13369,2024-12-29,Dec,2024,Craig Reynolds,VIP,Corporate,South,United Kingdom,Nebraska,New Jenniferfurt,Office Supplies,Binders,Add,3,626.21,0.05,24.83,1784.7,404.05,0.23,Medium,Net Banking
ORD-13370,2024-12-04,Dec,2024,Laurie Meyer,New,Home Office,West,Indonesia,Idaho,Fosterville,Furniture,Chairs,Statement,5,369.79,0.25,39.53,1386.71,91.68,0.07,Critical,UPI
ORD-13371,2025-01-13,Jan,2025,Jessica Gentry,Returning,Corporate,West,Singapore,Arkansas,Reevesmouth,Furniture,Chairs,Two,9,718.93,0.01,19.24,6405.67,268.96,0.04,High,Cash
ORD-13372,2023-09-24,Sep,2023,Victoria Dixon,VIP,Consumer,South,Anguilla,Vermont,Tylerberg,Furniture,Bookcases,Sound,6,618.94,0.2,42.45,2970.91,124.73,0.04,Critical,Net Banking
ORD-13373,2023-03-10,Mar,2023,Calvin Ross,New,Home Office,West,Armenia,Montana,Deborahberg,Furniture,Tables,List,3,784.14,0.29,12.44,1670.22,25.24,0.02,Medium,UPI
ORD-13374,2024-08-16,Aug,2024,Ryan Oneal,New,Consumer,East,Egypt,Oregon,North Madeline,Furniture,Bookcases,Risk,10,119.14,0.29,12.61,845.89,-59.93,-0.07,Medium,Card
ORD-13375,2022-12-12,Dec,2022,Raymond Herman,Returning,Corporate,South,Tuvalu,South Dakota,Avilachester,Furniture,Tables,Night,6,742.08,0.06,26.49,4185.33,434.37,0.1,High,UPI
ORD-13376,2024-04-28,Apr,2024,Dr. Elizabeth Smith,Returning,Home Office,East,Cameroon,Nebraska,South Donald,Office Supplies,Paper,Candidate,6,651.58,0.25,31.02,2932.11,360.81,0.12,High,Card
ORD-13377,2024-07-05,Jul,2024,Dr. Jacqueline Avila,New,Corporate,Central,Macao,Oklahoma,Lake Adam,Technology,Accessories,Believe,2,560.89,0.01,31.03,1110.56,27.05,0.02,High,Card
ORD-13378,2025-10-21,Oct,2025,Michael Roberson,VIP,Corporate,East,Hungary,Nevada,North Evan,Furniture,Tables,Home,8,394.55,0.03,22.67,3061.71,228.8,0.07,Critical,Net Banking
ORD-13379,2023-06-06,Jun,2023,Patricia Stewart,VIP,Corporate,North,Wallis and Futuna,Michigan,Port Timothy,Technology,Laptops,Ball,7,232.14,0.17,35.26,1348.73,27.79,0.02,Low,UPI
ORD-13380,2025-11-17,Nov,2025,Chelsea Simon,New,Consumer,West,Senegal,Wisconsin,Port Gregory,Furniture,Bookcases,They,1,363.74,0.25,6.32,272.81,-8.66,-0.03,Low,Cash
ORD-13381,2023-09-29,Sep,2023,Jonathan Harris,VIP,Corporate,Central,Comoros,Texas,West Rebeccastad,Office Supplies,Binders,Foreign,9,191.76,0.01,47.42,1708.58,8.75,0.01,High,Card
ORD-13382,2025-02-27,Feb,2025,Jonathan Marshall,Returning,Consumer,North,Brazil,Hawaii,Carpenterburgh,Furniture,Chairs,Suffer,7,445.49,0.27,47.21,2276.45,26.27,0.01,High,Net Banking
ORD-13383,2023-07-10,Jul,2023,Sabrina Peterson,VIP,Corporate,West,Myanmar,Pennsylvania,Brandihaven,Technology,Phones,Side,4,425.22,0.14,31.33,1462.76,-3.41,0.0,Medium,Card
ORD-13384,2025-10-02,Oct,2025,James Chen,New,Home Office,Central,Cape Verde,North Dakota,Lake Miranda,Office Supplies,Paper,Keep,4,428.23,0.25,18.62,1284.69,-74.82,-0.06,Medium,Cash
ORD-13385,2024-01-01,Jan,2024,Tiffany Massey,Returning,Corporate,South,Nauru,Virginia,Markhaven,Office Supplies,Binders,Wife,9,715.4,0.23,49.62,4957.72,1196.17,0.24,Low,Net Banking
ORD-13386,2023-03-31,Mar,2023,Chelsea Matthews,VIP,Home Office,Central,United States of America,Ohio,Gilmoreside,Office Supplies,Storage,Radio,6,627.18,0.05,29.59,3574.93,-92.52,-0.03,Critical,Net Banking
ORD-13387,2022-12-29,Dec,2022,Caroline Combs,Returning,Home Office,North,Afghanistan,Idaho,West Steven,Office Supplies,Binders,Those,10,674.64,0.02,12.23,6611.47,498.43,0.08,High,Cash
ORD-13388,2024-03-26,Mar,2024,Ryan Washington,New,Consumer,North,Germany,Missouri,West Charles,Technology,Laptops,Management,10,658.75,0.18,6.79,5401.75,52.94,0.01,Low,Card
ORD-13389,2025-10-26,Oct,2025,Luis Jarvis,New,Consumer,Central,Albania,Hawaii,North Amyhaven,Office Supplies,Paper,Only,3,143.75,0.2,36.21,345.0,-1.97,-0.01,Low,Net Banking
ORD-13390,2023-09-01,Sep,2023,Bruce Gonzales,New,Consumer,North,Saint Vincent and the Grenadines,Massachusetts,Teresaside,Technology,Phones,Some,1,687.48,0.17,46.8,570.61,141.92,0.25,Critical,Card
ORD-13391,2023-10-10,Oct,2023,Lisa Turner,Returning,Home Office,North,United Arab Emirates,Pennsylvania,Bullockville,Furniture,Chairs,Card,4,590.89,0.01,11.58,2339.92,365.5,0.16,Critical,Cash
ORD-13392,2023-10-04,Oct,2023,Jonathan Quinn,VIP,Corporate,West,Burundi,Oregon,Lake Michellemouth,Office Supplies,Paper,Follow,3,622.14,0.22,34.49,1455.81,380.21,0.26,Medium,Cash
ORD-13393,2023-08-26,Aug,2023,Jeffrey Garcia,New,Corporate,East,United States of America,Virginia,Hernandezbury,Furniture,Tables,Four,4,711.47,0.1,17.49,2561.29,-10.73,0.0,Medium,Cash
ORD-13394,2024-08-22,Aug,2024,Brian Martinez,New,Home Office,North,Bulgaria,Delaware,Morrisview,Furniture,Chairs,Forward,5,449.92,0.21,42.21,1777.18,-149.68,-0.08,High,Net Banking
ORD-13395,2025-03-05,Mar,2025,Christina Green,Returning,Corporate,South,Cote d'Ivoire,Minnesota,Arthurshire,Technology,Phones,Send,3,702.27,0.14,14.85,1811.86,399.54,0.22,Low,Net Banking
ORD-13396,2023-07-09,Jul,2023,Louis Wright,New,Consumer,West,Bosnia and Herzegovina,Missouri,West Jonathanville,Office Supplies,Binders,Management,10,86.62,0.27,44.27,632.33,-12.26,-0.02,Medium,Cash
ORD-13397,2025-02-12,Feb,2025,Joseph Williams MD,Returning,Corporate,West,Australia,Maine,South Diana,Technology,Laptops,Blue,3,777.04,0.24,7.56,1771.65,179.95,0.1,Low,UPI
ORD-13398,2025-02-04,Feb,2025,Alfred Richards,New,Consumer,East,Zimbabwe,North Carolina,New William,Office Supplies,Storage,North,7,150.44,0.19,16.26,852.99,-32.16,-0.04,Low,UPI
ORD-13399,2023-02-28,Feb,2023,Paul Smith,Returning,Consumer,Central,Aruba,New York,North Josephfurt,Office Supplies,Storage,Important,3,769.63,0.14,10.84,1985.65,194.98,0.1,High,Card
ORD-13400,2024-12-16,Dec,2024,Cody Thomas,Returning,Home Office,Central,Georgia,Delaware,New Joshua,Technology,Phones,Available,3,68.7,0.12,9.14,181.37,11.92,0.07,Critical,UPI
ORD-13401,2024-02-06,Feb,2024,Darius Bowman,New,Corporate,Central,Tokelau,Kansas,Veronicaview,Furniture,Chairs,War,2,517.52,0.12,41.15,910.84,-63.93,-0.07,Low,Cash
ORD-13402,2024-08-16,Aug,2024,Amanda Holmes,New,Corporate,South,Lesotho,Illinois,New Larrymouth,Technology,Accessories,Lawyer,2,263.81,0.1,44.98,474.86,61.24,0.13,High,UPI
ORD-13403,2023-02-18,Feb,2023,Joshua Aguilar,Returning,Home Office,West,Costa Rica,Wyoming,Lake David,Office Supplies,Binders,Authority,7,492.98,0.05,17.48,3278.32,326.65,0.1,Medium,Card
ORD-13404,2024-05-26,May,2024,Annette Campbell,New,Home Office,Central,Macao,Tennessee,Christinaside,Furniture,Chairs,Season,9,408.62,0.15,8.06,3125.94,755.29,0.24,Critical,Card
ORD-13405,2024-05-11,May,2024,James Dixon,New,Consumer,East,Belarus,Oregon,Cameronville,Office Supplies,Binders,Develop,4,418.84,0.21,21.19,1323.53,-12.54,-0.01,Medium,Card
ORD-13406,2023-02-25,Feb,2023,Charles Chambers,New,Consumer,South,Slovakia (Slovak Republic),New Hampshire,Port Richardland,Furniture,Bookcases,City,1,36.94,0.2,48.96,29.55,6.15,0.21,Medium,Cash
ORD-13407,2025-06-11,Jun,2025,Thomas Aguilar,Returning,Home Office,Central,Latvia,Oklahoma,Robertmouth,Office Supplies,Storage,Else,5,82.11,0.05,19.38,390.02,-37.19,-0.1,Low,Cash
ORD-13408,2023-11-15,Nov,2023,Timothy Roman,VIP,Home Office,North,Argentina,Kentucky,Lake Duane,Furniture,Bookcases,Option,10,231.9,0.01,40.9,2295.81,-178.86,-0.08,Medium,UPI
ORD-13409,2025-07-12,Jul,2025,John Montes,Returning,Consumer,North,Finland,Nevada,New Thomaschester,Technology,Phones,High,10,767.26,0.24,17.53,5831.18,507.43,0.09,Medium,Net Banking
ORD-13410,2024-10-19,Oct,2024,Kristen Cortez,New,Consumer,South,Guam,Tennessee,Dianashire,Furniture,Bookcases,Bar,10,172.11,0.29,8.87,1221.98,250.5,0.2,High,Cash
ORD-13411,2023-05-30,May,2023,Michael Weaver,New,Consumer,East,Cook Islands,New York,Lake Debra,Furniture,Bookcases,Glass,2,443.04,0.29,45.28,629.12,83.03,0.13,High,Cash
ORD-13412,2024-02-24,Feb,2024,Todd Wilkinson Jr.,VIP,Home Office,South,Cote d'Ivoire,Alaska,North Brendabury,Technology,Phones,Before,5,745.0,0.29,42.54,2644.75,-48.4,-0.02,Medium,Net Banking
ORD-13413,2024-08-27,Aug,2024,Scott Russell,VIP,Home Office,Central,Tunisia,Massachusetts,North Daniel,Furniture,Bookcases,Network,3,90.68,0.17,47.84,225.79,50.32,0.22,Medium,Cash
ORD-13414,2025-11-08,Nov,2025,Charles Parrish,New,Home Office,South,Malawi,Ohio,West Johnmouth,Technology,Laptops,Learn,1,610.8,0.1,11.11,549.72,51.38,0.09,Medium,Card
ORD-13415,2025-10-23,Oct,2025,Charles Brooks,VIP,Corporate,South,Namibia,Delaware,New Alison,Furniture,Bookcases,Include,9,760.72,0.12,12.56,6024.9,-120.64,-0.02,Low,Net Banking
ORD-13416,2025-01-29,Jan,2025,Claire Stephens,New,Consumer,North,Ecuador,North Carolina,East David,Office Supplies,Binders,Bad,9,744.51,0.22,32.58,5226.46,1067.43,0.2,Medium,UPI
ORD-13417,2024-11-21,Nov,2024,Jacob Newman,Returning,Corporate,North,Slovakia (Slovak Republic),Alaska,Jefferyville,Office Supplies,Storage,Same,2,375.53,0.18,29.44,615.87,149.1,0.24,High,Cash
ORD-13418,2023-05-17,May,2023,Eugene Cooper,Returning,Home Office,South,Micronesia,Idaho,East Nicole,Technology,Laptops,Care,5,221.44,0.07,45.48,1029.7,210.15,0.2,Critical,Card
ORD-13419,2025-09-24,Sep,2025,Joe Perez,VIP,Home Office,East,Mozambique,Michigan,East Paulchester,Furniture,Chairs,Finally,6,657.85,0.04,46.88,3789.22,-11.59,0.0,Low,Card
ORD-13420,2023-09-15,Sep,2023,James Franklin,VIP,Home Office,West,Qatar,Indiana,Latoyaview,Furniture,Chairs,Reality,9,727.49,0.01,19.1,6481.94,618.87,0.1,Critical,Cash
ORD-13421,2025-01-06,Jan,2025,Tony Lam,Returning,Home Office,South,Guinea-Bissau,South Dakota,East Stephanie,Technology,Phones,Son,9,465.91,0.03,32.65,4067.39,820.2,0.2,High,Net Banking
ORD-13422,2023-02-06,Feb,2023,Chad Duffy,Returning,Corporate,West,Moldova,Idaho,West Donaldmouth,Furniture,Chairs,Read,7,312.92,0.11,23.33,1949.49,-91.76,-0.05,Critical,Card
ORD-13423,2025-07-02,Jul,2025,Stephanie Peterson,VIP,Corporate,Central,Ukraine,Indiana,West Michaelburgh,Office Supplies,Paper,Should,7,770.59,0.26,31.56,3991.66,824.74,0.21,Low,Net Banking
ORD-13424,2025-09-28,Sep,2025,Joy Carrillo,New,Corporate,South,Nepal,Oklahoma,Port Willie,Furniture,Chairs,Single,6,172.45,0.13,24.33,900.19,-2.32,0.0,Medium,UPI
ORD-13425,2025-06-23,Jun,2025,Scott Terrell,VIP,Corporate,North,Netherlands,New Hampshire,Lake Robertstad,Technology,Accessories,Trip,7,401.95,0.28,28.19,2025.83,-12.06,-0.01,Low,UPI
ORD-13426,2025-02-03,Feb,2025,Maria Miller,VIP,Consumer,Central,Guinea,Georgia,Nixonton,Technology,Accessories,Compare,9,505.66,0.27,21.81,3322.19,667.16,0.2,Low,Card
ORD-13427,2024-08-12,Aug,2024,Theresa Johnston,Returning,Consumer,North,New Caledonia,Arkansas,Lake Matthewville,Furniture,Tables,Responsibility,10,778.36,0.01,10.73,7705.76,842.92,0.11,Medium,Net Banking
ORD-13428,2023-05-05,May,2023,Richard Wolfe,New,Home Office,West,Tonga,Connecticut,Christopherburgh,Office Supplies,Binders,Product,1,641.67,0.24,12.54,487.67,2.49,0.01,High,UPI
ORD-13429,2023-10-07,Oct,2023,Zoe Henderson,New,Home Office,North,Bulgaria,Florida,West Martinshire,Furniture,Chairs,Game,10,260.25,0.1,42.97,2342.25,412.56,0.18,Low,Card
ORD-13430,2025-10-02,Oct,2025,Brittany Rivera,VIP,Corporate,South,Zambia,Oregon,Michaelville,Office Supplies,Binders,Deal,5,448.81,0.0,5.23,2244.05,-219.79,-0.1,High,Card
ORD-13431,2025-02-12,Feb,2025,Sheri Graham,Returning,Consumer,West,Lithuania,Indiana,Lake James,Technology,Phones,Compare,9,439.3,0.09,29.14,3597.87,1061.4,0.3,Medium,Card
ORD-13432,2024-10-16,Oct,2024,Cindy Erickson MD,Returning,Consumer,South,Russian Federation,Louisiana,Davidfurt,Furniture,Bookcases,Interesting,5,351.43,0.08,5.87,1616.58,399.77,0.25,Critical,Cash
ORD-13433,2023-05-15,May,2023,Steven Carney,New,Consumer,South,Antigua and Barbuda,Delaware,East Laurieport,Office Supplies,Storage,Shake,3,204.6,0.1,23.58,552.42,102.33,0.19,Medium,Net Banking
ORD-13434,2023-06-22,Jun,2023,George Nguyen,VIP,Corporate,Central,Cayman Islands,Virginia,Allenborough,Furniture,Tables,List,1,644.42,0.23,22.09,496.2,72.66,0.15,Medium,Card
ORD-13435,2025-06-16,Jun,2025,Evelyn Bell,New,Home Office,South,Reunion,Arizona,Munozberg,Technology,Accessories,Rate,1,770.14,0.23,37.91,593.01,105.14,0.18,High,UPI
ORD-13436,2023-03-04,Mar,2023,Stephanie Black,New,Consumer,East,Palestinian Territory,Arizona,North Annette,Technology,Phones,Tree,2,395.03,0.07,31.58,734.76,-10.53,-0.01,Medium,Net Banking
ORD-13437,2025-09-04,Sep,2025,David Rodriguez,VIP,Home Office,North,Congo,Missouri,Johnsonshire,Technology,Phones,Easy,2,388.26,0.19,34.94,628.98,59.73,0.09,Medium,Card
ORD-13438,2025-02-04,Feb,2025,Erik Wilkinson,VIP,Consumer,South,Equatorial Guinea,Ohio,Lake Kenneth,Technology,Phones,Road,7,272.17,0.25,30.52,1428.89,38.03,0.03,Medium,Card
ORD-13439,2024-04-06,Apr,2024,Brenda Hester,Returning,Home Office,West,Vanuatu,Vermont,Randyton,Furniture,Bookcases,Really,4,203.81,0.24,25.26,619.58,9.68,0.02,Low,Net Banking
ORD-13440,2024-03-29,Mar,2024,Joyce Taylor,New,Consumer,North,Micronesia,Arizona,Staceyhaven,Technology,Laptops,Second,5,499.16,0.03,9.76,2420.93,-41.3,-0.02,High,Card
ORD-13441,2024-03-14,Mar,2024,Kevin Smith,VIP,Consumer,East,Dominica,New Hampshire,North Jessica,Technology,Laptops,Series,7,678.2,0.21,32.13,3750.45,484.56,0.13,Critical,UPI
ORD-13442,2024-01-24,Jan,2024,John Thomas,Returning,Consumer,East,Senegal,Montana,Jonathantown,Office Supplies,Binders,There,1,410.54,0.14,20.72,353.06,102.17,0.29,Medium,Net Banking
ORD-13443,2023-12-26,Dec,2023,Isabella Perry,VIP,Consumer,Central,Estonia,Wisconsin,East Michelletown,Office Supplies,Storage,Deal,5,276.34,0.14,45.84,1188.26,308.04,0.26,Critical,Card
ORD-13444,2024-03-29,Mar,2024,Cassandra Duncan,VIP,Consumer,North,Andorra,Oregon,New Amandashire,Technology,Phones,Throw,8,427.01,0.23,5.85,2630.38,3.71,0.0,Low,UPI
ORD-13445,2023-01-01,Jan,2023,Mackenzie Austin,VIP,Consumer,South,Brazil,Rhode Island,Bakerhaven,Furniture,Tables,Approach,2,611.24,0.07,11.98,1136.91,208.06,0.18,High,Net Banking
ORD-13446,2025-06-25,Jun,2025,Mike Brown,New,Consumer,East,Slovenia,Texas,Milesmouth,Technology,Accessories,Quite,6,280.22,0.16,18.04,1412.31,415.84,0.29,Critical,Card
ORD-13447,2025-11-10,Nov,2025,Kara Mejia,New,Corporate,North,Macao,Minnesota,Port Taylor,Furniture,Bookcases,Together,3,406.18,0.1,10.47,1096.69,314.88,0.29,Low,Cash
ORD-13448,2023-04-06,Apr,2023,Summer Rangel,VIP,Home Office,South,Botswana,Kentucky,South Roger,Technology,Accessories,Film,8,508.6,0.29,35.33,2888.85,82.84,0.03,High,Card
ORD-13449,2023-03-05,Mar,2023,Henry Washington,New,Consumer,South,Brunei Darussalam,Georgia,Lake Regina,Furniture,Chairs,Want,2,305.64,0.07,9.9,568.49,-29.27,-0.05,Low,Cash
ORD-13450,2025-10-17,Oct,2025,Kathleen Cook,New,Consumer,Central,Namibia,New York,Powellmouth,Office Supplies,Storage,However,2,213.76,0.0,11.34,427.52,21.97,0.05,High,Cash
ORD-13451,2025-07-25,Jul,2025,Roy Cruz,New,Home Office,Central,Andorra,Rhode Island,Isaacbury,Furniture,Chairs,Move,1,432.79,0.03,47.51,419.81,96.02,0.23,Low,UPI
ORD-13452,2025-04-03,Apr,2025,Steven Yates,VIP,Consumer,East,Botswana,Alaska,East Brittneytown,Office Supplies,Binders,Method,4,103.5,0.21,30.05,327.06,-12.08,-0.04,High,UPI
ORD-13453,2024-05-02,May,2024,Lisa Green,New,Home Office,West,Chad,Pennsylvania,Kevinside,Office Supplies,Binders,Current,7,68.75,0.27,33.76,351.31,31.06,0.09,Medium,Card
ORD-13454,2025-03-02,Mar,2025,Susan Castro,New,Home Office,Central,Jordan,Connecticut,West Carla,Furniture,Chairs,Across,8,267.61,0.07,14.32,1991.02,-121.24,-0.06,Low,Card
ORD-13455,2023-06-03,Jun,2023,Carrie Vargas,New,Home Office,East,Cambodia,Oklahoma,Courtneybury,Technology,Laptops,Coach,8,182.93,0.07,28.37,1361.0,146.15,0.11,Critical,Card
ORD-13456,2024-06-11,Jun,2024,Brent Medina,New,Consumer,Central,American Samoa,Kansas,Loriview,Furniture,Tables,Military,10,513.36,0.04,18.63,4928.26,446.44,0.09,Critical,Card
ORD-13457,2024-05-23,May,2024,Courtney Davis,New,Corporate,North,Mongolia,Idaho,East Jerryshire,Technology,Accessories,Possible,5,686.47,0.16,29.4,2883.17,495.7,0.17,Critical,Card
ORD-13458,2025-01-29,Jan,2025,Robert Hunter,VIP,Consumer,West,El Salvador,Florida,South John,Office Supplies,Binders,Serious,2,453.47,0.25,35.85,680.21,103.9,0.15,High,Card
ORD-13459,2025-11-02,Nov,2025,Jo Brewer,Returning,Corporate,Central,Germany,West Virginia,Rodriguezmouth,Office Supplies,Paper,Might,9,647.11,0.2,22.83,4659.19,1391.91,0.3,High,Net Banking
ORD-13460,2023-01-05,Jan,2023,Joseph Gonzalez,New,Home Office,West,Iran,Michigan,North Jeffreymouth,Technology,Laptops,Walk,3,472.18,0.14,6.97,1218.22,275.54,0.23,High,Card
ORD-13461,2024-12-08,Dec,2024,Dawn Miller,New,Corporate,North,Tanzania,Washington,West Davidburgh,Technology,Laptops,Message,5,667.64,0.22,11.94,2603.8,188.4,0.07,High,Net Banking
ORD-13462,2024-03-30,Mar,2024,Stacey Hopkins,New,Consumer,Central,Bhutan,Michigan,Caseyport,Furniture,Chairs,Everyone,1,626.16,0.19,43.93,507.19,-36.14,-0.07,Critical,Cash
ORD-13463,2024-06-18,Jun,2024,Kimberly Hensley,New,Consumer,North,Italy,Virginia,Barkerhaven,Technology,Accessories,Second,10,132.42,0.09,12.96,1205.02,18.94,0.02,Critical,Net Banking
ORD-13464,2023-10-07,Oct,2023,Michael Boyd,New,Corporate,Central,Zambia,Maine,South Stephen,Furniture,Chairs,Manager,1,721.04,0.28,31.77,519.15,142.46,0.27,Medium,UPI
ORD-13465,2023-09-06,Sep,2023,David Mayer,VIP,Home Office,West,France,West Virginia,Juliechester,Furniture,Chairs,Nothing,4,515.79,0.05,12.84,1960.0,294.96,0.15,Medium,Cash
ORD-13466,2023-01-11,Jan,2023,Melissa Calhoun,New,Corporate,West,South Georgia and the South Sandwich Islands,Hawaii,Martinezborough,Technology,Laptops,Just,10,539.38,0.13,5.58,4692.61,13.17,0.0,Medium,UPI
ORD-13467,2025-06-12,Jun,2025,Pamela Sharp,VIP,Corporate,Central,Cayman Islands,Montana,South April,Technology,Accessories,Visit,2,230.74,0.26,5.01,341.5,4.06,0.01,High,Cash
ORD-13468,2023-11-27,Nov,2023,Steven Strickland,Returning,Consumer,East,Sri Lanka,Vermont,Deanburgh,Office Supplies,Binders,Recognize,2,174.69,0.26,14.22,258.54,39.44,0.15,High,Card
ORD-13469,2025-11-16,Nov,2025,Ashley Lane,Returning,Corporate,West,Guadeloupe,Nevada,Deniseberg,Furniture,Tables,Someone,2,223.26,0.12,41.46,392.94,54.97,0.14,Low,Net Banking
ORD-13470,2025-04-06,Apr,2025,Elizabeth Ross PhD,VIP,Home Office,Central,United States Minor Outlying Islands,New Hampshire,Craigburgh,Furniture,Bookcases,Three,9,335.89,0.21,23.48,2388.18,202.92,0.08,Low,Cash
ORD-13471,2022-12-23,Dec,2022,Andrew Johnson,Returning,Home Office,Central,Guyana,Illinois,Mindyburgh,Technology,Phones,Little,3,448.67,0.22,8.08,1049.89,38.45,0.04,Medium,UPI
ORD-13472,2023-07-04,Jul,2023,Cindy Flores,New,Home Office,West,Palau,Indiana,North Jacob,Furniture,Bookcases,Far,4,19.11,0.1,9.32,68.8,20.04,0.29,Critical,Cash
ORD-13473,2025-08-29,Aug,2025,Robin Bryan,VIP,Consumer,East,Chad,Hawaii,South Kenneth,Office Supplies,Storage,Raise,3,196.22,0.27,30.84,429.72,124.29,0.29,Low,Card
ORD-13474,2023-06-09,Jun,2023,Robert Stokes,Returning,Consumer,West,Malawi,Nebraska,Zacharyborough,Office Supplies,Storage,Size,1,100.38,0.18,38.39,82.31,-6.56,-0.08,Critical,UPI
ORD-13475,2023-10-18,Oct,2023,Charles Mata,VIP,Home Office,North,United Kingdom,North Carolina,Smithberg,Furniture,Bookcases,Either,1,605.4,0.28,48.77,435.89,-33.49,-0.08,Medium,UPI
ORD-13476,2023-08-16,Aug,2023,Alan Duncan,VIP,Corporate,Central,India,Texas,Ashleyland,Technology,Phones,Check,9,787.05,0.26,46.04,5241.75,967.93,0.18,Critical,UPI
ORD-13477,2023-06-03,Jun,2023,Angela White,VIP,Corporate,West,Croatia,North Dakota,Drewside,Furniture,Bookcases,Base,3,206.65,0.15,29.14,526.96,15.04,0.03,High,Cash
ORD-13478,2023-03-08,Mar,2023,Christine Haynes,Returning,Home Office,South,Rwanda,Kansas,New Rachaelstad,Technology,Accessories,Form,6,728.63,0.0,8.11,4371.78,1114.51,0.25,Medium,Net Banking
ORD-13479,2024-11-05,Nov,2024,Melanie White,New,Corporate,Central,Vietnam,Colorado,North Ronald,Technology,Phones,Send,1,190.11,0.14,13.37,163.49,1.57,0.01,Critical,UPI
ORD-13480,2024-12-07,Dec,2024,Peter Sanders,Returning,Corporate,South,Ukraine,Colorado,Timothytown,Furniture,Tables,Mr,9,306.64,0.13,24.99,2400.99,618.63,0.26,Low,Card
ORD-13481,2024-11-08,Nov,2024,Laura Wagner,VIP,Corporate,East,Comoros,Utah,Scottside,Technology,Accessories,Charge,2,613.77,0.07,48.92,1141.61,214.68,0.19,Medium,Card
ORD-13482,2025-03-06,Mar,2025,Christine Sanchez MD,New,Home Office,Central,Christmas Island,Montana,Mistyhaven,Technology,Accessories,Decade,10,70.46,0.24,23.98,535.5,72.55,0.14,Low,Cash
ORD-13483,2024-05-20,May,2024,Megan Brewer,VIP,Home Office,South,United Kingdom,North Dakota,Andreaberg,Office Supplies,Storage,Night,9,331.28,0.07,24.3,2772.81,642.47,0.23,Critical,UPI
ORD-13484,2024-08-15,Aug,2024,Julie Wise,Returning,Home Office,West,Haiti,New Hampshire,Edwardside,Office Supplies,Storage,Explain,5,479.38,0.18,10.97,1965.46,509.61,0.26,Low,UPI
ORD-13485,2024-09-19,Sep,2024,Jordan Reed,Returning,Corporate,Central,Mongolia,New York,Lake Lisa,Technology,Laptops,Edge,3,491.07,0.08,15.97,1355.35,140.04,0.1,Medium,UPI
ORD-13486,2023-09-04,Sep,2023,Jose Valdez,Returning,Corporate,West,Turkmenistan,Washington,New Nicholas,Office Supplies,Binders,Responsibility,2,672.16,0.2,29.51,1075.46,83.68,0.08,High,Net Banking
ORD-13487,2023-10-14,Oct,2023,Joshua Padilla,VIP,Corporate,West,Pakistan,Michigan,Lesterfurt,Furniture,Bookcases,Beat,6,499.69,0.22,35.11,2338.55,597.8,0.26,Medium,Net Banking
ORD-13488,2025-06-26,Jun,2025,Jose Anderson,Returning,Home Office,East,Botswana,Florida,Meghanbury,Technology,Laptops,Where,2,124.13,0.27,11.61,181.23,-16.06,-0.09,Low,Net Banking
ORD-13489,2023-02-14,Feb,2023,Jill Jones,VIP,Home Office,West,Tunisia,West Virginia,Brianberg,Office Supplies,Paper,War,9,515.4,0.27,6.61,3386.18,-175.97,-0.05,High,Net Banking
ORD-13490,2023-09-25,Sep,2023,Philip Cox,VIP,Home Office,North,Chile,Arizona,New Kurt,Office Supplies,Binders,As,2,762.82,0.19,29.61,1235.77,255.04,0.21,Critical,Net Banking
ORD-13491,2025-11-06,Nov,2025,Cynthia Gonzalez,VIP,Consumer,Central,San Marino,Arkansas,North Rick,Office Supplies,Paper,Mouth,8,44.59,0.16,16.41,299.64,66.51,0.22,Medium,UPI
ORD-13492,2025-08-15,Aug,2025,Tiffany Logan,VIP,Corporate,Central,Turkmenistan,New York,Hernandezland,Technology,Phones,Bring,6,149.58,0.24,38.88,682.08,-24.0,-0.04,Low,Net Banking
ORD-13493,2022-12-02,Dec,2022,Zachary Campbell,New,Corporate,West,Bahrain,Iowa,Lake Shelly,Technology,Accessories,Realize,4,129.69,0.04,43.71,498.01,101.13,0.2,High,Net Banking
ORD-13494,2025-02-05,Feb,2025,Julian Spencer,New,Home Office,East,Burkina Faso,Vermont,South Gary,Office Supplies,Storage,Right,8,199.25,0.15,43.96,1354.9,118.84,0.09,Medium,Net Banking
ORD-13495,2024-03-07,Mar,2024,Todd Benson,New,Corporate,North,Uganda,Oklahoma,Kellyberg,Office Supplies,Paper,Natural,5,284.67,0.23,27.39,1095.98,8.67,0.01,Medium,UPI
ORD-13496,2025-02-25,Feb,2025,Michael White,New,Home Office,North,Tajikistan,Kansas,Port Tammy,Furniture,Chairs,Manage,10,122.85,0.23,41.04,945.95,166.73,0.18,Low,Net Banking
ORD-13497,2025-11-19,Nov,2025,Jerry Hale,VIP,Corporate,North,Mayotte,California,Nicholasborough,Technology,Accessories,Ground,7,628.38,0.15,11.63,3738.86,879.12,0.24,Critical,Cash
ORD-13498,2023-01-24,Jan,2023,Robert Hooper,Returning,Consumer,West,Tonga,Louisiana,Port Mario,Office Supplies,Storage,Do,5,503.85,0.15,23.39,2141.36,-0.87,0.0,Low,Card
ORD-13499,2023-10-31,Oct,2023,Raven Scott,Returning,Consumer,South,Cuba,Kentucky,Gonzalezborough,Office Supplies,Binders,Oil,1,34.68,0.28,6.06,24.97,4.27,0.17,Low,Net Banking
ORD-13500,2024-02-20,Feb,2024,Rebecca Herrera,New,Consumer,Central,Saudi Arabia,Florida,South Tony,Office Supplies,Paper,Cause,2,685.53,0.26,19.93,1014.58,-69.83,-0.07,Low,UPI
ORD-13501,2022-12-27,Dec,2022,Christopher Santos,VIP,Corporate,West,Senegal,Kentucky,Hinesberg,Office Supplies,Paper,Of,10,656.03,0.03,22.78,6363.49,1218.14,0.19,Low,Card
ORD-13502,2024-06-26,Jun,2024,Daniel Warner,New,Consumer,West,Nepal,Oregon,North Robinberg,Office Supplies,Paper,Do,4,593.61,0.21,40.32,1875.81,-128.54,-0.07,High,Card
ORD-13503,2025-05-03,May,2025,David Mckenzie,Returning,Home Office,North,Burkina Faso,Rhode Island,East Kylemouth,Office Supplies,Storage,Media,5,324.51,0.05,25.92,1541.42,-80.49,-0.05,High,Card
ORD-13504,2023-04-22,Apr,2023,Donna Buchanan,New,Consumer,South,Suriname,Colorado,Port Latashachester,Furniture,Tables,Take,1,761.87,0.11,13.76,678.06,-3.21,0.0,Low,Cash
ORD-13505,2022-12-15,Dec,2022,Daniel Fitzpatrick,New,Consumer,South,Martinique,Tennessee,North Lindsey,Office Supplies,Binders,Authority,9,144.74,0.12,45.83,1146.34,-8.57,-0.01,Low,UPI
ORD-13506,2024-04-06,Apr,2024,Samantha Ross,VIP,Consumer,Central,Montenegro,Alaska,North Williamchester,Furniture,Tables,Hit,6,516.83,0.28,36.79,2232.71,188.59,0.08,Low,UPI
ORD-13507,2025-03-18,Mar,2025,Charles Chen,Returning,Consumer,Central,Swaziland,Michigan,Gomezstad,Office Supplies,Binders,Project,2,532.87,0.01,17.91,1055.08,-101.1,-0.1,High,UPI
ORD-13508,2025-06-02,Jun,2025,Jennifer Griffin,VIP,Consumer,East,Slovakia (Slovak Republic),New Mexico,South Alison,Office Supplies,Paper,Result,4,66.44,0.29,19.47,188.69,55.93,0.3,Critical,UPI
ORD-13509,2025-01-09,Jan,2025,Stephanie Weeks,New,Home Office,Central,Tokelau,Connecticut,Lake Hunter,Technology,Accessories,Win,2,668.13,0.14,39.9,1149.18,49.72,0.04,Medium,Card
ORD-13510,2023-10-25,Oct,2023,James Holmes,Returning,Home Office,South,Isle of Man,Wisconsin,South Darlene,Technology,Accessories,Stuff,1,709.97,0.08,36.3,653.17,25.51,0.04,Low,Net Banking
ORD-13511,2023-10-26,Oct,2023,Kimberly Lawrence,New,Corporate,East,Holy See (Vatican City State),Idaho,Becktown,Furniture,Tables,Enough,7,94.82,0.19,9.63,537.63,86.26,0.16,Medium,Cash
ORD-13512,2024-06-03,Jun,2024,Brian Garcia,New,Consumer,South,Montenegro,New Mexico,Davidburgh,Technology,Laptops,Push,10,399.59,0.09,26.74,3636.27,763.56,0.21,Medium,Cash
ORD-13513,2024-08-05,Aug,2024,Alyssa Gregory,Returning,Home Office,West,Fiji,Connecticut,Tammyport,Office Supplies,Paper,Director,4,184.78,0.21,27.34,583.9,-39.54,-0.07,Critical,Net Banking
ORD-13514,2023-06-05,Jun,2023,Kevin Stewart,New,Home Office,Central,Israel,Alabama,West Charles,Furniture,Chairs,To,9,334.98,0.26,46.53,2230.97,527.71,0.24,Critical,Card
ORD-13515,2023-04-27,Apr,2023,Angela Diaz,New,Corporate,West,Peru,New Jersey,East Robertchester,Technology,Laptops,Page,10,37.37,0.01,33.95,369.96,34.2,0.09,Low,Net Banking
ORD-13516,2024-09-10,Sep,2024,Leslie Bell,New,Corporate,Central,Kiribati,Nevada,West Terrifurt,Furniture,Bookcases,Heart,1,102.9,0.26,36.78,76.15,5.25,0.07,Medium,Cash
ORD-13517,2023-01-09,Jan,2023,Anthony Briggs,New,Consumer,North,Pakistan,Illinois,Meganport,Furniture,Bookcases,Another,10,279.78,0.14,31.11,2406.11,575.94,0.24,Critical,UPI
ORD-13518,2025-09-10,Sep,2025,Steven Bowers,New,Home Office,North,Kuwait,Connecticut,South Randy,Office Supplies,Paper,Become,10,445.66,0.2,35.7,3565.28,-299.37,-0.08,High,Cash
ORD-13519,2023-02-06,Feb,2023,Megan Collins,Returning,Corporate,Central,Serbia,West Virginia,Lake Christinebury,Technology,Accessories,Mouth,3,355.41,0.27,42.64,778.35,45.71,0.06,Critical,UPI
ORD-13520,2023-11-29,Nov,2023,Stephanie Cruz,VIP,Home Office,South,Colombia,North Carolina,New Christopherbury,Furniture,Chairs,Film,3,184.62,0.09,6.25,504.01,34.1,0.07,Critical,Net Banking
ORD-13521,2023-12-18,Dec,2023,Michael Black,VIP,Consumer,East,Kiribati,New Jersey,Chadton,Technology,Laptops,Determine,10,333.22,0.04,18.79,3198.91,-286.04,-0.09,High,Cash
ORD-13522,2025-06-12,Jun,2025,Kristen Ibarra,Returning,Consumer,West,Bhutan,Virginia,Maryfurt,Office Supplies,Storage,Push,6,47.0,0.11,38.93,250.98,27.21,0.11,Critical,Net Banking
ORD-13523,2022-12-06,Dec,2022,Monique Wiley,Returning,Home Office,North,Pakistan,Florida,Josephstad,Technology,Phones,Authority,10,82.56,0.16,45.51,693.5,43.77,0.06,Medium,Net Banking
ORD-13524,2025-05-15,May,2025,Tyler Ross,New,Home Office,East,Argentina,Minnesota,Priceberg,Furniture,Bookcases,Century,8,392.81,0.17,23.34,2608.26,365.44,0.14,High,Cash
ORD-13525,2023-04-28,Apr,2023,Lawrence Peterson,New,Corporate,South,Reunion,Nebraska,New Allisonbury,Furniture,Chairs,Nation,7,404.39,0.19,15.41,2292.89,239.5,0.1,High,Net Banking
ORD-13526,2024-06-03,Jun,2024,Michael Bruce,VIP,Consumer,North,Bulgaria,North Carolina,East Wendy,Office Supplies,Binders,Heart,6,142.71,0.15,41.62,727.82,78.63,0.11,Medium,UPI
ORD-13527,2024-05-16,May,2024,Aaron Jones,New,Home Office,West,Congo,Kansas,Andrewborough,Office Supplies,Storage,Compare,6,267.86,0.26,11.65,1189.3,41.02,0.03,Medium,Cash
ORD-13528,2023-06-25,Jun,2023,Jason Ford,VIP,Corporate,North,Eritrea,Kentucky,South Jenniferberg,Technology,Phones,Despite,1,383.19,0.1,8.79,344.87,50.0,0.14,Low,Cash
ORD-13529,2023-03-08,Mar,2023,Heather Rivera,Returning,Consumer,East,Belarus,New Jersey,Mezaberg,Office Supplies,Binders,By,2,695.97,0.08,29.85,1280.58,-48.0,-0.04,Low,UPI
ORD-13530,2023-06-20,Jun,2023,Christopher Brown,Returning,Consumer,North,Saint Kitts and Nevis,Ohio,Jeffshire,Office Supplies,Binders,Member,9,102.17,0.09,12.6,836.77,34.84,0.04,High,Card
ORD-13531,2024-03-10,Mar,2024,Cynthia Garcia,VIP,Consumer,Central,Djibouti,Illinois,Nicoleland,Office Supplies,Storage,Nice,8,432.35,0.17,29.56,2870.8,261.22,0.09,Medium,UPI
ORD-13532,2025-11-07,Nov,2025,Jeremy Butler,Returning,Home Office,South,Marshall Islands,Kansas,Austinland,Technology,Phones,Level,2,428.97,0.29,7.08,609.14,174.11,0.29,Low,Card
ORD-13533,2024-11-23,Nov,2024,Cynthia Stewart,VIP,Corporate,East,Afghanistan,Louisiana,East Kendramouth,Furniture,Tables,Forget,4,435.87,0.08,48.97,1604.0,-155.07,-0.1,Medium,Cash
ORD-13534,2023-07-06,Jul,2023,Johnny Russell,Returning,Consumer,North,Bulgaria,Louisiana,South George,Technology,Phones,Always,4,218.35,0.04,45.97,838.46,-75.01,-0.09,Medium,Net Banking
ORD-13535,2025-05-04,May,2025,Adam Crawford,New,Corporate,West,Bahamas,Arkansas,Traceyland,Technology,Phones,Defense,3,553.54,0.25,19.56,1245.46,351.06,0.28,Medium,UPI
ORD-13536,2025-03-24,Mar,2025,Catherine Wiggins,Returning,Corporate,East,Costa Rica,Michigan,Johnsonfort,Office Supplies,Binders,Wrong,6,420.35,0.01,6.42,2496.88,-75.98,-0.03,Low,Net Banking
ORD-13537,2025-04-05,Apr,2025,Erik Myers,VIP,Consumer,South,Cocos (Keeling) Islands,California,Walkerview,Furniture,Tables,Practice,4,20.2,0.17,41.89,67.06,6.04,0.09,Low,Net Banking
ORD-13538,2024-02-23,Feb,2024,Jeremy Clark,VIP,Consumer,Central,Syrian Arab Republic,Missouri,Lake Rhondachester,Technology,Accessories,Some,3,351.0,0.09,31.13,958.23,-29.67,-0.03,Medium,Card
ORD-13539,2023-08-08,Aug,2023,Jeffrey Lewis,New,Consumer,South,Egypt,Arkansas,Lake Keithstad,Furniture,Tables,Understand,5,556.87,0.2,41.01,2227.48,574.94,0.26,Low,Cash
ORD-13540,2023-05-05,May,2023,Nathan Kane,Returning,Corporate,East,Cambodia,Connecticut,Lake Christinehaven,Technology,Phones,Artist,10,50.63,0.29,43.99,359.47,4.72,0.01,Low,UPI
ORD-13541,2023-10-25,Oct,2023,Jonathan Simpson,Returning,Home Office,East,Cameroon,Michigan,Tammyburgh,Office Supplies,Paper,Sing,9,488.46,0.21,32.14,3472.95,298.46,0.09,Medium,UPI
ORD-13542,2025-07-12,Jul,2025,Tracey Anderson,Returning,Corporate,West,Lebanon,South Dakota,East Jeffrey,Office Supplies,Storage,Yeah,5,585.56,0.29,25.89,2078.74,159.91,0.08,Low,Card
ORD-13543,2024-03-19,Mar,2024,Emily Kennedy,Returning,Corporate,North,Swaziland,Georgia,Chungshire,Office Supplies,Binders,Beautiful,10,491.47,0.14,32.0,4226.64,1230.57,0.29,Medium,Cash
ORD-13544,2025-06-17,Jun,2025,Bobby Schroeder,Returning,Home Office,North,Wallis and Futuna,Maryland,Kimberlyton,Technology,Phones,Instead,9,651.46,0.17,39.84,4866.41,1285.65,0.26,Critical,UPI
ORD-13545,2024-08-13,Aug,2024,Dominique Mcclain,Returning,Home Office,East,Honduras,Arizona,Dawnmouth,Furniture,Bookcases,Challenge,9,298.56,0.09,42.07,2445.21,364.26,0.15,Medium,Net Banking
ORD-13546,2024-01-30,Jan,2024,Debbie Martinez,Returning,Consumer,West,Cameroon,Tennessee,Johnsonborough,Furniture,Bookcases,Despite,4,658.11,0.08,11.61,2421.84,412.25,0.17,Low,UPI
ORD-13547,2024-06-05,Jun,2024,Antonio Peters Jr.,New,Corporate,North,Holy See (Vatican City State),Oklahoma,Allisonside,Office Supplies,Storage,Cost,1,137.23,0.02,34.63,134.49,-2.88,-0.02,Low,Cash
ORD-13548,2022-12-27,Dec,2022,John Harris,Returning,Corporate,East,Chile,Massachusetts,West Johnnymouth,Technology,Phones,Main,4,374.33,0.07,6.65,1392.51,303.06,0.22,Medium,Cash
ORD-13549,2023-07-16,Jul,2023,Nicole Miller,VIP,Home Office,North,Guadeloupe,New Mexico,Shaneburgh,Furniture,Tables,Total,6,637.67,0.29,42.19,2716.47,599.96,0.22,Low,UPI
ORD-13550,2025-07-06,Jul,2025,Bradley Smith,VIP,Home Office,Central,Suriname,Texas,Robertoburgh,Technology,Laptops,Effect,4,559.9,0.12,22.81,1970.85,154.71,0.08,High,Net Banking
ORD-13551,2025-01-12,Jan,2025,Sharon Harrison,Returning,Corporate,East,Morocco,New Mexico,North Tiffanymouth,Technology,Laptops,Drive,1,33.83,0.25,17.19,25.37,-0.61,-0.02,High,Card
ORD-13552,2023-05-28,May,2023,Kimberly Davis,Returning,Home Office,North,Trinidad and Tobago,Arizona,Kelleytown,Technology,Laptops,Life,5,130.97,0.15,21.44,556.62,-0.28,0.0,High,UPI
ORD-13553,2024-05-17,May,2024,Amy Le,VIP,Consumer,South,Senegal,Kentucky,Hicksport,Office Supplies,Paper,Occur,3,458.21,0.24,11.76,1044.72,-3.82,0.0,Medium,UPI
ORD-13554,2025-02-03,Feb,2025,Gregory Grant,VIP,Home Office,East,Solomon Islands,Delaware,Gilbertstad,Technology,Phones,Candidate,10,724.04,0.24,49.51,5502.7,660.98,0.12,Medium,Card
ORD-13555,2025-04-15,Apr,2025,Emily Gardner,VIP,Consumer,South,Namibia,California,East Jonathan,Office Supplies,Storage,Down,9,372.74,0.29,28.05,2381.81,33.23,0.01,Low,Net Banking
ORD-13556,2024-02-19,Feb,2024,Taylor Brown,VIP,Corporate,East,French Guiana,North Carolina,Lake Nancystad,Technology,Laptops,Idea,1,387.52,0.02,8.63,379.77,25.4,0.07,Medium,Net Banking
ORD-13557,2023-04-07,Apr,2023,Michael Gomez,VIP,Corporate,North,Italy,Hawaii,Cooperberg,Technology,Laptops,Bit,4,669.49,0.22,11.8,2088.81,24.29,0.01,High,Card
ORD-13558,2024-12-13,Dec,2024,Matthew Schmidt,Returning,Home Office,North,Israel,West Virginia,Grahambury,Furniture,Tables,Police,3,91.67,0.15,26.94,233.76,-7.37,-0.03,Low,Cash
ORD-13559,2024-08-09,Aug,2024,Dorothy Willis,New,Corporate,South,Liberia,New Hampshire,Ballberg,Office Supplies,Binders,Condition,1,582.53,0.12,6.44,512.63,64.46,0.13,Medium,UPI
ORD-13560,2025-07-16,Jul,2025,Lindsay Payne,Returning,Consumer,South,Vanuatu,Idaho,East Angelamouth,Office Supplies,Storage,Structure,10,514.62,0.28,32.24,3705.26,133.54,0.04,High,Card
ORD-13561,2023-09-22,Sep,2023,Ryan Gonzalez,VIP,Corporate,West,Papua New Guinea,Oklahoma,North Jaredchester,Office Supplies,Binders,Which,8,462.63,0.25,17.02,2775.78,572.41,0.21,High,Net Banking
ORD-13562,2024-11-20,Nov,2024,Nathaniel Thompson,VIP,Consumer,North,Greenland,Oregon,Estradamouth,Technology,Phones,Water,4,662.0,0.12,28.45,2330.24,563.67,0.24,Medium,UPI
ORD-13563,2024-09-18,Sep,2024,Eric Malone,VIP,Consumer,North,Sierra Leone,Alabama,Stevensonstad,Office Supplies,Paper,Near,7,267.74,0.01,41.71,1855.44,503.33,0.27,High,Net Banking
ORD-13564,2024-02-17,Feb,2024,Peter Cardenas,New,Home Office,Central,Liechtenstein,West Virginia,Taylorchester,Office Supplies,Storage,Remember,10,402.26,0.02,9.71,3942.15,518.89,0.13,High,Card
ORD-13565,2024-08-19,Aug,2024,Robin Adams,New,Corporate,East,Austria,Rhode Island,Perkinsshire,Office Supplies,Paper,Relationship,5,471.75,0.21,17.79,1863.41,484.91,0.26,Low,UPI
ORD-13566,2023-12-26,Dec,2023,Joshua Ballard,VIP,Home Office,West,Syrian Arab Republic,Nevada,Tamaraland,Furniture,Chairs,Who,4,104.37,0.01,16.47,413.31,41.31,0.1,High,Net Banking
ORD-13567,2024-09-07,Sep,2024,Dwayne Whitaker,New,Home Office,East,Montserrat,North Dakota,New Karen,Office Supplies,Paper,Happen,9,477.59,0.13,6.15,3739.53,220.16,0.06,Medium,Cash
ORD-13568,2025-10-22,Oct,2025,Donna Ortega,New,Corporate,North,Venezuela,Alabama,Melaniefurt,Office Supplies,Paper,Statement,1,429.54,0.17,5.48,356.52,54.01,0.15,Medium,UPI
ORD-13569,2025-02-04,Feb,2025,Sara Phillips,Returning,Corporate,West,Guadeloupe,Rhode Island,Lake Patrick,Office Supplies,Paper,High,8,621.07,0.04,15.48,4769.82,866.34,0.18,Critical,Net Banking
ORD-13570,2023-03-04,Mar,2023,Melissa Calhoun,Returning,Corporate,North,Lesotho,Kansas,West Joann,Furniture,Chairs,Game,6,143.36,0.23,31.63,662.32,-13.43,-0.02,Critical,Card
ORD-13571,2025-03-10,Mar,2025,Kathryn Aguirre,VIP,Home Office,Central,Mayotte,New Jersey,Jordanton,Furniture,Chairs,Marriage,6,201.32,0.2,41.67,966.34,6.93,0.01,Critical,Card
ORD-13572,2024-09-26,Sep,2024,Ashley Doyle,New,Corporate,East,Bosnia and Herzegovina,Maine,Port Nicholas,Furniture,Bookcases,Write,8,18.71,0.28,13.53,107.77,11.02,0.1,High,UPI
ORD-13573,2024-08-19,Aug,2024,Joseph Cox,Returning,Home Office,East,Martinique,Wyoming,New Jamesland,Furniture,Chairs,Help,4,602.89,0.2,29.12,1929.25,569.35,0.3,Low,UPI
ORD-13574,2025-05-24,May,2025,Virginia Tran,New,Home Office,South,Lithuania,South Carolina,Greenhaven,Technology,Phones,Evidence,3,413.78,0.04,5.68,1191.69,-34.37,-0.03,Critical,UPI
ORD-13575,2024-08-26,Aug,2024,Charles Mckinney,VIP,Home Office,North,Canada,Nebraska,New Heatherland,Office Supplies,Paper,Up,6,179.05,0.26,31.24,794.98,202.41,0.25,Medium,Cash
ORD-13576,2025-03-07,Mar,2025,Kevin Evans,VIP,Consumer,South,Wallis and Futuna,Missouri,Whitetown,Furniture,Chairs,Better,3,484.15,0.04,6.51,1394.35,256.94,0.18,Critical,UPI
ORD-13577,2023-01-01,Jan,2023,Sandra Deleon,Returning,Home Office,Central,Romania,Arizona,Soniashire,Office Supplies,Storage,Order,4,603.49,0.13,30.13,2100.15,-16.15,-0.01,Low,Cash
ORD-13578,2024-07-10,Jul,2024,Kathryn Perez,New,Consumer,South,British Virgin Islands,Washington,Smithbury,Office Supplies,Storage,Head,7,300.68,0.1,30.6,1894.28,-138.67,-0.07,Medium,Cash
ORD-13579,2023-02-03,Feb,2023,Lindsey West,New,Consumer,Central,French Southern Territories,Iowa,South Timothy,Furniture,Tables,Story,9,176.31,0.02,20.07,1555.05,-152.65,-0.1,Medium,UPI
ORD-13580,2023-04-11,Apr,2023,Mr. Jason Castillo PhD,Returning,Consumer,West,Guernsey,Alabama,Garciaport,Office Supplies,Binders,Bar,10,473.8,0.2,48.68,3790.4,789.82,0.21,High,Net Banking
ORD-13581,2025-02-28,Feb,2025,Valerie Roach,VIP,Consumer,North,Senegal,New Jersey,Hallmouth,Furniture,Bookcases,Or,9,179.45,0.14,47.07,1388.94,160.57,0.12,Low,Net Banking
ORD-13582,2025-07-30,Jul,2025,Kathryn Serrano,Returning,Consumer,South,Ethiopia,Kentucky,Francisville,Office Supplies,Storage,Wind,5,520.48,0.06,15.57,2446.26,214.34,0.09,High,Net Banking
ORD-13583,2024-06-21,Jun,2024,Michael Lang,VIP,Home Office,West,Brunei Darussalam,New Jersey,East Paula,Furniture,Bookcases,North,3,578.89,0.19,48.46,1406.7,349.83,0.25,Critical,Cash
ORD-13584,2024-06-10,Jun,2024,Christopher Bowers,Returning,Consumer,West,Bosnia and Herzegovina,Hawaii,Avilafurt,Furniture,Bookcases,International,5,499.92,0.25,16.64,1874.7,363.15,0.19,Critical,Card
ORD-13585,2024-01-19,Jan,2024,Holly Thompson,VIP,Consumer,North,Moldova,Virginia,South Sarah,Office Supplies,Storage,Prove,5,734.58,0.02,15.22,3599.44,-354.53,-0.1,Low,Cash
ORD-13586,2025-01-18,Jan,2025,Lori Hamilton,VIP,Home Office,South,United Arab Emirates,Rhode Island,Dunntown,Office Supplies,Storage,Various,1,413.23,0.18,41.47,338.85,41.83,0.12,Medium,Cash
ORD-13587,2023-04-09,Apr,2023,Karen Porter,New,Corporate,South,Comoros,Mississippi,Shepherdbury,Furniture,Chairs,Positive,3,776.83,0.26,45.22,1724.56,251.09,0.15,Medium,Card
ORD-13588,2024-06-05,Jun,2024,Denise Elliott,New,Corporate,Central,Montenegro,Illinois,South Michelleland,Furniture,Chairs,Along,4,77.81,0.17,41.77,258.33,8.57,0.03,High,UPI
ORD-13589,2025-05-04,May,2025,Miss Allison Clark,VIP,Consumer,Central,Bahamas,Maine,Port Susan,Office Supplies,Paper,Material,4,580.34,0.3,23.15,1624.95,88.28,0.05,Critical,Cash
ORD-13590,2025-10-07,Oct,2025,Angela Mendez,New,Corporate,South,Lebanon,Maine,Burnsstad,Technology,Laptops,Determine,4,660.39,0.23,6.93,2034.0,604.03,0.3,Critical,Cash
ORD-13591,2025-03-08,Mar,2025,Teresa Ashley,New,Consumer,West,Kyrgyz Republic,New Hampshire,North Matthewstad,Technology,Laptops,But,3,333.65,0.22,32.97,780.74,-64.61,-0.08,Critical,Net Banking
ORD-13592,2023-01-16,Jan,2023,Michelle Pruitt,Returning,Consumer,East,Netherlands,Nevada,East Rachael,Furniture,Tables,Skill,1,464.83,0.17,45.05,385.81,-9.73,-0.03,Medium,Net Banking
ORD-13593,2023-02-06,Feb,2023,Cristian Nicholson,New,Home Office,West,Kenya,Wyoming,East Tina,Furniture,Tables,Example,1,492.21,0.22,32.27,383.92,77.5,0.2,Low,Card
ORD-13594,2024-01-13,Jan,2024,Rebecca Johnson,VIP,Consumer,North,Macedonia,Texas,New Thomasshire,Furniture,Tables,I,8,206.63,0.23,36.2,1272.84,39.51,0.03,Medium,Card
ORD-13595,2023-08-07,Aug,2023,Amy Contreras,Returning,Consumer,South,Saint Kitts and Nevis,Connecticut,North Randallland,Technology,Accessories,Number,10,722.0,0.2,48.08,5776.0,1163.94,0.2,Low,UPI
ORD-13596,2025-11-04,Nov,2025,James Ochoa,VIP,Consumer,Central,Mayotte,North Carolina,South Alexandrachester,Furniture,Bookcases,Property,10,663.86,0.18,34.63,5443.65,573.65,0.11,Medium,Cash
ORD-13597,2025-09-16,Sep,2025,Brenda York,Returning,Corporate,West,American Samoa,Virginia,Jonesport,Technology,Accessories,Life,5,61.05,0.2,44.34,244.2,62.91,0.26,Critical,Card
ORD-13598,2024-06-23,Jun,2024,Robert Martinez,VIP,Corporate,West,Ukraine,West Virginia,New Jack,Technology,Laptops,Realize,7,344.84,0.08,33.24,2220.77,-123.85,-0.06,High,UPI
ORD-13599,2025-03-22,Mar,2025,Tanner Davis,Returning,Corporate,East,Uganda,South Dakota,Parkerhaven,Office Supplies,Binders,Two,7,77.04,0.2,30.93,431.42,39.93,0.09,Low,UPI
ORD-13600,2023-06-08,Jun,2023,Dillon Carr,VIP,Consumer,East,Wallis and Futuna,Utah,Melodyshire,Technology,Laptops,Unit,5,128.78,0.29,35.16,457.17,-3.71,-0.01,High,Net Banking
ORD-13601,2023-10-04,Oct,2023,Matthew Allison,VIP,Consumer,Central,Netherlands Antilles,North Carolina,Suzanneborough,Office Supplies,Binders,Back,10,532.91,0.05,23.63,5062.64,280.91,0.06,High,UPI
ORD-13602,2025-04-14,Apr,2025,Samantha Washington,Returning,Home Office,West,Solomon Islands,Louisiana,North Shelly,Technology,Accessories,Smile,2,476.56,0.0,36.98,953.12,-52.37,-0.05,High,Card
ORD-13603,2024-12-28,Dec,2024,Dustin Benson,VIP,Corporate,East,Mauritius,South Carolina,North Jonathan,Office Supplies,Storage,Although,4,352.44,0.22,13.17,1099.61,-99.67,-0.09,Low,Cash
ORD-13604,2025-07-25,Jul,2025,Kylie Mclaughlin,Returning,Corporate,West,Russian Federation,Georgia,Williambury,Technology,Accessories,Good,9,545.54,0.27,49.71,3584.2,330.49,0.09,Critical,Net Banking
ORD-13605,2025-03-25,Mar,2025,Eric Duncan,New,Home Office,South,Uruguay,Colorado,Cameronshire,Furniture,Chairs,Threat,2,593.23,0.09,7.37,1079.68,58.75,0.05,High,Card
ORD-13606,2025-11-16,Nov,2025,Jordan Watts,Returning,Corporate,West,Tokelau,Arkansas,North Chrismouth,Office Supplies,Binders,Realize,4,475.23,0.08,43.05,1748.85,365.35,0.21,High,UPI
ORD-13607,2024-08-16,Aug,2024,Kevin Mitchell,Returning,Consumer,West,Belize,Delaware,Lake Gregory,Furniture,Tables,Off,4,789.81,0.15,19.31,2685.35,687.41,0.26,High,UPI
ORD-13608,2023-02-06,Feb,2023,Sarah Mcgee,VIP,Home Office,South,Turkey,Texas,Gibsonborough,Furniture,Chairs,Worry,8,521.91,0.17,16.06,3465.48,572.47,0.17,Low,UPI
ORD-13609,2023-08-25,Aug,2023,Jessica Brown,Returning,Consumer,South,Lebanon,Nevada,New Adamshire,Furniture,Bookcases,Behind,7,791.93,0.25,28.9,4157.63,20.78,0.0,Medium,Cash
ORD-13610,2025-08-08,Aug,2025,Christopher Jones,New,Corporate,South,Taiwan,Arizona,New Jeannemouth,Office Supplies,Storage,Section,6,694.55,0.16,6.04,3500.53,714.1,0.2,Medium,Net Banking
ORD-13611,2025-09-20,Sep,2025,Frank Sanchez,New,Consumer,South,Saint Pierre and Miquelon,Illinois,Lake Scottside,Office Supplies,Binders,Indeed,9,740.03,0.09,38.75,6060.85,1817.1,0.3,Low,Net Banking
ORD-13612,2024-10-16,Oct,2024,Melissa Vega,Returning,Corporate,East,Cuba,Kansas,South Brooke,Technology,Laptops,Hit,3,317.11,0.24,14.84,723.01,85.68,0.12,Critical,Net Banking
ORD-13613,2024-08-20,Aug,2024,Marc Rose,Returning,Home Office,East,Anguilla,New Mexico,Martinezmouth,Technology,Laptops,Apply,2,408.51,0.08,38.23,751.66,131.7,0.18,Critical,Cash
ORD-13614,2023-06-16,Jun,2023,Patricia Johnson,VIP,Corporate,South,Chile,Florida,Geoffreyborough,Technology,Accessories,Instead,5,144.16,0.24,23.34,547.81,70.18,0.13,High,Card
ORD-13615,2023-08-18,Aug,2023,Shannon Cook,Returning,Home Office,East,Belize,Idaho,Port Michellefort,Furniture,Bookcases,Lawyer,10,446.74,0.18,30.16,3663.27,856.44,0.23,Medium,Card
ORD-13616,2024-07-12,Jul,2024,Randy Carrillo,Returning,Home Office,West,Taiwan,South Dakota,Huntfurt,Office Supplies,Storage,Including,7,174.93,0.27,12.31,893.89,64.2,0.07,Medium,UPI
ORD-13617,2023-03-27,Mar,2023,Jennifer Crawford,Returning,Home Office,North,Afghanistan,Louisiana,Robinsonstad,Technology,Phones,Who,5,108.8,0.28,30.43,391.68,57.01,0.15,Critical,Net Banking
ORD-13618,2024-04-21,Apr,2024,Gabriella Quinn,New,Corporate,South,Togo,Arizona,East Kellyland,Office Supplies,Binders,Computer,3,663.03,0.16,41.1,1670.84,497.04,0.3,High,Card
ORD-13619,2023-01-05,Jan,2023,Janice Cunningham,New,Home Office,North,Cocos (Keeling) Islands,Delaware,North Richard,Furniture,Tables,Mouth,4,110.31,0.29,18.01,313.28,-26.36,-0.08,High,Card
ORD-13620,2024-07-22,Jul,2024,Alexandra Walker,New,Home Office,West,Saint Barthelemy,Arizona,Kristiefort,Furniture,Bookcases,Form,9,421.05,0.18,36.72,3107.35,576.02,0.19,Low,UPI
ORD-13621,2024-11-05,Nov,2024,Kelly Gonzalez,Returning,Consumer,South,Wallis and Futuna,Oregon,Nielsenhaven,Furniture,Chairs,Book,4,322.93,0.03,41.71,1252.97,365.95,0.29,Medium,Net Banking
ORD-13622,2025-07-28,Jul,2025,Sheila Jarvis,Returning,Consumer,West,Monaco,Alabama,East Lawrence,Furniture,Tables,Task,1,492.65,0.21,44.08,389.19,41.9,0.11,Medium,Net Banking
ORD-13623,2025-03-09,Mar,2025,Elizabeth Harris,VIP,Consumer,Central,Ukraine,Mississippi,Smithmouth,Furniture,Bookcases,Sell,10,376.53,0.15,48.69,3200.5,641.74,0.2,Low,Cash
ORD-13624,2025-08-23,Aug,2025,Tammie Roberson,New,Corporate,South,Djibouti,Virginia,Lindseyfurt,Office Supplies,Paper,Case,4,599.86,0.24,13.65,1823.57,360.69,0.2,Medium,Cash
ORD-13625,2025-10-20,Oct,2025,Gabriel Singh,Returning,Corporate,East,Martinique,Arkansas,Port Johnshire,Furniture,Tables,Total,1,688.27,0.09,34.83,626.33,-14.97,-0.02,High,Cash
ORD-13626,2024-04-05,Apr,2024,Matthew Jordan,Returning,Consumer,North,Faroe Islands,Minnesota,Langton,Furniture,Tables,Approach,1,34.74,0.05,14.82,33.0,-0.37,-0.01,High,UPI
ORD-13627,2025-08-15,Aug,2025,Sheila Smith,Returning,Corporate,West,Jordan,Kansas,Navarroshire,Technology,Accessories,Day,8,305.2,0.26,47.16,1806.78,10.31,0.01,High,Card
ORD-13628,2024-07-29,Jul,2024,Joseph Zamora,Returning,Consumer,East,Tuvalu,Missouri,Dakotaland,Technology,Laptops,Just,2,129.02,0.17,49.04,214.17,33.88,0.16,Medium,Net Banking
ORD-13629,2025-02-22,Feb,2025,Gina Hawkins,Returning,Corporate,West,Myanmar,Maryland,Glenview,Furniture,Bookcases,Night,5,478.8,0.11,30.86,2130.66,344.01,0.16,Medium,Card
ORD-13630,2023-07-19,Jul,2023,Danielle Craig,Returning,Consumer,Central,Chad,North Carolina,Karentown,Furniture,Bookcases,Test,1,366.23,0.08,10.7,336.93,16.23,0.05,High,Cash
ORD-13631,2025-07-22,Jul,2025,Krista Mora,Returning,Consumer,Central,Christmas Island,Pennsylvania,Lake Timothyton,Technology,Accessories,Standard,9,405.36,0.22,20.61,2845.63,-93.55,-0.03,Low,Net Banking
ORD-13632,2025-09-13,Sep,2025,Rose Robinson,Returning,Corporate,North,Singapore,North Dakota,Jonmouth,Office Supplies,Paper,Black,2,132.73,0.05,28.51,252.19,60.71,0.24,Medium,Cash
ORD-13633,2025-05-26,May,2025,Julie Hardy,New,Corporate,West,Qatar,West Virginia,Adamshire,Technology,Phones,Inside,2,420.5,0.2,7.99,672.8,33.94,0.05,Medium,UPI
ORD-13634,2025-04-28,Apr,2025,Amy Chavez,New,Home Office,South,Guinea-Bissau,Maine,Jenniferhaven,Office Supplies,Paper,Top,8,518.69,0.26,19.23,3070.64,216.55,0.07,Low,Card
ORD-13635,2025-08-09,Aug,2025,Emily Porter,Returning,Consumer,West,Norfolk Island,Montana,Port Tyler,Technology,Phones,Maintain,10,646.54,0.09,6.66,5883.51,1475.93,0.25,Medium,Cash
ORD-13636,2024-09-12,Sep,2024,Ryan Hawkins,VIP,Corporate,West,Estonia,Arizona,East Michaelport,Technology,Laptops,Thought,4,303.18,0.04,41.93,1164.21,274.89,0.24,Low,Cash
ORD-13637,2023-01-10,Jan,2023,Kelsey Martin,VIP,Corporate,West,Congo,Montana,Claytontown,Office Supplies,Binders,Compare,5,129.32,0.19,7.96,523.75,150.73,0.29,Low,Net Banking
ORD-13638,2023-05-10,May,2023,Crystal Ramos,VIP,Home Office,East,Latvia,Georgia,Kylechester,Office Supplies,Paper,Become,3,762.3,0.24,27.38,1738.04,154.49,0.09,Low,Card
ORD-13639,2025-02-23,Feb,2025,Elizabeth Fernandez,New,Home Office,West,Northern Mariana Islands,Florida,Hendrixland,Office Supplies,Storage,Contain,7,373.8,0.0,19.04,2616.6,459.97,0.18,Low,Net Banking
ORD-13640,2023-12-12,Dec,2023,Erika Holmes,New,Home Office,North,Mauritius,Rhode Island,North Joshua,Technology,Laptops,Past,5,683.0,0.2,46.73,2732.0,-173.19,-0.06,Low,Net Banking
ORD-13641,2023-01-30,Jan,2023,Michael Mckenzie,New,Corporate,North,Vietnam,South Carolina,Kristenport,Technology,Laptops,Assume,5,623.38,0.1,40.88,2805.21,137.2,0.05,Low,UPI
ORD-13642,2024-03-22,Mar,2024,Tiffany Chen,Returning,Home Office,North,Benin,South Carolina,Danielsmouth,Office Supplies,Binders,Though,1,262.86,0.02,39.53,257.6,57.68,0.22,Low,Net Banking
ORD-13643,2024-11-25,Nov,2024,Nichole Wood,Returning,Consumer,South,Japan,Maryland,Heatherton,Technology,Phones,Study,4,400.65,0.13,32.75,1394.26,178.25,0.13,Low,Net Banking
ORD-13644,2023-09-02,Sep,2023,Kevin Knox,Returning,Corporate,South,Panama,Arizona,North Patricia,Office Supplies,Binders,Effect,9,55.96,0.23,39.29,387.8,109.29,0.28,Critical,UPI
ORD-13645,2025-07-08,Jul,2025,Mark Nash,New,Corporate,East,Peru,Maryland,Lake Michelle,Office Supplies,Binders,Reveal,8,349.16,0.09,14.68,2541.88,368.85,0.15,High,Cash
ORD-13646,2025-09-22,Sep,2025,Patrick Spencer,Returning,Corporate,East,Uruguay,Maryland,Bakerstad,Office Supplies,Storage,Scientist,3,211.74,0.05,44.71,603.46,34.43,0.06,Medium,Net Banking
ORD-13647,2025-08-09,Aug,2025,Samuel Brown,VIP,Consumer,West,Bulgaria,Nevada,South Whitney,Furniture,Bookcases,Girl,1,547.89,0.21,25.87,432.83,38.1,0.09,Medium,Cash
ORD-13648,2024-04-12,Apr,2024,Frank Brown,New,Corporate,North,Eritrea,New Jersey,East Heidiport,Furniture,Tables,Who,3,512.41,0.16,25.66,1291.27,-70.01,-0.05,High,Net Banking
ORD-13649,2024-01-07,Jan,2024,Anthony Garcia,VIP,Home Office,East,Saint Helena,Delaware,Buchananville,Office Supplies,Paper,Response,1,722.71,0.28,16.78,520.35,5.95,0.01,Critical,Net Banking
ORD-13650,2024-05-19,May,2024,Heather Mcdonald,Returning,Corporate,North,Montenegro,Utah,East Kelly,Furniture,Bookcases,Authority,9,711.68,0.02,20.67,6277.02,-236.16,-0.04,Critical,Card
ORD-13651,2025-09-05,Sep,2025,Daniel Nguyen,New,Home Office,East,New Zealand,Arizona,West Caitlyn,Technology,Laptops,Out,5,348.73,0.18,39.3,1429.79,36.71,0.03,Medium,Card
ORD-13652,2023-09-07,Sep,2023,Jason Wilkins,VIP,Consumer,Central,Senegal,Kansas,East William,Furniture,Chairs,Away,2,572.16,0.28,29.68,823.91,-79.35,-0.1,Low,Card
ORD-13653,2023-05-08,May,2023,Matthew Gardner,VIP,Consumer,West,Korea,Kansas,West Justinfort,Furniture,Chairs,Author,5,494.36,0.23,32.34,1903.29,292.26,0.15,Critical,Net Banking
ORD-13654,2025-02-21,Feb,2025,Nicole James,New,Corporate,West,French Guiana,New Mexico,Walkerfurt,Office Supplies,Storage,Leg,9,638.9,0.11,27.65,5117.59,118.33,0.02,High,Card
ORD-13655,2023-05-15,May,2023,Charles Hutchinson,New,Home Office,West,Taiwan,Nevada,Harrisfort,Office Supplies,Binders,Discussion,5,616.44,0.04,9.94,2958.91,-141.58,-0.05,Medium,UPI
ORD-13656,2025-07-22,Jul,2025,Hector Rodriguez,Returning,Home Office,South,Nigeria,Ohio,Williamsfort,Office Supplies,Paper,Create,3,297.05,0.1,17.85,802.04,135.73,0.17,Medium,Net Banking
ORD-13657,2023-07-28,Jul,2023,Carol Bryant,VIP,Consumer,West,Fiji,South Dakota,Phamland,Furniture,Chairs,Reason,6,173.06,0.2,47.65,830.69,-22.84,-0.03,High,Net Banking
ORD-13658,2024-12-25,Dec,2024,Adam Haas,New,Corporate,North,Kiribati,Arizona,North Jennifermouth,Furniture,Tables,Direction,6,74.31,0.01,18.29,441.4,26.42,0.06,Low,Card
ORD-13659,2022-12-25,Dec,2022,Samantha Green,VIP,Consumer,East,Honduras,Virginia,Scottville,Technology,Accessories,As,6,121.7,0.15,33.72,620.67,13.45,0.02,High,UPI
ORD-13660,2024-01-18,Jan,2024,Hannah Levine,New,Home Office,Central,Philippines,Tennessee,Justinside,Office Supplies,Binders,Rule,1,467.81,0.28,33.23,336.82,-24.81,-0.07,High,Net Banking
ORD-13661,2025-04-06,Apr,2025,Luis Martin,Returning,Consumer,East,Saint Kitts and Nevis,Virginia,Lake Josephberg,Office Supplies,Binders,Particularly,4,40.21,0.11,40.89,143.15,34.0,0.24,Low,UPI
ORD-13662,2025-06-03,Jun,2025,Adam Wiley,VIP,Consumer,West,Antarctica (the territory South of 60 deg S),Nebraska,South Joanne,Office Supplies,Paper,Lay,1,230.47,0.04,14.25,221.25,-5.41,-0.02,Medium,Cash
ORD-13663,2023-10-22,Oct,2023,Peggy Mcgee,Returning,Home Office,North,Bouvet Island (Bouvetoya),North Dakota,South Michael,Technology,Laptops,Human,2,506.04,0.06,31.36,951.36,65.88,0.07,Critical,Card
ORD-13664,2024-02-29,Feb,2024,Rebekah Anderson,VIP,Corporate,West,Dominican Republic,South Dakota,Josephport,Technology,Accessories,Manage,5,790.57,0.07,11.95,3676.15,354.04,0.1,High,UPI
ORD-13665,2025-08-07,Aug,2025,Sharon Martin,Returning,Home Office,West,Philippines,Arkansas,Lake Amanda,Technology,Accessories,Success,1,774.39,0.24,36.79,588.54,159.74,0.27,Medium,UPI
ORD-13666,2025-11-07,Nov,2025,Carla Chavez,Returning,Corporate,East,British Indian Ocean Territory (Chagos Archipelago),Texas,Starkville,Technology,Laptops,Force,4,589.47,0.08,26.68,2169.25,248.07,0.11,Medium,Card
ORD-13667,2023-05-05,May,2023,Mrs. Brittany Mitchell DDS,New,Corporate,South,Mayotte,Wyoming,Brightside,Technology,Phones,Send,8,186.12,0.25,26.09,1116.72,46.68,0.04,Critical,Card
ORD-13668,2023-09-05,Sep,2023,Taylor Weiss,New,Consumer,South,Andorra,Connecticut,Wardshire,Furniture,Tables,Before,1,699.47,0.19,27.66,566.57,-47.8,-0.08,Medium,Cash
ORD-13669,2024-12-04,Dec,2024,Nicholas Hoffman,VIP,Consumer,Central,French Southern Territories,Illinois,East Carlatown,Furniture,Chairs,Major,9,658.7,0.26,47.18,4386.94,757.94,0.17,High,Card
ORD-13670,2025-07-04,Jul,2025,Bonnie Everett,VIP,Consumer,East,Grenada,Wisconsin,South Lisamouth,Office Supplies,Storage,Then,10,494.95,0.28,6.53,3563.64,-29.94,-0.01,High,Card
ORD-13671,2024-08-18,Aug,2024,Christopher Hodges,Returning,Consumer,East,Finland,Connecticut,Scottbury,Office Supplies,Paper,Fact,2,359.99,0.28,22.9,518.39,-18.97,-0.04,Medium,UPI
ORD-13672,2025-02-27,Feb,2025,Christopher Allen,Returning,Home Office,West,Brunei Darussalam,North Carolina,Jonesland,Office Supplies,Storage,Seven,9,674.11,0.07,29.39,5642.3,-79.07,-0.01,Critical,Net Banking
ORD-13673,2025-07-06,Jul,2025,Jacob Marks DVM,VIP,Consumer,North,Romania,Tennessee,New Teresa,Office Supplies,Binders,Production,2,434.56,0.18,20.66,712.68,127.92,0.18,Low,Card
ORD-13674,2025-01-04,Jan,2025,Kevin Brown,Returning,Home Office,East,Indonesia,Oregon,Davidhaven,Furniture,Tables,Carry,10,711.14,0.0,33.52,7111.4,-24.58,0.0,Low,Cash
ORD-13675,2024-07-10,Jul,2024,Heather Martinez,VIP,Consumer,East,Lao People's Democratic Republic,Florida,Port Michael,Furniture,Bookcases,Line,8,557.38,0.26,21.87,3299.69,188.78,0.06,High,Net Banking
ORD-13676,2025-01-31,Jan,2025,Mark Morrison,VIP,Consumer,North,Portugal,North Dakota,South Anthony,Office Supplies,Paper,If,3,203.32,0.23,41.48,469.67,-11.37,-0.02,Low,Cash
ORD-13677,2024-05-15,May,2024,James Manning,Returning,Corporate,South,Italy,New Jersey,Lake Anthony,Technology,Accessories,Recent,5,93.33,0.28,43.78,335.99,35.04,0.1,Critical,UPI
ORD-13678,2024-04-14,Apr,2024,Angela Jackson,Returning,Corporate,East,Netherlands Antilles,South Dakota,West Peterhaven,Office Supplies,Storage,Smile,7,520.29,0.18,31.36,2986.46,358.58,0.12,Low,Cash
ORD-13679,2025-09-25,Sep,2025,Kimberly Brown,VIP,Consumer,West,Chad,Washington,Thomasburgh,Furniture,Bookcases,Husband,2,563.36,0.21,45.1,890.11,256.67,0.29,Low,Net Banking
ORD-13680,2024-06-11,Jun,2024,Christy Graham,New,Corporate,East,Macedonia,Tennessee,Perryburgh,Office Supplies,Paper,Drop,8,568.05,0.27,31.42,3317.41,-198.33,-0.06,High,Cash
ORD-13681,2023-05-20,May,2023,Lauren Faulkner,VIP,Home Office,East,Reunion,Montana,Lake Sharonberg,Office Supplies,Storage,Close,5,253.25,0.06,33.73,1190.27,355.59,0.3,Medium,UPI
ORD-13682,2024-09-26,Sep,2024,Jacob Henderson,New,Consumer,Central,Congo,North Carolina,Gonzalesstad,Furniture,Bookcases,Method,5,324.75,0.17,20.44,1347.71,163.02,0.12,Critical,UPI
ORD-13683,2025-11-13,Nov,2025,Kathleen Bradley,VIP,Consumer,West,Montenegro,Utah,North Alanburgh,Furniture,Chairs,According,2,213.25,0.17,37.3,354.0,72.46,0.2,Medium,Cash
ORD-13684,2024-03-18,Mar,2024,Diane Rodriguez,VIP,Corporate,East,Tajikistan,Florida,South Jessicashire,Technology,Accessories,Nation,8,408.42,0.28,7.16,2352.5,-20.99,-0.01,Medium,Net Banking
ORD-13685,2024-01-28,Jan,2024,Gary Ortiz,VIP,Corporate,North,Palestinian Territory,Iowa,Murrayshire,Technology,Accessories,Sometimes,6,441.88,0.17,20.08,2200.56,437.3,0.2,High,UPI
ORD-13686,2024-08-30,Aug,2024,Thomas Riley,VIP,Consumer,South,Kiribati,Indiana,New Brandonton,Technology,Accessories,Cause,4,572.31,0.01,43.28,2266.35,155.82,0.07,High,Card
ORD-13687,2024-08-21,Aug,2024,Michael Burnett,New,Home Office,East,Venezuela,Maine,Port Kathleenside,Office Supplies,Binders,However,5,503.57,0.27,29.1,1838.03,-146.48,-0.08,High,Card
ORD-13688,2024-04-10,Apr,2024,Kyle Mack,Returning,Corporate,Central,Antarctica (the territory South of 60 deg S),West Virginia,Port Robertoberg,Furniture,Bookcases,Imagine,6,675.24,0.29,43.63,2876.52,521.33,0.18,High,Net Banking
ORD-13689,2025-05-20,May,2025,Kayla Waters,Returning,Consumer,South,Tokelau,Nevada,Hunterstad,Technology,Laptops,Require,9,43.51,0.16,37.25,328.94,65.45,0.2,High,Card
ORD-13690,2023-09-02,Sep,2023,Alicia Franco,Returning,Home Office,North,France,Mississippi,Port Brian,Office Supplies,Paper,Source,8,138.51,0.25,30.71,831.06,-32.67,-0.04,Medium,Cash
ORD-13691,2024-03-14,Mar,2024,Kristen Floyd,VIP,Corporate,Central,Faroe Islands,Utah,Williamsstad,Technology,Accessories,Analysis,2,754.45,0.07,13.83,1403.28,394.91,0.28,Low,Cash
ORD-13692,2025-04-15,Apr,2025,Stephanie Miller,VIP,Consumer,South,Heard Island and McDonald Islands,New Mexico,Lake Robertton,Furniture,Tables,Than,5,82.81,0.25,27.22,310.54,26.65,0.09,High,UPI
ORD-13693,2023-01-30,Jan,2023,Robert Hernandez,New,Corporate,West,Tunisia,Montana,Matthewstad,Furniture,Tables,Science,7,190.65,0.2,46.0,1067.64,14.24,0.01,Low,Cash
ORD-13694,2023-08-22,Aug,2023,Michael Foster,Returning,Corporate,North,Guernsey,California,South Codystad,Furniture,Bookcases,Four,4,725.92,0.03,11.94,2816.57,615.28,0.22,High,Card
ORD-13695,2025-02-13,Feb,2025,George Gray,VIP,Home Office,South,Maldives,Indiana,Coreyfort,Technology,Phones,Measure,9,131.19,0.08,37.32,1086.25,279.87,0.26,High,Net Banking
ORD-13696,2023-08-06,Aug,2023,Willie Diaz,New,Corporate,North,Saint Helena,Minnesota,Robinsonport,Office Supplies,Binders,Husband,2,676.13,0.16,41.98,1135.9,93.42,0.08,Medium,Cash
ORD-13697,2024-02-26,Feb,2024,Kenneth Snyder,VIP,Consumer,East,Iran,Michigan,Omarton,Technology,Laptops,Might,4,749.73,0.28,25.86,2159.22,118.85,0.06,Low,Cash
ORD-13698,2024-04-25,Apr,2024,Frances Randall,Returning,Home Office,Central,Senegal,Hawaii,Lake Kimberlyshire,Office Supplies,Storage,A,1,563.08,0.2,39.38,450.46,2.21,0.0,Medium,UPI
ORD-13699,2024-02-03,Feb,2024,Anna Ramos,Returning,Consumer,South,Jamaica,Washington,East Andremouth,Furniture,Tables,Fast,1,200.59,0.26,8.84,148.44,-13.04,-0.09,High,Card
ORD-13700,2023-11-22,Nov,2023,Matthew Marsh,Returning,Corporate,South,Philippines,West Virginia,Josephchester,Technology,Laptops,Tough,2,585.27,0.28,49.12,842.79,100.3,0.12,Medium,Net Banking
ORD-13701,2025-06-02,Jun,2025,Patrick Martin,New,Consumer,West,Czech Republic,Kentucky,New James,Office Supplies,Paper,Policy,8,684.61,0.08,40.99,5038.73,260.47,0.05,Critical,UPI
ORD-13702,2024-06-06,Jun,2024,Patricia Pearson,New,Home Office,West,Holy See (Vatican City State),California,New Mallory,Technology,Accessories,Wife,6,741.35,0.25,14.67,3336.08,944.12,0.28,High,Net Banking
ORD-13703,2024-06-22,Jun,2024,Colton Hernandez,Returning,Home Office,East,Lesotho,Kansas,North Crystalland,Furniture,Chairs,Service,8,73.06,0.02,15.83,572.79,-50.5,-0.09,High,Card
ORD-13704,2025-09-30,Sep,2025,Larry Young,New,Home Office,West,Saint Pierre and Miquelon,North Carolina,Rebeccaville,Office Supplies,Paper,Color,5,289.24,0.09,25.95,1316.04,225.79,0.17,Low,Cash
ORD-13705,2023-10-11,Oct,2023,Matthew Powell,New,Home Office,Central,Central African Republic,Florida,North Jason,Office Supplies,Binders,Compare,8,308.85,0.08,13.21,2273.14,425.13,0.19,Medium,Cash
ORD-13706,2025-11-17,Nov,2025,Ashley Moody,Returning,Consumer,Central,Barbados,Arizona,Lake Brianmouth,Technology,Laptops,Fast,8,595.38,0.02,16.17,4667.78,819.21,0.18,High,Card
ORD-13707,2025-08-17,Aug,2025,Taylor Mccarthy,New,Corporate,South,Guyana,New Jersey,West William,Office Supplies,Storage,President,10,241.02,0.01,49.02,2386.1,544.82,0.23,Low,Cash
ORD-13708,2025-01-16,Jan,2025,Patrick Barton,New,Consumer,East,Uganda,New Jersey,Williamburgh,Technology,Laptops,Begin,6,136.47,0.17,38.39,679.62,15.76,0.02,Medium,UPI
ORD-13709,2025-05-09,May,2025,Jeremiah Coleman,New,Home Office,West,Namibia,Ohio,Woodstad,Office Supplies,Binders,Trade,10,185.94,0.17,36.92,1543.3,392.56,0.25,Medium,Card
ORD-13710,2022-12-03,Dec,2022,Frederick Hernandez,New,Corporate,Central,Puerto Rico,Ohio,Claytonchester,Furniture,Chairs,Make,8,159.02,0.29,11.27,903.23,219.83,0.24,Low,UPI
ORD-13711,2023-07-31,Jul,2023,Michael Richards,VIP,Home Office,South,Kuwait,Tennessee,New Alyssaton,Office Supplies,Paper,Effect,3,430.72,0.23,15.95,994.96,131.2,0.13,Medium,UPI
ORD-13712,2025-03-19,Mar,2025,Kelly Willis,Returning,Home Office,West,Saint Helena,Iowa,New Nicholasfurt,Office Supplies,Binders,Red,3,12.52,0.11,39.62,33.43,-2.77,-0.08,Low,Cash
ORD-13713,2025-08-29,Aug,2025,Carlos Nguyen,New,Consumer,North,Sierra Leone,Vermont,Port Kenneth,Furniture,Tables,Purpose,10,211.13,0.0,33.17,2111.3,382.7,0.18,Low,UPI
ORD-13714,2023-03-15,Mar,2023,Jacob Mcguire,Returning,Home Office,South,Germany,Illinois,South Denisebury,Office Supplies,Paper,Community,2,45.41,0.15,9.59,77.2,-0.05,0.0,Low,UPI
ORD-13715,2025-03-01,Mar,2025,Crystal Gross,VIP,Home Office,East,Lesotho,Wyoming,Maryville,Furniture,Tables,Card,1,218.74,0.09,44.48,199.05,53.31,0.27,Low,Card
ORD-13716,2023-01-02,Jan,2023,Frank Willis,New,Corporate,West,Finland,Delaware,Melissamouth,Technology,Accessories,Firm,10,737.71,0.26,13.22,5459.05,-222.56,-0.04,Medium,Net Banking
ORD-13717,2023-04-14,Apr,2023,John Potter,Returning,Consumer,South,Hungary,Pennsylvania,West Elizabethshire,Furniture,Chairs,Big,2,672.73,0.1,31.45,1210.91,313.52,0.26,Medium,UPI
ORD-13718,2023-05-15,May,2023,Beth Parker,VIP,Home Office,North,United States Virgin Islands,Kentucky,North Jasmineburgh,Furniture,Tables,Increase,7,319.12,0.13,38.47,1943.44,358.39,0.18,High,Card
ORD-13719,2023-06-02,Jun,2023,Antonio Carson,Returning,Consumer,Central,Guinea-Bissau,Mississippi,Colleenfurt,Furniture,Bookcases,Give,3,137.2,0.24,39.67,312.82,35.37,0.11,High,Cash
ORD-13720,2025-06-18,Jun,2025,Roy Herrera,VIP,Corporate,West,Kiribati,Kansas,West Shannonborough,Office Supplies,Binders,Brother,3,195.42,0.27,38.03,427.97,8.55,0.02,Medium,Card
ORD-13721,2025-03-05,Mar,2025,Kevin Howard,Returning,Corporate,West,United Kingdom,New Jersey,Lake Chloefurt,Office Supplies,Paper,Moment,8,740.39,0.22,28.46,4620.03,23.6,0.01,Low,Card
ORD-13722,2024-09-23,Sep,2024,Brian Brown,VIP,Consumer,South,Aruba,Ohio,Jefferyberg,Office Supplies,Storage,Myself,10,711.16,0.28,16.05,5120.35,534.8,0.1,Medium,Net Banking
ORD-13723,2024-05-25,May,2024,John Richardson,VIP,Corporate,South,Spain,Vermont,Coleborough,Technology,Phones,Explain,9,203.59,0.29,9.44,1300.94,261.54,0.2,High,Card
ORD-13724,2024-08-02,Aug,2024,Morgan Dean,VIP,Home Office,South,Czech Republic,Maryland,Bradleyside,Technology,Laptops,Man,3,793.49,0.3,20.38,1666.33,170.26,0.1,High,Net Banking
ORD-13725,2023-02-16,Feb,2023,Richard Miller,Returning,Corporate,South,Ghana,North Dakota,West Emily,Technology,Accessories,Computer,8,474.54,0.18,40.79,3112.98,-42.99,-0.01,Low,UPI
ORD-13726,2024-04-12,Apr,2024,Jason Mclean,VIP,Consumer,North,Syrian Arab Republic,Minnesota,East Brendaport,Office Supplies,Binders,Sign,8,636.16,0.18,8.22,4173.21,895.84,0.21,Critical,UPI
ORD-13727,2025-03-30,Mar,2025,Eddie Garcia,VIP,Corporate,West,Venezuela,Kansas,Port Chad,Furniture,Tables,Run,3,655.25,0.01,13.35,1946.09,173.85,0.09,Medium,Cash
ORD-13728,2023-10-23,Oct,2023,Tyler Torres,New,Corporate,West,Colombia,Maryland,New Jennifer,Technology,Phones,Rather,6,611.19,0.12,30.8,3227.08,145.53,0.05,Critical,UPI
ORD-13729,2024-05-01,May,2024,Colleen Ware,Returning,Corporate,South,Lebanon,Illinois,West Christopher,Office Supplies,Paper,Defense,6,206.76,0.03,20.08,1203.34,116.45,0.1,Critical,Cash
ORD-13730,2023-02-01,Feb,2023,Tiffany Gonzalez,VIP,Consumer,East,Turks and Caicos Islands,Georgia,West William,Furniture,Bookcases,Pull,8,52.93,0.19,20.74,342.99,55.84,0.16,Critical,UPI
ORD-13731,2023-12-10,Dec,2023,Lisa Gilmore,VIP,Corporate,North,El Salvador,Mississippi,Myerschester,Technology,Accessories,Reflect,9,356.63,0.21,21.69,2535.64,21.29,0.01,Critical,Card
ORD-13732,2023-02-09,Feb,2023,Andre Solomon,New,Home Office,North,Slovakia (Slovak Republic),Vermont,Cruzbury,Furniture,Bookcases,Simply,8,646.03,0.04,49.39,4961.51,762.0,0.15,High,UPI
ORD-13733,2023-04-21,Apr,2023,Bryan Taylor,Returning,Consumer,Central,Sweden,Colorado,Tammymouth,Office Supplies,Binders,World,4,265.15,0.16,7.79,890.9,85.4,0.1,Critical,Card
ORD-13734,2023-10-24,Oct,2023,Ryan Walker,New,Corporate,East,Bhutan,Wyoming,North Williamstad,Technology,Phones,Financial,1,21.33,0.06,19.18,20.05,-0.66,-0.03,Low,Cash
ORD-13735,2025-08-19,Aug,2025,Shawn Hendricks,VIP,Corporate,North,Vanuatu,New Jersey,South Carol,Technology,Laptops,Among,8,459.29,0.21,27.62,2902.71,163.92,0.06,High,Cash
ORD-13736,2023-12-25,Dec,2023,Alexis Rivers,Returning,Corporate,Central,Bhutan,California,North Justinhaven,Office Supplies,Binders,Cover,4,322.48,0.07,13.53,1199.63,271.14,0.23,Critical,UPI
ORD-13737,2025-02-04,Feb,2025,Brandi Franco,VIP,Home Office,North,Israel,Pennsylvania,Charlesmouth,Office Supplies,Storage,Moment,10,752.82,0.26,17.4,5570.87,-556.87,-0.1,High,Card
ORD-13738,2023-04-02,Apr,2023,Kenneth Huerta DVM,Returning,Home Office,Central,Armenia,Rhode Island,Martinfurt,Office Supplies,Paper,Professional,9,414.21,0.19,32.51,3019.59,-37.95,-0.01,High,UPI
ORD-13739,2022-11-30,Nov,2022,Shawn Fuentes,New,Corporate,North,Wallis and Futuna,New Jersey,Kimberlyhaven,Furniture,Chairs,Suddenly,3,292.99,0.18,16.21,720.76,171.82,0.24,Medium,Cash
ORD-13740,2024-03-06,Mar,2024,Jeanne Rogers,VIP,Corporate,East,Fiji,Idaho,Kimberlyfurt,Technology,Accessories,Their,9,305.73,0.01,9.03,2724.05,-124.4,-0.05,Low,Card
ORD-13741,2024-09-28,Sep,2024,Leonard Juarez,New,Corporate,West,Angola,Oklahoma,Scottstad,Technology,Phones,Approach,9,362.44,0.2,17.12,2609.57,20.34,0.01,Low,Card
ORD-13742,2024-05-08,May,2024,Christopher Walker,Returning,Consumer,Central,Brazil,Oklahoma,East Jerry,Technology,Laptops,Chance,10,760.3,0.16,24.32,6386.52,1605.44,0.25,Critical,Net Banking
ORD-13743,2023-01-04,Jan,2023,Judy Monroe,Returning,Consumer,Central,Portugal,Alabama,Petersenshire,Technology,Accessories,This,8,47.74,0.03,24.72,370.46,-30.21,-0.08,Medium,UPI
ORD-13744,2024-10-19,Oct,2024,Patricia Curry,Returning,Consumer,East,Cameroon,Connecticut,Rebekahton,Technology,Phones,Anything,3,420.9,0.22,44.99,984.91,109.36,0.11,Medium,Card
ORD-13745,2023-10-20,Oct,2023,Walter Serrano,New,Consumer,Central,Dominica,Utah,Lake Christinemouth,Technology,Phones,Speak,6,784.5,0.01,22.04,4659.93,1299.06,0.28,Low,Cash
ORD-13746,2024-04-26,Apr,2024,David Sweeney,New,Home Office,West,Greece,South Dakota,Grantchester,Technology,Laptops,Assume,10,678.87,0.09,42.29,6177.72,1623.86,0.26,Low,Card
ORD-13747,2024-03-29,Mar,2024,Cynthia Campbell,New,Consumer,Central,Spain,Maryland,Lake Karl,Furniture,Tables,Address,5,673.25,0.22,9.04,2625.68,-145.85,-0.06,High,UPI
ORD-13748,2023-02-07,Feb,2023,Deborah Smith,New,Corporate,North,Northern Mariana Islands,Kentucky,Coleville,Furniture,Chairs,Left,1,441.93,0.12,31.32,388.9,50.23,0.13,Critical,Cash
ORD-13749,2023-09-19,Sep,2023,Lisa Robinson,New,Consumer,East,Zambia,Illinois,Matthewchester,Technology,Phones,Benefit,9,497.15,0.28,42.0,3221.53,504.83,0.16,Low,UPI
ORD-13750,2023-02-24,Feb,2023,Steven Green,VIP,Home Office,South,Monaco,Iowa,Stantonside,Office Supplies,Binders,Garden,6,532.8,0.22,48.85,2493.5,462.79,0.19,Critical,Cash
ORD-13751,2024-10-20,Oct,2024,Deborah Williams,VIP,Home Office,South,Monaco,West Virginia,Lake Charlesmouth,Furniture,Bookcases,Out,4,35.66,0.27,46.35,104.13,-7.93,-0.08,High,Card
ORD-13752,2023-08-23,Aug,2023,Terry Simmons,Returning,Home Office,North,Jersey,Texas,Hansonland,Furniture,Bookcases,Across,1,414.53,0.11,20.68,368.93,39.53,0.11,Medium,Cash
ORD-13753,2025-08-07,Aug,2025,Jenna Kerr,New,Consumer,West,Sweden,New York,Timothychester,Office Supplies,Storage,Out,9,10.58,0.12,34.68,83.79,15.31,0.18,Critical,UPI
ORD-13754,2025-05-16,May,2025,Mary Combs,New,Corporate,West,Djibouti,New York,West Blaketon,Office Supplies,Paper,Include,4,159.34,0.08,42.66,586.37,11.71,0.02,Critical,Cash
ORD-13755,2025-09-18,Sep,2025,Mary Roberts,VIP,Consumer,West,Samoa,Wyoming,Andersonfort,Furniture,Tables,Or,7,449.51,0.14,36.64,2706.05,-227.81,-0.08,High,UPI
ORD-13756,2023-01-06,Jan,2023,Christopher Serrano,VIP,Corporate,East,Bermuda,Iowa,Port Mark,Technology,Phones,Himself,4,85.83,0.14,41.77,295.26,78.79,0.27,Critical,Cash
ORD-13757,2024-05-27,May,2024,Mr. Mark Sanchez,VIP,Corporate,North,Honduras,Oregon,Fosterfort,Office Supplies,Storage,Single,2,289.61,0.2,24.22,463.38,100.89,0.22,Critical,Cash
ORD-13758,2024-05-10,May,2024,Stephanie Kelly,New,Corporate,Central,Congo,Maryland,South Tonyland,Office Supplies,Storage,Ability,4,267.43,0.12,16.78,941.35,187.79,0.2,High,Card
ORD-13759,2025-01-24,Jan,2025,Andrew Key,VIP,Corporate,East,Indonesia,Pennsylvania,East Michaelfort,Technology,Laptops,Buy,5,449.28,0.09,36.04,2044.22,354.5,0.17,High,Net Banking
ORD-13760,2024-02-16,Feb,2024,Christopher Marshall,VIP,Consumer,East,Liberia,Colorado,New Ginabury,Furniture,Bookcases,Budget,4,407.12,0.17,25.98,1351.64,125.41,0.09,Medium,UPI
ORD-13761,2023-10-20,Oct,2023,Kara Brown,Returning,Corporate,North,Isle of Man,South Dakota,Andrewland,Furniture,Tables,Medical,8,516.41,0.09,10.46,3759.46,889.57,0.24,Low,Cash
ORD-13762,2024-01-14,Jan,2024,Patricia Higgins,VIP,Home Office,North,Japan,Maryland,Erikahaven,Furniture,Bookcases,Five,9,556.18,0.23,28.07,3854.33,-220.3,-0.06,Low,Cash
ORD-13763,2024-04-25,Apr,2024,Allison Christian,VIP,Home Office,Central,Afghanistan,Tennessee,Lake Jacquelinehaven,Technology,Phones,Note,3,520.66,0.12,32.86,1374.54,-63.46,-0.05,Low,Cash
ORD-13764,2024-10-01,Oct,2024,Jennifer Hill,Returning,Consumer,Central,Comoros,Nevada,East Cristian,Furniture,Tables,Moment,9,795.35,0.03,7.85,6943.41,359.05,0.05,Low,Cash
ORD-13765,2025-01-23,Jan,2025,Timothy Marks,Returning,Home Office,West,Sao Tome and Principe,Indiana,South Pamelaport,Office Supplies,Storage,Evidence,3,254.94,0.13,20.38,665.39,70.82,0.11,Low,Card
ORD-13766,2025-03-08,Mar,2025,Sarah Spencer,VIP,Consumer,East,Azerbaijan,Kansas,Lake Alexandra,Office Supplies,Binders,If,10,165.81,0.11,39.76,1475.71,220.41,0.15,Medium,Card
ORD-13767,2024-04-21,Apr,2024,Mary Kemp DDS,VIP,Consumer,North,Swaziland,Maine,Port Tracymouth,Technology,Laptops,Ability,2,33.97,0.25,28.47,50.95,-0.36,-0.01,Critical,Net Banking
ORD-13768,2025-07-28,Jul,2025,Alfred Flynn,New,Home Office,East,Netherlands,Mississippi,Harrisland,Office Supplies,Paper,High,6,522.28,0.09,30.41,2851.65,754.57,0.26,Critical,UPI
ORD-13769,2023-03-27,Mar,2023,Anthony Perez,VIP,Corporate,West,Slovenia,Delaware,Jamesmouth,Furniture,Chairs,Customer,3,264.03,0.11,24.0,704.96,174.5,0.25,High,UPI
ORD-13770,2025-08-14,Aug,2025,Francis Robertson,New,Home Office,East,Azerbaijan,Montana,Hernandezview,Office Supplies,Storage,During,4,722.89,0.15,16.77,2457.83,55.73,0.02,Medium,Card
ORD-13771,2024-03-28,Mar,2024,Travis Peterson,VIP,Corporate,North,Micronesia,Arkansas,Port Thomas,Furniture,Tables,Learn,3,505.65,0.12,26.34,1334.92,-91.46,-0.07,Medium,Card
ORD-13772,2025-10-07,Oct,2025,Kyle Reynolds,VIP,Home Office,West,Switzerland,Massachusetts,North Lindaton,Office Supplies,Binders,Move,10,209.65,0.11,13.14,1865.88,289.48,0.16,Low,Net Banking
ORD-13773,2025-08-04,Aug,2025,Ashley Smith,New,Consumer,Central,China,Nevada,Pamelaberg,Office Supplies,Paper,Former,3,241.64,0.1,47.4,652.43,134.57,0.21,Medium,Cash
ORD-13774,2023-08-21,Aug,2023,Lynn Floyd,New,Consumer,North,Trinidad and Tobago,Oklahoma,South Jose,Furniture,Tables,Full,6,121.41,0.28,44.21,524.49,71.76,0.14,Medium,Card
ORD-13775,2024-08-16,Aug,2024,Teresa Hull,Returning,Corporate,East,Monaco,Kentucky,North Brentland,Office Supplies,Paper,Site,5,20.19,0.26,40.71,74.7,12.55,0.17,Medium,Cash
ORD-13776,2025-04-27,Apr,2025,Gary Kim,New,Corporate,North,Eritrea,North Dakota,East Ericafort,Furniture,Tables,Plant,5,269.72,0.18,7.18,1105.85,44.71,0.04,Low,Card
ORD-13777,2025-11-03,Nov,2025,Cameron Green,VIP,Consumer,East,Mozambique,Alaska,North Alexandrafurt,Technology,Phones,Financial,4,29.56,0.16,14.36,99.32,23.13,0.23,Critical,Net Banking
ORD-13778,2025-06-27,Jun,2025,Shannon Anderson,Returning,Consumer,West,Azerbaijan,Florida,Kaylatown,Furniture,Bookcases,Between,4,665.47,0.3,47.97,1863.32,328.23,0.18,Low,UPI
ORD-13779,2023-01-16,Jan,2023,Tony Alexander,New,Consumer,East,Benin,Indiana,Hartmanmouth,Technology,Laptops,Grow,3,100.69,0.13,40.51,262.8,-12.62,-0.05,Low,Card
ORD-13780,2025-07-23,Jul,2025,Christine Juarez,Returning,Consumer,South,Bouvet Island (Bouvetoya),Utah,New Victorville,Office Supplies,Binders,Structure,5,218.17,0.11,42.62,970.86,-32.45,-0.03,Critical,Cash
ORD-13781,2025-03-04,Mar,2025,Brittany Rivera,New,Home Office,West,Anguilla,West Virginia,South Taylorland,Furniture,Bookcases,Girl,2,443.57,0.23,44.87,683.1,-11.96,-0.02,Low,Cash
ORD-13782,2024-02-15,Feb,2024,Kevin Chambers,New,Home Office,West,Portugal,Connecticut,South Laura,Furniture,Bookcases,Major,6,228.4,0.29,36.42,972.98,66.56,0.07,Medium,Cash
ORD-13783,2024-10-24,Oct,2024,Anthony Mathews,New,Home Office,North,Indonesia,Delaware,Christopherview,Office Supplies,Binders,Since,4,612.61,0.23,7.8,1886.84,312.02,0.17,Critical,UPI
ORD-13784,2025-09-27,Sep,2025,Micheal Chambers,New,Consumer,South,Portugal,Oregon,Lake Davidchester,Technology,Accessories,Statement,10,141.75,0.06,44.11,1332.45,348.37,0.26,Critical,Net Banking
ORD-13785,2023-12-09,Dec,2023,Oscar Patterson,Returning,Corporate,East,Guadeloupe,Maryland,Brucefort,Furniture,Tables,Begin,7,138.48,0.29,28.77,688.25,-0.16,0.0,Medium,UPI
ORD-13786,2025-11-14,Nov,2025,Stephanie Holt,New,Home Office,East,Iran,Washington,Brianchester,Furniture,Chairs,Water,6,168.71,0.08,17.23,931.28,195.78,0.21,Low,UPI
ORD-13787,2023-05-02,May,2023,Kevin Cortez,New,Consumer,Central,Sudan,Louisiana,East Tinafurt,Technology,Accessories,Other,3,352.25,0.16,26.8,887.67,257.55,0.29,High,Cash
ORD-13788,2025-04-22,Apr,2025,Frederick Smith,New,Home Office,West,Tanzania,Nevada,Rebeccashire,Technology,Phones,Fine,8,136.1,0.16,20.48,914.59,-38.03,-0.04,Medium,Cash
ORD-13789,2025-03-02,Mar,2025,James Cook,New,Home Office,North,Bulgaria,Iowa,Martinchester,Technology,Accessories,Nature,3,690.25,0.09,48.68,1884.38,469.56,0.25,Low,Cash
ORD-13790,2023-06-06,Jun,2023,Mary Roberts,VIP,Corporate,West,Botswana,Iowa,West Tina,Furniture,Tables,Since,10,746.0,0.29,6.39,5296.6,378.82,0.07,Medium,Net Banking
ORD-13791,2024-05-28,May,2024,Cynthia Dominguez,Returning,Consumer,East,Tunisia,Arkansas,South Andrew,Technology,Laptops,Rather,3,308.74,0.16,25.17,778.02,181.83,0.23,High,Net Banking
ORD-13792,2025-01-22,Jan,2025,Susan Little,VIP,Corporate,East,Sudan,Arizona,East Lee,Office Supplies,Binders,Name,3,535.36,0.13,10.64,1397.29,-120.26,-0.09,Critical,UPI
ORD-13793,2023-05-27,May,2023,Matthew Gordon,Returning,Corporate,South,Faroe Islands,Wyoming,Sarafurt,Office Supplies,Paper,Drug,5,426.66,0.09,19.35,1941.3,-72.31,-0.04,Critical,Net Banking
ORD-13794,2025-10-11,Oct,2025,Lisa Conley,New,Home Office,West,San Marino,Mississippi,Lake Baileyshire,Office Supplies,Storage,Executive,10,395.26,0.2,30.87,3162.08,112.06,0.04,Low,Card
ORD-13795,2023-04-16,Apr,2023,Ashley Johnson,New,Home Office,North,Tunisia,Hawaii,Lisafurt,Furniture,Chairs,Exactly,2,430.05,0.17,12.17,713.88,159.56,0.22,Medium,Card
ORD-13796,2024-05-22,May,2024,James Green,VIP,Home Office,Central,Andorra,Kentucky,Jeffreyfort,Furniture,Bookcases,Job,2,303.4,0.18,38.64,497.58,89.25,0.18,Medium,Cash
ORD-13797,2023-01-27,Jan,2023,Mackenzie Robles,Returning,Corporate,West,Cook Islands,Tennessee,East Shaun,Furniture,Chairs,Sit,9,123.93,0.29,38.26,791.91,71.68,0.09,Critical,Card
ORD-13798,2023-09-02,Sep,2023,Diana Bailey,VIP,Consumer,East,United Kingdom,Virginia,Port Gregory,Furniture,Chairs,Compare,1,266.93,0.1,22.93,240.24,29.11,0.12,Low,Card
ORD-13799,2023-07-23,Jul,2023,Claire Lester,VIP,Corporate,Central,Brazil,Connecticut,South Randall,Technology,Phones,Glass,1,246.91,0.17,45.3,204.94,33.66,0.16,Low,UPI
ORD-13800,2023-08-31,Aug,2023,Jennifer Holloway,Returning,Home Office,North,Sao Tome and Principe,New Jersey,Roybury,Furniture,Chairs,Bed,2,192.46,0.08,22.32,354.13,-20.16,-0.06,High,Cash
ORD-13801,2025-03-14,Mar,2025,Teresa Small,New,Home Office,South,Grenada,Minnesota,Mclaughlinmouth,Technology,Laptops,Daughter,3,689.18,0.27,40.31,1509.3,61.75,0.04,High,UPI
ORD-13802,2024-12-11,Dec,2024,Michael Glover,New,Corporate,South,Norfolk Island,Vermont,Alexandriabury,Office Supplies,Binders,Sense,5,201.49,0.23,11.23,775.74,223.0,0.29,Critical,Net Banking
ORD-13803,2023-06-24,Jun,2023,Anthony Wilson,VIP,Home Office,South,Timor-Leste,Tennessee,Burnsborough,Furniture,Bookcases,Several,2,331.15,0.07,44.26,615.94,15.6,0.03,Low,Net Banking
ORD-13804,2023-04-25,Apr,2023,Gail Mullins,New,Consumer,South,France,Pennsylvania,Thomasstad,Office Supplies,Paper,Few,3,385.57,0.3,41.72,809.7,229.55,0.28,Critical,Cash
ORD-13805,2025-05-08,May,2025,Gerald Murray,VIP,Corporate,East,French Polynesia,Oklahoma,Lake Jennifer,Technology,Laptops,The,5,522.45,0.18,5.81,2142.05,315.06,0.15,Critical,Net Banking
ORD-13806,2023-03-07,Mar,2023,Brandon Zavala MD,Returning,Home Office,Central,Slovakia (Slovak Republic),Vermont,East Juan,Furniture,Bookcases,Company,4,315.21,0.22,35.65,983.46,80.72,0.08,Low,Cash
ORD-13807,2024-06-07,Jun,2024,John Lee,VIP,Corporate,East,Congo,North Carolina,Kimberlyside,Furniture,Tables,Bed,10,712.2,0.28,8.78,5127.84,478.93,0.09,Medium,Cash
ORD-13808,2025-03-01,Mar,2025,Kimberly Smith,New,Home Office,North,Mongolia,New Jersey,East Jameshaven,Furniture,Bookcases,Democratic,10,673.06,0.25,9.33,5047.95,-389.95,-0.08,Critical,Net Banking
ORD-13809,2023-08-15,Aug,2023,Maria Young,Returning,Consumer,West,Finland,Arkansas,Lisaside,Technology,Laptops,Gun,4,439.85,0.11,44.83,1565.87,172.67,0.11,High,Card
ORD-13810,2024-11-28,Nov,2024,Andrew Webb,VIP,Corporate,North,Norway,South Carolina,Meredithshire,Office Supplies,Paper,Agreement,2,711.83,0.11,28.84,1267.06,315.29,0.25,Critical,UPI
ORD-13811,2025-03-27,Mar,2025,David Flores,New,Consumer,East,Palau,New York,Thomasfurt,Office Supplies,Binders,Trade,1,674.74,0.24,30.97,512.8,93.43,0.18,Medium,Net Banking
ORD-13812,2025-04-05,Apr,2025,Lisa Gillespie,Returning,Corporate,Central,Eritrea,Georgia,Deborahview,Technology,Phones,Occur,2,312.78,0.05,48.66,594.28,26.05,0.04,High,Card
ORD-13813,2023-10-15,Oct,2023,Maria Campbell,Returning,Consumer,West,Croatia,Wyoming,New Stevenfurt,Office Supplies,Binders,Scientist,7,349.18,0.28,37.53,1759.87,225.76,0.13,Medium,Net Banking
ORD-13814,2025-09-30,Sep,2025,Mr. Chad Boyd PhD,New,Home Office,North,Montserrat,Michigan,New Veronicahaven,Technology,Phones,After,1,735.44,0.22,17.42,573.64,34.88,0.06,High,Card
ORD-13815,2023-05-25,May,2023,Amanda Dominguez,New,Consumer,East,Peru,Texas,Williamsfort,Technology,Accessories,Member,7,281.75,0.13,46.49,1715.86,22.49,0.01,Critical,Card
ORD-13816,2025-06-28,Jun,2025,Mr. Michael Quinn,Returning,Corporate,Central,Guinea-Bissau,Nevada,North Haleybury,Office Supplies,Paper,Bad,3,565.51,0.05,41.82,1611.7,303.37,0.19,Low,Cash
ORD-13817,2024-02-18,Feb,2024,Daniel Levy,New,Consumer,North,Suriname,Utah,East Jacobberg,Technology,Accessories,Baby,4,679.06,0.12,18.86,2390.29,673.59,0.28,Medium,Net Banking
ORD-13818,2024-07-25,Jul,2024,Michael Martin,Returning,Home Office,South,Greenland,Minnesota,Calvinfort,Technology,Phones,However,6,693.83,0.29,46.16,2955.72,665.54,0.23,Critical,Card
ORD-13819,2023-09-16,Sep,2023,Barbara Anderson,VIP,Consumer,North,Malawi,Idaho,Port Jennifer,Office Supplies,Paper,Safe,6,674.05,0.28,6.76,2911.9,-13.79,0.0,Critical,UPI
ORD-13820,2023-04-04,Apr,2023,Jeffrey Fischer,Returning,Home Office,West,Denmark,Alaska,Kaylaport,Office Supplies,Storage,Part,5,137.29,0.06,13.42,645.26,144.81,0.22,Low,Cash
ORD-13821,2023-08-07,Aug,2023,Jenny Simpson,VIP,Corporate,South,Netherlands Antilles,Illinois,South Micheal,Furniture,Chairs,Recognize,8,475.64,0.18,14.98,3120.2,123.19,0.04,Low,Net Banking
ORD-13822,2024-07-20,Jul,2024,Thomas Noble,Returning,Consumer,East,Zimbabwe,Illinois,Zacharymouth,Office Supplies,Binders,Region,2,342.59,0.25,39.14,513.88,108.87,0.21,Medium,Card
ORD-13823,2025-10-16,Oct,2025,James Cruz,New,Home Office,North,Dominica,Virginia,Wilsonton,Furniture,Chairs,Car,4,549.99,0.27,23.72,1605.97,261.59,0.16,Low,UPI
ORD-13824,2023-12-19,Dec,2023,Nichole Bowman,VIP,Corporate,South,Bahamas,Minnesota,Amandafurt,Office Supplies,Storage,Impact,1,781.82,0.0,34.57,781.82,-12.51,-0.02,Medium,Card
ORD-13825,2024-10-23,Oct,2024,Karen Davis,VIP,Consumer,West,Northern Mariana Islands,Wisconsin,Christinaport,Office Supplies,Storage,Play,9,19.9,0.18,32.92,146.86,4.19,0.03,Medium,UPI
ORD-13826,2023-01-22,Jan,2023,Anna Wilson,New,Consumer,Central,Haiti,New York,East Brookechester,Furniture,Tables,Past,6,300.17,0.17,14.62,1494.85,333.46,0.22,Medium,Cash
ORD-13827,2023-03-20,Mar,2023,Rachel Hart,Returning,Corporate,North,British Virgin Islands,Georgia,East Thomasland,Office Supplies,Binders,Truth,8,251.29,0.06,47.56,1889.7,253.03,0.13,Critical,Card
ORD-13828,2023-02-05,Feb,2023,Allison Jenkins,New,Consumer,East,Yemen,Minnesota,Brandonhaven,Furniture,Chairs,Tell,1,603.57,0.25,18.6,452.68,78.8,0.17,High,Card
ORD-13829,2024-02-01,Feb,2024,Jonathan Andrews,New,Corporate,West,Jordan,New Mexico,South Suzanne,Technology,Phones,Single,7,359.08,0.09,36.14,2287.34,308.13,0.13,Medium,Net Banking
ORD-13830,2024-05-19,May,2024,Brooke Moss,VIP,Home Office,South,Guinea-Bissau,Alaska,Hartland,Technology,Laptops,Live,1,543.27,0.07,42.47,505.24,134.39,0.27,Medium,Card
ORD-13831,2025-09-09,Sep,2025,Eric Sanchez,Returning,Corporate,South,Nigeria,Arizona,Timothyville,Furniture,Tables,Citizen,2,757.06,0.16,16.89,1271.86,-125.59,-0.1,High,Cash
ORD-13832,2023-10-03,Oct,2023,Joseph Smith,Returning,Corporate,East,Tunisia,Washington,Schneiderborough,Office Supplies,Binders,Simply,1,314.36,0.1,36.92,282.92,-19.61,-0.07,Critical,Card
ORD-13833,2025-11-08,Nov,2025,Jennifer Davenport,Returning,Home Office,Central,Grenada,Florida,South Robertborough,Office Supplies,Paper,Natural,5,49.3,0.21,8.4,194.74,-1.02,-0.01,Medium,Card
ORD-13834,2024-05-28,May,2024,Megan Klein,VIP,Consumer,South,Papua New Guinea,Texas,Port Kaylaport,Technology,Phones,Although,2,315.18,0.04,28.82,605.15,-37.84,-0.06,Critical,Card
ORD-13835,2024-03-20,Mar,2024,Amanda Logan,Returning,Consumer,South,Marshall Islands,Alabama,Frenchborough,Office Supplies,Paper,Candidate,5,738.04,0.09,47.29,3358.08,327.57,0.1,High,Card
ORD-13836,2023-08-04,Aug,2023,Joseph Gomez,VIP,Consumer,South,Nigeria,Delaware,Allisontown,Office Supplies,Binders,Sure,6,248.56,0.15,38.86,1267.66,245.22,0.19,Low,Net Banking
ORD-13837,2024-07-20,Jul,2024,Rebekah Coleman,Returning,Home Office,East,Liechtenstein,Washington,Lake Deannaside,Office Supplies,Paper,Environment,1,281.38,0.12,27.1,247.61,58.68,0.24,High,Net Banking
ORD-13838,2025-09-12,Sep,2025,Julie Knight,VIP,Home Office,North,Guam,North Dakota,Mannmouth,Technology,Laptops,Attorney,4,616.9,0.16,8.31,2072.78,495.44,0.24,High,Card
ORD-13839,2025-08-11,Aug,2025,Linda Barnes,Returning,Home Office,Central,Holy See (Vatican City State),Michigan,Juanside,Office Supplies,Storage,Many,9,124.16,0.23,13.29,860.43,155.54,0.18,Critical,Cash
ORD-13840,2023-03-23,Mar,2023,Terry Manning,VIP,Consumer,North,Turks and Caicos Islands,Missouri,Roberttown,Office Supplies,Paper,Against,10,319.06,0.05,32.83,3031.07,779.13,0.26,Medium,UPI
ORD-13841,2022-11-29,Nov,2022,Priscilla Hill,Returning,Home Office,South,New Zealand,Idaho,East Loriside,Office Supplies,Binders,Church,1,199.26,0.0,15.26,199.26,2.7,0.01,Critical,Card
ORD-13842,2024-06-26,Jun,2024,Christian Rivera,Returning,Home Office,East,Malawi,Maine,South Michelleton,Office Supplies,Paper,After,1,357.65,0.12,31.99,314.73,-3.36,-0.01,Medium,Card
ORD-13843,2025-09-21,Sep,2025,Melinda Salazar,Returning,Corporate,West,Antigua and Barbuda,Missouri,New Keith,Office Supplies,Paper,Church,6,796.93,0.21,21.44,3777.45,-84.44,-0.02,Critical,Card
ORD-13844,2024-08-10,Aug,2024,Danielle Oliver,VIP,Corporate,East,Kiribati,Oregon,North Tiffany,Technology,Phones,Gas,10,268.71,0.17,8.38,2230.29,661.78,0.3,High,UPI
ORD-13845,2023-12-15,Dec,2023,Jordan Reynolds,VIP,Consumer,East,Congo,Utah,Cynthiafurt,Technology,Phones,They,3,713.08,0.09,42.55,1946.71,344.27,0.18,High,Net Banking
ORD-13846,2023-03-21,Mar,2023,James Benjamin,Returning,Corporate,West,Swaziland,Oregon,Port Annette,Office Supplies,Paper,Single,5,177.8,0.28,45.46,640.08,125.97,0.2,Critical,UPI
ORD-13847,2025-01-18,Jan,2025,Sara Reynolds,VIP,Home Office,West,Romania,New Mexico,Mendozaport,Furniture,Chairs,Guy,3,497.39,0.02,17.22,1462.33,342.74,0.23,Low,Cash
ORD-13848,2023-03-28,Mar,2023,Michael Johnson,Returning,Home Office,East,French Southern Territories,West Virginia,Edwardsfurt,Technology,Phones,Analysis,4,638.25,0.29,34.97,1812.63,201.91,0.11,Medium,Cash
ORD-13849,2024-06-05,Jun,2024,Tony Preston,New,Corporate,Central,Slovenia,New Hampshire,New Manuel,Technology,Accessories,However,3,542.76,0.16,28.84,1367.76,367.11,0.27,Low,UPI
ORD-13850,2024-03-16,Mar,2024,Curtis Perez,New,Corporate,North,Lesotho,Ohio,North Evelyn,Office Supplies,Storage,Use,10,278.45,0.0,31.43,2784.5,263.2,0.09,High,Net Banking
ORD-13851,2025-11-22,Nov,2025,Calvin Villanueva,New,Home Office,South,Slovakia (Slovak Republic),North Dakota,Rebeccaville,Technology,Phones,Final,7,129.37,0.26,22.46,670.14,36.09,0.05,Critical,Net Banking
ORD-13852,2023-04-18,Apr,2023,William Morrison,New,Consumer,Central,Denmark,South Dakota,Sherrymouth,Furniture,Tables,Hold,5,520.12,0.12,13.89,2288.53,-171.78,-0.08,High,UPI
ORD-13853,2025-11-17,Nov,2025,Jeremy Ruiz,VIP,Home Office,South,Niue,Iowa,Port Johnhaven,Technology,Phones,Sound,4,628.5,0.26,48.76,1860.36,289.94,0.16,High,UPI
ORD-13854,2025-09-12,Sep,2025,Daniel Herrera,VIP,Consumer,North,Moldova,Maryland,New Randybury,Furniture,Tables,Cultural,7,599.02,0.06,12.97,3941.55,604.8,0.15,High,UPI
ORD-13855,2023-06-04,Jun,2023,James Scott,VIP,Home Office,South,Macedonia,Kentucky,Michelleborough,Office Supplies,Binders,Company,3,503.56,0.23,20.08,1163.22,-10.64,-0.01,Medium,Cash
ORD-13856,2025-07-27,Jul,2025,Sean Dixon,New,Home Office,Central,Guam,Kentucky,Laurenville,Office Supplies,Binders,Take,3,401.19,0.22,17.54,938.78,-90.67,-0.1,Medium,UPI
ORD-13857,2024-09-15,Sep,2024,Daniel Robinson,New,Consumer,South,Norway,Louisiana,Lake Ashleymouth,Technology,Phones,Produce,8,148.76,0.17,49.57,987.77,-35.58,-0.04,Medium,UPI
ORD-13858,2023-03-27,Mar,2023,James Gutierrez,New,Corporate,Central,Denmark,Illinois,South Scott,Office Supplies,Binders,Reach,7,268.55,0.23,39.48,1447.48,148.4,0.1,High,Net Banking
ORD-13859,2025-02-08,Feb,2025,Dr. Natasha Salas,VIP,Consumer,North,Kazakhstan,Iowa,Laurenmouth,Office Supplies,Binders,Reason,2,319.91,0.21,21.14,505.46,13.79,0.03,Low,Net Banking
ORD-13860,2024-04-16,Apr,2024,Ashley Mitchell,Returning,Corporate,West,Moldova,Kentucky,Port Juan,Furniture,Bookcases,Focus,1,573.42,0.12,43.64,504.61,-38.63,-0.08,Critical,Cash
ORD-13861,2025-06-14,Jun,2025,Charles Daniels,Returning,Consumer,North,Antarctica (the territory South of 60 deg S),Montana,West Robert,Furniture,Tables,Certain,5,221.84,0.13,5.26,965.0,147.27,0.15,High,Net Banking
ORD-13862,2024-02-22,Feb,2024,Vanessa Gonzalez,VIP,Home Office,West,Guam,Vermont,Hamiltonburgh,Office Supplies,Storage,Season,5,607.48,0.2,13.82,2429.92,652.47,0.27,High,Cash
ORD-13863,2025-03-08,Mar,2025,Alexander Jones,Returning,Consumer,East,Lebanon,Kentucky,East Laurafurt,Office Supplies,Paper,Citizen,5,463.37,0.22,36.87,1807.14,529.14,0.29,Medium,Net Banking
ORD-13864,2024-04-17,Apr,2024,Daniel Ellis,VIP,Consumer,North,Serbia,Alaska,Johnsonbury,Technology,Phones,Play,8,105.71,0.12,34.11,744.2,205.61,0.28,Critical,Cash
ORD-13865,2023-10-08,Oct,2023,Daniel Nguyen,VIP,Home Office,North,Kuwait,New Jersey,South Andrea,Office Supplies,Paper,Story,3,201.28,0.18,14.88,495.15,147.46,0.3,Critical,Cash
ORD-13866,2024-07-05,Jul,2024,Kayla Porter,VIP,Consumer,North,Brunei Darussalam,Mississippi,Lake Aaronbury,Furniture,Bookcases,Huge,10,695.24,0.08,23.44,6396.21,1823.41,0.29,Low,Cash
ORD-13867,2023-02-15,Feb,2023,Samuel Rosario,VIP,Consumer,South,Saint Barthelemy,Mississippi,Christinemouth,Technology,Accessories,Likely,10,83.49,0.14,5.57,718.01,-6.36,-0.01,High,Net Banking
ORD-13868,2024-02-13,Feb,2024,Tasha Miller,New,Consumer,North,Guadeloupe,Rhode Island,Robertville,Technology,Laptops,Along,4,778.02,0.0,41.47,3112.08,512.72,0.16,Medium,Net Banking
ORD-13869,2023-08-19,Aug,2023,Michelle Knight,Returning,Home Office,East,Israel,New Hampshire,North Andrew,Office Supplies,Binders,View,6,680.82,0.02,49.86,4003.22,-179.69,-0.04,Low,Card
ORD-13870,2025-01-15,Jan,2025,Madeline Castillo,VIP,Consumer,East,Cocos (Keeling) Islands,Hawaii,New Carolynfurt,Furniture,Chairs,Book,8,788.25,0.16,32.26,5297.04,887.85,0.17,Medium,Card
ORD-13871,2024-06-07,Jun,2024,Kimberly Hill,New,Home Office,North,Tokelau,North Dakota,East Gloriamouth,Technology,Accessories,Go,2,616.72,0.28,34.83,888.08,111.21,0.13,Medium,Net Banking
ORD-13872,2024-05-31,May,2024,Katherine Lopez,VIP,Consumer,North,Bulgaria,Nebraska,Herreraview,Office Supplies,Storage,Win,4,603.12,0.1,9.74,2171.23,464.29,0.21,Low,UPI
ORD-13873,2024-06-10,Jun,2024,Louis Nelson,New,Home Office,Central,Marshall Islands,Pennsylvania,Lake Jasonbury,Office Supplies,Binders,Note,8,685.5,0.15,6.29,4661.4,836.97,0.18,Low,UPI
ORD-13874,2025-01-24,Jan,2025,Mary Brown,Returning,Corporate,North,Sweden,South Dakota,West Soniaside,Furniture,Bookcases,Score,6,577.79,0.26,9.23,2565.39,232.22,0.09,Low,Cash
ORD-13875,2023-01-09,Jan,2023,Jose Bennett,Returning,Consumer,West,Guadeloupe,South Dakota,Port Daniellemouth,Furniture,Chairs,Phone,9,332.21,0.3,16.53,2092.92,227.52,0.11,Low,Card
ORD-13876,2023-12-16,Dec,2023,Denise Palmer,VIP,Consumer,Central,Djibouti,Arizona,Port Alicia,Furniture,Tables,Away,8,455.04,0.15,35.68,3094.27,-170.48,-0.06,High,UPI
ORD-13877,2025-04-02,Apr,2025,Mark Rodriguez,New,Home Office,North,Cocos (Keeling) Islands,Tennessee,Chaneystad,Technology,Phones,Wear,5,443.19,0.25,43.79,1661.96,112.75,0.07,High,UPI
ORD-13878,2023-05-10,May,2023,Christopher Wade,New,Home Office,West,Holy See (Vatican City State),Delaware,East Zacharybury,Furniture,Bookcases,Bad,6,206.68,0.22,25.34,967.26,195.21,0.2,Critical,UPI
ORD-13879,2025-07-06,Jul,2025,Steven Scott,New,Consumer,West,Isle of Man,Iowa,Montoyatown,Furniture,Tables,Education,8,566.5,0.17,5.05,3761.56,10.22,0.0,Critical,Net Banking
ORD-13880,2024-01-19,Jan,2024,Wayne Brown,New,Corporate,East,Gibraltar,Colorado,North Denisechester,Furniture,Bookcases,Structure,5,452.6,0.21,30.58,1787.77,90.86,0.05,High,Net Banking
ORD-13881,2025-08-23,Aug,2025,Andrea Barker,VIP,Corporate,South,Sweden,Georgia,New Jaredfort,Technology,Laptops,Opportunity,9,268.01,0.29,12.71,1712.58,227.04,0.13,Low,Cash
ORD-13882,2023-03-07,Mar,2023,Brian Mullen,Returning,Consumer,West,Sri Lanka,Colorado,Lake Pamelaside,Technology,Accessories,Position,9,445.75,0.2,6.4,3209.4,827.5,0.26,Critical,Card
ORD-13883,2023-06-04,Jun,2023,Mary Patrick,New,Corporate,South,Gabon,Delaware,Matthewchester,Furniture,Tables,Describe,4,625.29,0.17,17.26,2075.96,508.82,0.25,High,Net Banking
ORD-13884,2024-08-10,Aug,2024,Zachary Brown,Returning,Corporate,Central,Ukraine,West Virginia,Lake Tammy,Office Supplies,Binders,The,7,648.15,0.25,48.7,3402.79,272.93,0.08,Low,Card
ORD-13885,2022-12-21,Dec,2022,Chelsea Phillips,Returning,Consumer,West,Botswana,Wyoming,Thomasville,Furniture,Tables,Campaign,9,124.94,0.03,30.06,1090.73,112.18,0.1,High,Card
ORD-13886,2023-07-01,Jul,2023,Nicole Nguyen,New,Home Office,Central,Malawi,Iowa,East Garyland,Office Supplies,Binders,Drive,3,261.7,0.19,45.58,635.93,12.69,0.02,High,UPI
ORD-13887,2025-09-12,Sep,2025,Kara Dunn,VIP,Consumer,East,Georgia,Wyoming,Allenbury,Technology,Phones,Leg,3,210.0,0.04,6.47,604.8,-29.62,-0.05,Medium,Cash
ORD-13888,2024-07-12,Jul,2024,Matthew Serrano,New,Consumer,North,Brazil,Indiana,South Angelafort,Office Supplies,Binders,Enough,4,250.48,0.14,6.73,861.65,238.89,0.28,High,Card
ORD-13889,2023-01-27,Jan,2023,Debra Richards,Returning,Consumer,North,Korea,New Mexico,Lake Sergio,Office Supplies,Storage,Goal,3,598.57,0.01,36.25,1777.75,309.43,0.17,High,Cash
ORD-13890,2023-12-17,Dec,2023,Craig Armstrong,Returning,Consumer,South,Cuba,Oklahoma,Anthonymouth,Office Supplies,Binders,Color,6,116.38,0.19,31.56,565.61,61.8,0.11,High,Card
ORD-13891,2023-09-25,Sep,2023,Jessica Leon,VIP,Home Office,West,Singapore,Arkansas,Rebeccaport,Office Supplies,Paper,Position,8,729.19,0.23,36.87,4491.81,-197.2,-0.04,Low,Card
ORD-13892,2025-08-25,Aug,2025,Reginald Graham,Returning,Consumer,West,Pitcairn Islands,New York,Lake Nicholas,Office Supplies,Binders,Spring,2,135.87,0.05,5.86,258.15,66.56,0.26,Low,Card
ORD-13893,2023-09-13,Sep,2023,Michael Hughes,Returning,Consumer,South,Cote d'Ivoire,Arizona,New Danborough,Technology,Laptops,Real,1,102.72,0.28,32.79,73.96,-5.11,-0.07,Low,Card
ORD-13894,2024-08-09,Aug,2024,Victoria Poole,VIP,Corporate,Central,Philippines,Mississippi,Lake Christopher,Office Supplies,Binders,Indeed,6,10.76,0.07,23.15,60.04,8.39,0.14,Medium,Cash
ORD-13895,2025-10-11,Oct,2025,Matthew Vaughn,Returning,Consumer,South,Barbados,New Jersey,Port Lindaview,Technology,Phones,Speech,8,573.71,0.12,29.97,4038.92,-66.24,-0.02,Low,Net Banking
ORD-13896,2023-11-22,Nov,2023,Kenneth Jackson,Returning,Consumer,North,Uzbekistan,West Virginia,Christopherborough,Furniture,Chairs,Hear,8,53.45,0.01,11.25,423.32,80.23,0.19,High,Card
ORD-13897,2024-09-02,Sep,2024,Mr. John Scott MD,Returning,Consumer,North,Cayman Islands,Kentucky,Ryanborough,Office Supplies,Paper,Everyone,10,112.67,0.2,31.81,901.36,33.19,0.04,High,UPI
ORD-13898,2023-10-03,Oct,2023,Jonathon Robertson,Returning,Home Office,Central,Philippines,Virginia,Kimfort,Office Supplies,Storage,West,7,177.94,0.08,23.84,1145.93,150.84,0.13,Low,Net Banking
ORD-13899,2024-10-23,Oct,2024,Elizabeth Nelson,VIP,Consumer,Central,Andorra,Wisconsin,Perezchester,Technology,Laptops,Large,4,576.28,0.14,11.54,1982.4,591.43,0.3,Critical,Card
ORD-13900,2025-07-20,Jul,2025,Jeffrey Mendez,Returning,Consumer,South,Bhutan,North Carolina,Port Pam,Technology,Accessories,Own,4,473.36,0.26,47.96,1401.15,410.92,0.29,High,Card
ORD-13901,2025-05-31,May,2025,John Lopez,Returning,Consumer,Central,Montenegro,Texas,Lake Kyle,Technology,Phones,,1,660.66,0.13,5.31,574.77,146.75,0.26,Critical,Net Banking
ORD-13902,2024-10-08,Oct,2024,Jason Johnson,VIP,Home Office,West,Anguilla,Florida,Port Lorettastad,Office Supplies,Binders,Assume,3,173.92,0.2,13.97,417.41,123.03,0.29,Low,Cash
ORD-13903,2023-10-08,Oct,2023,Laura Goodman,New,Corporate,Central,Heard Island and McDonald Islands,West Virginia,Valeriefurt,Furniture,Chairs,Mrs,2,700.42,0.11,40.73,1246.75,146.25,0.12,Critical,Card
ORD-13904,2025-04-24,Apr,2025,Kristy Griffin,Returning,Consumer,Central,Fiji,South Carolina,West Patrickshire,Office Supplies,Paper,Data,3,746.5,0.21,42.87,1769.21,99.12,0.06,Low,Net Banking
ORD-13905,2025-05-02,May,2025,Elizabeth Townsend,VIP,Consumer,West,Benin,Maine,North Wandafurt,Technology,Phones,Whatever,4,340.55,0.28,41.34,980.78,-62.0,-0.06,High,Net Banking
ORD-13906,2025-07-01,Jul,2025,Earl Middleton,Returning,Home Office,East,Brazil,Wyoming,Lake Michael,Office Supplies,Paper,Price,5,84.39,0.04,49.85,405.07,62.5,0.15,High,Card
ORD-13907,2023-07-07,Jul,2023,Kelly Miranda,New,Corporate,South,Bouvet Island (Bouvetoya),Maryland,Lake Troystad,Office Supplies,Binders,Student,4,356.75,0.15,33.79,1212.95,37.26,0.03,Critical,Cash
ORD-13908,2024-03-20,Mar,2024,Daniel Allen,Returning,Home Office,South,Ethiopia,Utah,Morganview,Technology,Accessories,Firm,7,761.55,0.21,27.8,4211.37,1215.31,0.29,Critical,Card
ORD-13909,2022-12-11,Dec,2022,Joshua Russell,New,Home Office,Central,Mauritius,Michigan,Dennistown,Technology,Accessories,Share,1,301.66,0.29,26.68,214.18,-20.97,-0.1,High,Net Banking
ORD-13910,2024-12-18,Dec,2024,Daniel Banks,New,Home Office,East,Martinique,Missouri,Barnettview,Furniture,Tables,Cup,2,584.52,0.22,41.9,911.85,70.85,0.08,Low,UPI
ORD-13911,2024-06-05,Jun,2024,Samantha Nichols,New,Corporate,East,Guinea-Bissau,Wyoming,Samuelfurt,Office Supplies,Binders,Down,5,291.97,0.15,24.26,1240.87,339.55,0.27,Medium,Net Banking
ORD-13912,2025-06-29,Jun,2025,Jesse Young,VIP,Home Office,East,Slovenia,North Dakota,Port Georgemouth,Office Supplies,Paper,Ok,6,382.5,0.2,41.23,1836.0,460.89,0.25,Low,Net Banking
ORD-13913,2024-06-25,Jun,2024,Jennifer Barry,New,Corporate,West,Sierra Leone,Oregon,Kellystad,Furniture,Tables,Tough,4,424.28,0.0,43.88,1697.12,318.57,0.19,High,Net Banking
ORD-13914,2025-02-23,Feb,2025,Michael Hill,Returning,Corporate,North,Tonga,Alaska,Seanview,Office Supplies,Binders,Notice,4,458.9,0.29,22.9,1303.28,55.06,0.04,High,Net Banking
ORD-13915,2025-01-21,Jan,2025,Michael Manning,Returning,Consumer,South,Germany,Oregon,Port Aaron,Office Supplies,Paper,Soldier,1,151.62,0.22,38.99,118.26,22.34,0.19,Low,Cash
ORD-13916,2024-08-14,Aug,2024,Nathan Young,VIP,Home Office,Central,Ukraine,Illinois,Willismouth,Technology,Laptops,Level,8,661.63,0.25,22.35,3969.78,-243.26,-0.06,Critical,Net Banking
ORD-13917,2024-09-09,Sep,2024,Maurice Stanton,Returning,Consumer,West,Austria,Ohio,Lake Melissaport,Technology,Accessories,Fast,10,343.38,0.14,26.43,2953.07,606.01,0.21,Critical,UPI
ORD-13918,2024-03-06,Mar,2024,Johnny Martinez,Returning,Consumer,North,Lao People's Democratic Republic,Oregon,Port Adamberg,Technology,Accessories,Heavy,4,127.36,0.18,46.62,417.74,41.46,0.1,Medium,Card
ORD-13919,2024-05-03,May,2024,Leah Burnett,VIP,Corporate,East,Switzerland,Rhode Island,North Monicaview,Office Supplies,Storage,Catch,7,616.91,0.14,11.5,3713.8,314.8,0.08,Critical,UPI
ORD-13920,2023-09-09,Sep,2023,Anthony Brooks,Returning,Corporate,Central,Tokelau,Nevada,East Annview,Furniture,Bookcases,Current,6,78.92,0.0,15.55,473.52,113.06,0.24,Low,Cash
ORD-13921,2024-11-20,Nov,2024,James Wilson,VIP,Corporate,West,Swaziland,Florida,New Mark,Office Supplies,Binders,Miss,8,151.62,0.13,20.26,1055.28,170.17,0.16,Low,UPI
ORD-13922,2023-12-29,Dec,2023,Matthew Hamilton,VIP,Home Office,West,Spain,Minnesota,New Deanna,Furniture,Tables,Sit,1,452.72,0.15,20.41,384.81,58.27,0.15,High,Net Banking
ORD-13923,2023-02-19,Feb,2023,Christian Patel,VIP,Corporate,East,Jordan,Nebraska,Millerside,Furniture,Chairs,Memory,7,697.17,0.05,30.68,4636.18,1060.79,0.23,Critical,Card
ORD-13924,2025-03-19,Mar,2025,Kevin Carter,Returning,Home Office,Central,Sweden,Kentucky,Robinshire,Office Supplies,Binders,Conference,1,576.49,0.28,8.77,415.07,116.87,0.28,High,Cash
ORD-13925,2025-08-27,Aug,2025,Roberta Miller,New,Consumer,North,Antigua and Barbuda,New Mexico,Hullside,Technology,Phones,Debate,10,92.17,0.17,29.23,765.01,92.29,0.12,Medium,Card
ORD-13926,2023-11-05,Nov,2023,Karen Snyder,VIP,Corporate,South,Reunion,Georgia,Lauraberg,Office Supplies,Paper,Learn,3,130.3,0.15,29.14,332.27,-1.89,-0.01,Medium,Cash
ORD-13927,2023-09-01,Sep,2023,Julian Jimenez,Returning,Corporate,South,Costa Rica,Indiana,North Leslieville,Furniture,Tables,Much,1,243.59,0.15,46.39,207.05,-10.9,-0.05,Critical,Card
ORD-13928,2023-10-18,Oct,2023,Kathleen Summers MD,New,Corporate,North,Spain,Idaho,Erikton,Office Supplies,Storage,War,10,151.21,0.2,42.17,1209.68,-79.97,-0.07,High,Card
ORD-13929,2024-07-01,Jul,2024,Benjamin Baker,New,Consumer,North,Nepal,Idaho,Jadeburgh,Furniture,Bookcases,Artist,7,234.32,0.25,35.74,1230.18,59.07,0.05,Critical,Card
ORD-13930,2025-03-01,Mar,2025,Mark Gomez,Returning,Corporate,North,Mozambique,Louisiana,Katiestad,Office Supplies,Binders,Look,4,507.16,0.03,20.16,1967.78,414.2,0.21,Low,Cash
ORD-13931,2024-06-06,Jun,2024,Jennifer Phelps,New,Consumer,Central,Guyana,Illinois,Steeletown,Technology,Accessories,Scientist,9,515.27,0.18,6.28,3802.69,479.06,0.13,High,Net Banking
ORD-13932,2025-03-06,Mar,2025,Shannon Gray,Returning,Consumer,Central,Lesotho,Missouri,Justinbury,Furniture,Chairs,Agree,10,463.15,0.28,5.3,3334.68,-256.84,-0.08,Critical,Cash
ORD-13933,2023-01-23,Jan,2023,Justin May,VIP,Consumer,West,Cocos (Keeling) Islands,Minnesota,East Kennethshire,Furniture,Tables,Discussion,3,306.44,0.2,9.67,735.46,92.26,0.13,Critical,Card
ORD-13934,2023-09-11,Sep,2023,Phillip Wilkinson,Returning,Consumer,East,Honduras,Nevada,Johnsonville,Technology,Phones,Gas,2,298.94,0.2,15.59,478.3,125.57,0.26,Critical,Cash
ORD-13935,2024-02-25,Feb,2024,Charlene Gates,Returning,Consumer,North,Sri Lanka,South Carolina,Justinland,Office Supplies,Binders,Pick,6,244.13,0.01,7.8,1450.13,64.57,0.04,Critical,Net Banking
ORD-13936,2024-05-16,May,2024,Amanda Coleman,VIP,Consumer,East,Guam,Oklahoma,Holtmouth,Office Supplies,Binders,Attention,6,326.73,0.13,8.13,1705.53,116.04,0.07,Medium,Card
ORD-13937,2024-10-05,Oct,2024,Rhonda Jimenez,Returning,Corporate,East,Saint Helena,Massachusetts,Stewartfort,Furniture,Tables,Fine,8,150.6,0.22,20.33,939.74,181.29,0.19,Low,UPI
ORD-13938,2023-01-30,Jan,2023,Derrick Oconnell,New,Consumer,Central,Zimbabwe,Kentucky,Lake Kristinabury,Office Supplies,Paper,Only,8,738.77,0.18,34.83,4846.33,501.9,0.1,Medium,UPI
ORD-13939,2023-03-27,Mar,2023,Gary Evans,Returning,Consumer,Central,Montserrat,New Hampshire,South Christinemouth,Furniture,Chairs,Allow,4,483.59,0.23,7.8,1489.46,17.97,0.01,Medium,Cash
ORD-13940,2025-11-12,Nov,2025,Robin Lyons,New,Corporate,Central,Saint Pierre and Miquelon,North Carolina,Lake Tina,Office Supplies,Paper,Yes,7,758.52,0.23,25.4,4088.42,-359.28,-0.09,Low,Net Banking
ORD-13941,2024-07-14,Jul,2024,Jason Lee,New,Home Office,South,Bahrain,New Hampshire,Theresaville,Technology,Laptops,And,7,31.84,0.19,47.6,180.53,20.53,0.11,Medium,Net Banking
ORD-13942,2025-02-04,Feb,2025,Michelle Flores,VIP,Home Office,North,Zambia,Texas,South Jessicahaven,Technology,Laptops,Mission,7,567.68,0.0,31.06,3973.76,826.58,0.21,High,Net Banking
ORD-13943,2024-04-04,Apr,2024,Rodney Hill,Returning,Corporate,South,British Virgin Islands,Wyoming,South Benjaminchester,Office Supplies,Paper,Some,2,16.92,0.25,33.43,25.38,3.61,0.14,Low,Card
ORD-13944,2023-11-04,Nov,2023,Karen Joyce,New,Corporate,West,South Africa,Washington,New Christieview,Technology,Laptops,History,7,553.59,0.14,8.2,3332.61,322.76,0.1,Low,UPI
ORD-13945,2024-05-10,May,2024,Timothy Bowers,Returning,Consumer,North,French Polynesia,Utah,Loganbury,Office Supplies,Storage,Husband,5,12.47,0.15,43.72,53.0,13.93,0.26,Low,UPI
ORD-13946,2024-08-01,Aug,2024,Robin Morrow,VIP,Corporate,West,Luxembourg,South Dakota,Jeffreyton,Office Supplies,Storage,Rise,4,429.98,0.02,41.11,1685.52,222.9,0.13,Medium,Card
ORD-13947,2024-04-12,Apr,2024,Lori Mathis,New,Corporate,West,Hong Kong,Tennessee,Lake Bryanmouth,Technology,Phones,Either,2,748.0,0.2,19.42,1196.8,353.22,0.3,Critical,UPI
ORD-13948,2025-01-24,Jan,2025,Jennifer Hall,VIP,Corporate,North,Ukraine,North Dakota,South Joshua,Technology,Phones,Deal,3,243.16,0.06,7.35,685.71,184.19,0.27,Critical,UPI
ORD-13949,2023-05-11,May,2023,Brandon Cooley,VIP,Home Office,East,United Arab Emirates,North Dakota,Kirstenstad,Technology,Phones,Eight,10,124.33,0.2,19.8,994.64,-79.8,-0.08,Low,Cash
ORD-13950,2024-07-20,Jul,2024,Brian Hanson,Returning,Corporate,East,Macedonia,Illinois,Maureenport,Furniture,Tables,Or,4,227.41,0.2,42.97,727.71,162.45,0.22,Low,Card
ORD-13951,2023-05-17,May,2023,Samantha Wolf,Returning,Home Office,Central,Haiti,Colorado,Wilsonfurt,Technology,Phones,They,7,482.57,0.19,5.5,2736.17,667.28,0.24,High,Net Banking
ORD-13952,2025-06-30,Jun,2025,Monica Johnson,New,Corporate,South,Belarus,Maine,Jeremybury,Office Supplies,Binders,Response,9,638.49,0.17,20.3,4769.52,-292.46,-0.06,High,Net Banking
ORD-13953,2023-08-05,Aug,2023,John Moore,VIP,Corporate,North,Djibouti,Nebraska,East Pamela,Office Supplies,Paper,Great,3,509.41,0.18,27.47,1253.15,-104.55,-0.08,Low,Cash
ORD-13954,2024-12-31,Dec,2024,Charlotte Velasquez,New,Home Office,Central,Saint Kitts and Nevis,Montana,West Markfurt,Furniture,Bookcases,Sport,7,226.63,0.09,17.85,1443.63,189.24,0.13,Medium,Net Banking
ORD-13955,2023-01-08,Jan,2023,Jaime Davidson,VIP,Consumer,North,Reunion,Virginia,Palmerton,Furniture,Chairs,Toward,7,195.12,0.18,36.7,1119.99,307.74,0.27,Low,Card
ORD-13956,2025-07-01,Jul,2025,Sharon Cook,VIP,Home Office,Central,Iceland,Mississippi,Philipfurt,Furniture,Tables,It,2,330.58,0.15,13.55,561.99,-10.29,-0.02,High,Cash
ORD-13957,2024-12-19,Dec,2024,Claire Bailey,Returning,Consumer,West,Cayman Islands,Alaska,New Laurafort,Furniture,Tables,Night,6,443.72,0.06,16.15,2502.58,-34.24,-0.01,High,UPI
ORD-13958,2023-06-02,Jun,2023,Maria Delgado MD,Returning,Home Office,South,South Georgia and the South Sandwich Islands,Arkansas,East Cory,Technology,Phones,Positive,9,72.51,0.16,16.42,548.18,93.86,0.17,Low,UPI
ORD-13959,2024-05-16,May,2024,Peggy King,New,Home Office,West,Burkina Faso,Georgia,Amyside,Office Supplies,Storage,Wish,5,464.13,0.05,7.39,2204.62,441.93,0.2,Critical,Net Banking
ORD-13960,2025-08-22,Aug,2025,Eric Velasquez,New,Home Office,North,Fiji,Louisiana,West Robertview,Technology,Laptops,Risk,5,10.32,0.1,36.29,46.44,12.26,0.26,Critical,Cash
ORD-13961,2024-09-05,Sep,2024,Dennis Spencer,New,Corporate,North,Czech Republic,Nebraska,Alyssafurt,Office Supplies,Paper,Gas,9,168.83,0.2,31.74,1215.58,49.63,0.04,Medium,Card
ORD-13962,2024-10-21,Oct,2024,Thomas Watson,New,Consumer,South,Pakistan,Alaska,Thomasville,Technology,Phones,Discussion,4,755.52,0.05,12.92,2870.98,-141.77,-0.05,Critical,UPI
ORD-13963,2025-03-25,Mar,2025,Jason Bird,Returning,Consumer,Central,Aruba,Maine,South Laurashire,Technology,Laptops,At,5,545.38,0.02,27.19,2672.36,378.27,0.14,Low,Net Banking
ORD-13964,2024-03-01,Mar,2024,Savannah Garcia,VIP,Corporate,North,Faroe Islands,Kansas,New Justinfort,Office Supplies,Binders,View,7,746.09,0.07,39.73,4857.05,1152.88,0.24,Medium,Cash
ORD-13965,2025-06-26,Jun,2025,Gabriel Miller,VIP,Home Office,East,Jersey,Louisiana,Port Michael,Technology,Accessories,Describe,5,517.81,0.03,29.28,2511.38,464.28,0.18,Critical,UPI
ORD-13966,2024-04-23,Apr,2024,Wesley Burnett,New,Consumer,East,Gabon,Mississippi,Rubioland,Office Supplies,Paper,Behind,4,627.17,0.25,47.46,1881.51,-23.35,-0.01,High,Net Banking
ORD-13967,2025-05-16,May,2025,David Khan,Returning,Consumer,West,Vietnam,Iowa,New Kimberlyview,Technology,Laptops,Instead,1,49.97,0.18,22.7,40.98,5.97,0.15,Critical,UPI
ORD-13968,2023-07-30,Jul,2023,Patrick Rogers,New,Home Office,East,British Indian Ocean Territory (Chagos Archipelago),Kentucky,Dennisland,Furniture,Chairs,There,4,200.87,0.19,46.01,650.82,53.7,0.08,Low,Net Banking
ORD-13969,2025-08-09,Aug,2025,Alicia King,VIP,Consumer,North,Canada,Kentucky,West Lisastad,Furniture,Bookcases,Various,2,208.55,0.22,40.79,325.34,50.41,0.15,Medium,UPI
ORD-13970,2023-10-18,Oct,2023,Joseph Mendoza,New,Corporate,South,Niger,Illinois,North Bonnie,Furniture,Bookcases,Adult,9,129.55,0.15,16.88,991.06,178.1,0.18,Critical,Cash
ORD-13971,2025-09-25,Sep,2025,James Lopez,VIP,Home Office,Central,Grenada,Nebraska,West Nicole,Furniture,Chairs,Situation,6,220.11,0.25,5.79,990.5,-90.74,-0.09,Low,UPI
ORD-13972,2025-08-05,Aug,2025,Gregg Joseph,Returning,Home Office,West,Christmas Island,New York,Karenfurt,Office Supplies,Storage,Several,10,140.58,0.17,33.04,1166.81,87.79,0.08,Critical,UPI
ORD-13973,2023-07-13,Jul,2023,Tyler Hernandez,Returning,Home Office,West,San Marino,Arkansas,East Karentown,Office Supplies,Paper,Other,10,39.57,0.13,7.77,344.26,45.51,0.13,Critical,Net Banking
ORD-13974,2025-08-10,Aug,2025,Erin Moore,Returning,Consumer,East,Kuwait,Tennessee,Henrymouth,Technology,Accessories,Than,7,445.89,0.09,13.38,2840.32,523.15,0.18,Medium,Net Banking
ORD-13975,2025-05-23,May,2025,David Wilcox,Returning,Corporate,East,Kuwait,Texas,Lake David,Office Supplies,Storage,Rich,5,487.13,0.28,22.52,1753.67,-52.64,-0.03,High,Cash
ORD-13976,2023-02-20,Feb,2023,Chad Turner,New,Corporate,North,Hong Kong,California,New Patricia,Furniture,Bookcases,News,8,313.49,0.19,27.08,2031.42,237.35,0.12,Critical,Card
ORD-13977,2024-07-15,Jul,2024,Stephen Townsend,New,Home Office,Central,Malta,Mississippi,Lopezburgh,Furniture,Bookcases,Idea,1,253.99,0.11,22.5,226.05,58.03,0.26,Medium,UPI
ORD-13978,2024-02-27,Feb,2024,Abigail Howard,Returning,Consumer,Central,Aruba,Arkansas,West Michael,Furniture,Tables,Like,10,198.19,0.14,20.11,1704.43,-62.25,-0.04,Critical,Cash
ORD-13979,2025-11-15,Nov,2025,Elizabeth Taylor,New,Consumer,East,Nauru,Louisiana,Sandrafort,Office Supplies,Storage,Lead,1,361.64,0.27,33.03,264.0,22.92,0.09,Medium,Card
ORD-13980,2025-10-27,Oct,2025,Emily Carr,VIP,Home Office,West,Malawi,Minnesota,Gordonfurt,Technology,Phones,Evening,2,515.52,0.29,44.2,732.04,153.76,0.21,Medium,Net Banking
ORD-13981,2025-09-02,Sep,2025,Chad Williams,New,Consumer,South,Greenland,Minnesota,New Robynborough,Office Supplies,Storage,Easy,9,224.5,0.23,49.38,1555.79,131.32,0.08,High,Card
ORD-13982,2022-12-22,Dec,2022,Austin Payne,Returning,Consumer,Central,Guyana,Illinois,Mcdonaldhaven,Office Supplies,Storage,Above,7,486.87,0.26,9.75,2521.99,747.48,0.3,Low,UPI
ORD-13983,2024-06-25,Jun,2024,James Brown,VIP,Home Office,North,Cote d'Ivoire,Washington,Santosmouth,Office Supplies,Storage,General,10,57.24,0.14,39.79,492.26,140.47,0.29,Critical,Net Banking
ORD-13984,2023-11-05,Nov,2023,Christopher Wright,Returning,Corporate,West,Costa Rica,Maine,South David,Office Supplies,Storage,National,9,130.85,0.23,6.03,906.79,44.01,0.05,Medium,Cash
ORD-13985,2025-08-03,Aug,2025,Scott Williams,New,Consumer,West,Guam,Hawaii,New Elizabethfurt,Office Supplies,Storage,Later,6,124.83,0.24,16.26,569.22,-19.37,-0.03,Low,Net Banking
ORD-13986,2024-05-10,May,2024,Stacy Russo,VIP,Home Office,West,Eritrea,Florida,South Russellburgh,Technology,Phones,Young,2,650.24,0.01,24.46,1287.48,87.55,0.07,Critical,Card
ORD-13987,2023-01-30,Jan,2023,Kathryn Whitney,New,Home Office,Central,Malaysia,Nebraska,Lake Tammyburgh,Office Supplies,Paper,Tv,3,628.08,0.18,33.87,1545.08,426.77,0.28,High,Cash
ORD-13988,2024-04-11,Apr,2024,Valerie Johnson,Returning,Corporate,Central,Argentina,Idaho,Juanborough,Furniture,Tables,However,3,84.06,0.1,32.91,226.96,35.21,0.16,Medium,UPI
ORD-13989,2024-08-20,Aug,2024,Jessica Davis,Returning,Home Office,West,Niger,Pennsylvania,East Christinaview,Technology,Accessories,Accept,10,268.2,0.18,22.1,2199.24,-118.96,-0.05,High,Net Banking
ORD-13990,2023-07-04,Jul,2023,Michelle Le,VIP,Corporate,Central,Swaziland,South Dakota,Port Charlotteport,Office Supplies,Binders,Current,6,760.96,0.09,44.26,4154.84,365.65,0.09,Low,Cash
ORD-13991,2025-05-08,May,2025,Kelly Landry,VIP,Corporate,Central,United Arab Emirates,South Carolina,South Adriantown,Furniture,Tables,Certainly,7,529.84,0.17,5.6,3078.37,186.7,0.06,Medium,Net Banking
ORD-13992,2023-12-23,Dec,2023,Danielle Williams,VIP,Corporate,East,Vietnam,Illinois,Fisherstad,Furniture,Tables,Trade,8,651.72,0.09,15.41,4744.52,-415.9,-0.09,High,Card
ORD-13993,2025-08-10,Aug,2025,Ana Arellano,VIP,Home Office,South,Slovakia (Slovak Republic),Delaware,Juliemouth,Office Supplies,Storage,Senior,3,188.81,0.26,19.23,419.16,-3.47,-0.01,Low,Net Banking
ORD-13994,2025-06-30,Jun,2025,Michelle Mccoy,Returning,Corporate,West,Lithuania,Connecticut,West Kevinville,Furniture,Chairs,Common,9,573.37,0.12,46.86,4541.09,-109.27,-0.02,Low,Card
ORD-13995,2025-07-19,Jul,2025,Brooke Simpson,VIP,Corporate,North,Korea,Florida,Port Kevin,Technology,Accessories,Section,5,224.55,0.19,5.1,909.43,128.26,0.14,Medium,UPI
ORD-13996,2023-09-04,Sep,2023,Mrs. Nicole Mcconnell,VIP,Consumer,North,Bhutan,Iowa,South Shawn,Office Supplies,Binders,Few,6,643.87,0.04,13.62,3708.69,1026.41,0.28,Medium,Card
ORD-13997,2025-10-20,Oct,2025,Tina Walker,VIP,Consumer,Central,Cambodia,Nebraska,East Jeff,Office Supplies,Paper,Skill,7,278.38,0.05,33.87,1851.23,482.04,0.26,High,Cash
ORD-13998,2023-06-07,Jun,2023,Kenneth Herrera,Returning,Home Office,West,Malta,Alabama,North Melissa,Furniture,Tables,Growth,9,40.5,0.21,8.22,287.96,53.5,0.19,Medium,Cash
ORD-13999,2023-06-27,Jun,2023,Brittany Carroll,VIP,Home Office,Central,United States of America,Montana,Port Kent,Office Supplies,Binders,Require,4,771.29,0.21,5.18,2437.28,470.12,0.19,Medium,Net Banking
ORD-14000,2025-06-13,Jun,2025,Robert Smith,New,Corporate,West,Botswana,Michigan,Port Kelly,Furniture,Chairs,Onto,10,230.78,0.06,35.32,2169.33,189.93,0.09,High,Card
ORD-14001,2024-07-17,Jul,2024,Bradley Fowler,Returning,Home Office,East,Togo,Louisiana,Austinmouth,Furniture,Tables,We,10,795.48,0.11,39.76,7079.77,-661.44,-0.09,Medium,Cash
ORD-14002,2025-11-13,Nov,2025,Rachel Harris,Returning,Consumer,East,Liberia,Mississippi,Jordanburgh,Furniture,Bookcases,Cause,4,187.45,0.03,14.32,727.31,206.03,0.28,Low,UPI
ORD-14003,2024-05-10,May,2024,Colin King,Returning,Corporate,North,Saint Pierre and Miquelon,Vermont,Williamsshire,Furniture,Bookcases,Concern,6,777.38,0.02,23.17,4570.99,-298.23,-0.07,Medium,UPI
ORD-14004,2023-02-08,Feb,2023,Michelle Gutierrez,Returning,Consumer,East,British Virgin Islands,Tennessee,New Tina,Furniture,Bookcases,Attack,1,436.29,0.29,6.04,309.77,68.05,0.22,Medium,UPI
ORD-14005,2023-07-16,Jul,2023,Robin Keller,VIP,Home Office,East,Argentina,Louisiana,North Phillip,Furniture,Bookcases,Although,6,180.92,0.1,19.55,976.97,22.2,0.02,High,Cash
ORD-14006,2023-11-09,Nov,2023,Katherine Nichols,VIP,Home Office,West,Lebanon,Virginia,West Matthewstad,Office Supplies,Paper,Performance,4,764.27,0.28,18.73,2201.1,-15.3,-0.01,Critical,Cash
ORD-14007,2024-11-14,Nov,2024,Kevin Ware,Returning,Home Office,East,Chad,Washington,New David,Furniture,Tables,Full,4,100.13,0.02,7.89,392.51,27.55,0.07,Critical,Card
ORD-14008,2023-05-16,May,2023,Kimberly Turner,VIP,Consumer,West,Algeria,Iowa,South Normanchester,Furniture,Chairs,Stage,7,515.61,0.1,31.43,3248.34,150.92,0.05,Low,Cash
ORD-14009,2025-02-23,Feb,2025,Edward Moore,VIP,Consumer,West,Pakistan,Kansas,Michaelview,Technology,Phones,Be,9,591.83,0.14,12.25,4580.76,-410.99,-0.09,Low,Net Banking
ORD-14010,2023-11-07,Nov,2023,Janet Anderson,Returning,Consumer,South,Lao People's Democratic Republic,Idaho,Lopezmouth,Furniture,Chairs,Recently,2,755.41,0.06,8.11,1420.17,43.31,0.03,Low,Card
ORD-14011,2023-03-22,Mar,2023,John Johnson,Returning,Consumer,West,Gibraltar,New Jersey,Russellborough,Furniture,Tables,May,1,30.14,0.13,12.29,26.22,-2.57,-0.1,Critical,Cash
ORD-14012,2023-11-17,Nov,2023,Laura Wilson,New,Consumer,North,Jersey,Nevada,Port Michaelburgh,Technology,Accessories,Only,2,280.01,0.26,24.77,414.41,12.27,0.03,High,Net Banking
ORD-14013,2023-12-17,Dec,2023,Victoria Hayes,Returning,Home Office,West,Chad,South Dakota,Brooksside,Furniture,Tables,And,2,133.79,0.07,39.46,248.85,42.45,0.17,High,UPI
ORD-14014,2024-01-13,Jan,2024,Maria Adams,Returning,Corporate,Central,French Southern Territories,Rhode Island,South Thomas,Office Supplies,Binders,Little,8,514.95,0.11,7.68,3666.44,-302.8,-0.08,High,Card
ORD-14015,2023-03-21,Mar,2023,Joshua Carter,Returning,Home Office,East,Reunion,Utah,Fischerside,Office Supplies,Binders,Society,2,475.83,0.16,13.43,799.39,125.78,0.16,Medium,UPI
ORD-14016,2023-03-27,Mar,2023,Felicia Key,New,Consumer,South,Sudan,Minnesota,Lake Megantown,Furniture,Bookcases,Culture,5,322.22,0.18,14.54,1321.1,140.85,0.11,High,UPI
ORD-14017,2023-03-17,Mar,2023,Leah Stafford,VIP,Consumer,West,Seychelles,Wisconsin,Woodsshire,Furniture,Bookcases,Respond,6,407.03,0.02,34.42,2393.34,-189.13,-0.08,Critical,Card
ORD-14018,2023-05-05,May,2023,Dr. Richard Patterson MD,New,Home Office,Central,Lebanon,Kentucky,Graveshaven,Technology,Phones,Answer,9,261.7,0.02,17.03,2308.19,-145.75,-0.06,Critical,Card
ORD-14019,2023-05-18,May,2023,Ronald Colon,Returning,Home Office,South,Lithuania,Rhode Island,Nguyenmouth,Technology,Phones,Reality,1,511.24,0.2,33.02,408.99,1.9,0.0,High,Net Banking
ORD-14020,2023-02-10,Feb,2023,David Warner,VIP,Consumer,Central,Palau,New Mexico,Anthonyfort,Technology,Accessories,Baby,4,615.81,0.11,47.42,2192.28,600.85,0.27,Low,Net Banking
ORD-14021,2023-12-23,Dec,2023,Gail Hicks,VIP,Consumer,North,Nicaragua,Connecticut,Lisaport,Technology,Accessories,Understand,3,578.12,0.21,43.76,1370.14,-45.62,-0.03,Medium,Cash
ORD-14022,2023-10-26,Oct,2023,Cynthia Macdonald,Returning,Corporate,East,Angola,Tennessee,West Julieport,Office Supplies,Storage,Edge,7,59.78,0.11,7.46,372.43,87.27,0.23,Low,Net Banking
ORD-14023,2025-05-22,May,2025,Steven Schroeder,Returning,Home Office,West,Bosnia and Herzegovina,New Jersey,Mooreberg,Technology,Accessories,Best,7,780.39,0.28,24.07,3933.17,749.06,0.19,Low,Cash
ORD-14024,2024-01-17,Jan,2024,Nathan Jordan,Returning,Home Office,South,Pitcairn Islands,Oregon,New Thomaston,Technology,Accessories,Authority,10,219.45,0.11,18.73,1953.11,356.11,0.18,Low,Net Banking
ORD-14025,2025-03-07,Mar,2025,Barbara Clay,Returning,Consumer,West,Benin,Alaska,South Kimberlybury,Technology,Laptops,See,4,383.01,0.09,9.33,1394.16,-39.52,-0.03,Low,Cash
ORD-14026,2025-02-16,Feb,2025,John Barton,Returning,Consumer,East,Slovenia,Massachusetts,Oscarstad,Furniture,Chairs,Home,5,545.99,0.2,46.86,2183.96,238.22,0.11,Medium,Net Banking
ORD-14027,2025-07-10,Jul,2025,Amy Walker,Returning,Home Office,West,Tajikistan,North Dakota,Nelsonview,Technology,Laptops,Close,1,501.75,0.15,40.8,426.49,59.93,0.14,Critical,Cash
ORD-14028,2023-03-04,Mar,2023,Daniel Dalton,New,Home Office,Central,Yemen,Kentucky,South Paul,Office Supplies,Paper,Condition,8,657.17,0.11,10.67,4679.05,-141.65,-0.03,High,UPI
ORD-14029,2024-01-20,Jan,2024,Kenneth Robertson,Returning,Home Office,West,United States of America,Oklahoma,Leonardfort,Furniture,Tables,Our,2,665.26,0.08,44.33,1224.08,-62.99,-0.05,Critical,Net Banking
ORD-14030,2024-07-24,Jul,2024,Elizabeth King,New,Home Office,North,Eritrea,Minnesota,Paulton,Technology,Laptops,Wall,1,160.32,0.21,40.02,126.65,19.45,0.15,High,Card
ORD-14031,2023-08-22,Aug,2023,Danielle Lopez,Returning,Home Office,East,Congo,Pennsylvania,Hallland,Technology,Laptops,Degree,1,698.31,0.21,30.95,551.66,51.89,0.09,High,Net Banking
ORD-14032,2023-03-04,Mar,2023,John Nguyen,VIP,Corporate,North,Tunisia,Minnesota,Johnborough,Office Supplies,Paper,Laugh,1,157.59,0.03,14.13,152.86,38.85,0.25,Critical,Cash
ORD-14033,2023-03-17,Mar,2023,Mark Gaines,New,Corporate,Central,Macedonia,Montana,North Kathleenfurt,Furniture,Chairs,Picture,9,547.52,0.04,47.07,4730.57,731.53,0.15,Medium,Card
ORD-14034,2023-06-10,Jun,2023,Robert Edwards DVM,New,Home Office,North,Lao People's Democratic Republic,Vermont,South Stevenmouth,Office Supplies,Storage,Big,10,230.29,0.06,39.76,2164.73,332.71,0.15,Critical,Net Banking
ORD-14035,2024-09-26,Sep,2024,David Thomas,New,Consumer,North,Saint Kitts and Nevis,Arkansas,Riggshaven,Furniture,Bookcases,Push,1,696.76,0.04,23.13,668.89,164.74,0.25,Critical,Card
ORD-14036,2024-09-04,Sep,2024,Michael Miller,Returning,Corporate,North,Cote d'Ivoire,South Carolina,Sherihaven,Office Supplies,Paper,Reason,5,48.38,0.01,6.87,239.48,12.85,0.05,Critical,Cash
ORD-14037,2025-07-18,Jul,2025,Michael Chavez,VIP,Home Office,North,India,West Virginia,New Kristina,Technology,Accessories,Have,6,58.15,0.3,26.64,244.23,-5.92,-0.02,Critical,Cash
ORD-14038,2025-05-01,May,2025,Danielle Coleman,VIP,Home Office,South,Mozambique,Iowa,Wardbury,Office Supplies,Paper,Pass,8,637.03,0.25,26.58,3822.18,239.82,0.06,Low,Net Banking
ORD-14039,2024-11-09,Nov,2024,Anita Gentry,VIP,Corporate,North,India,Colorado,Port Dianastad,Technology,Accessories,Politics,6,534.95,0.2,42.18,2567.76,-101.68,-0.04,Low,Cash
ORD-14040,2023-03-21,Mar,2023,Mary Solis,New,Consumer,East,Russian Federation,Montana,North Andrew,Office Supplies,Storage,Process,9,489.02,0.17,16.73,3652.98,533.85,0.15,Critical,Cash
ORD-14041,2024-02-08,Feb,2024,Elizabeth Rose,VIP,Home Office,South,Hong Kong,New Hampshire,Lake Megan,Furniture,Chairs,News,10,331.81,0.13,34.15,2886.75,745.43,0.26,Low,Card
ORD-14042,2023-10-27,Oct,2023,Lisa Stanley,VIP,Home Office,East,Albania,Kansas,Williestad,Furniture,Bookcases,Main,9,341.09,0.23,7.06,2363.75,657.22,0.28,High,Net Banking
ORD-14043,2025-09-25,Sep,2025,Laura Khan,New,Home Office,West,Equatorial Guinea,Pennsylvania,Watkinsfurt,Technology,Laptops,Trade,8,149.76,0.21,32.62,946.48,-0.35,0.0,Critical,Net Banking
ORD-14044,2024-07-14,Jul,2024,Jennifer Rodriguez,New,Home Office,South,Saint Kitts and Nevis,Hawaii,East Rebeccastad,Office Supplies,Binders,Fly,3,364.19,0.06,45.98,1027.02,268.69,0.26,Medium,Cash
ORD-14045,2023-02-25,Feb,2023,James Lara,Returning,Corporate,South,Faroe Islands,Maine,Joechester,Technology,Phones,System,6,197.23,0.25,45.35,887.53,166.27,0.19,Critical,Net Banking
ORD-14046,2024-07-02,Jul,2024,Dr. Caitlin Robinson,New,Home Office,North,Mali,Alabama,North Michaelborough,Office Supplies,Paper,Tonight,9,266.64,0.26,46.43,1775.82,261.7,0.15,Medium,Cash
ORD-14047,2024-10-07,Oct,2024,Herbert Cross,VIP,Corporate,West,Christmas Island,North Carolina,East Jasonchester,Furniture,Chairs,Crime,3,358.06,0.3,16.03,751.93,153.53,0.2,High,Card
ORD-14048,2024-04-18,Apr,2024,Lori Green,VIP,Consumer,East,Comoros,Wisconsin,West Michaelview,Furniture,Tables,Myself,10,168.99,0.26,16.71,1250.53,-97.28,-0.08,Medium,UPI
ORD-14049,2025-08-14,Aug,2025,Suzanne Nelson,New,Consumer,South,Sao Tome and Principe,Minnesota,Ramireztown,Furniture,Bookcases,Idea,2,708.09,0.22,28.92,1104.62,158.92,0.14,Low,Card
ORD-14050,2025-11-18,Nov,2025,Jesse Morgan,Returning,Corporate,West,Slovakia (Slovak Republic),Michigan,West Williamfurt,Office Supplies,Binders,North,3,569.04,0.02,24.71,1672.98,199.39,0.12,High,UPI
ORD-14051,2023-02-22,Feb,2023,Walter Costa,Returning,Consumer,West,India,Hawaii,New Maurice,Furniture,Tables,Though,5,22.57,0.14,24.73,97.05,25.89,0.27,Low,Cash
ORD-14052,2024-08-15,Aug,2024,Kaylee Park,VIP,Consumer,West,China,Alabama,South Ryanberg,Furniture,Chairs,Eight,2,532.57,0.25,46.67,798.86,-22.56,-0.03,Critical,UPI
ORD-14053,2022-12-10,Dec,2022,Carolyn Valenzuela,New,Corporate,East,Niue,Wyoming,Smithport,Technology,Accessories,Responsibility,9,604.35,0.24,19.35,4133.75,1001.92,0.24,Low,Net Banking
ORD-14054,2025-03-23,Mar,2025,Brandon Garcia,VIP,Corporate,North,Morocco,Michigan,Port Arthurview,Office Supplies,Binders,Maintain,10,680.62,0.06,41.43,6397.83,-478.2,-0.07,Low,UPI
ORD-14055,2023-12-03,Dec,2023,Teresa Taylor,New,Corporate,North,Barbados,Iowa,North Olivia,Furniture,Chairs,Court,1,387.78,0.23,20.62,298.59,86.3,0.29,Critical,Cash
ORD-14056,2023-09-17,Sep,2023,Joe White,New,Home Office,Central,Norfolk Island,Rhode Island,New Joel,Furniture,Chairs,Result,10,268.58,0.25,11.92,2014.35,558.99,0.28,Medium,UPI
ORD-14057,2023-05-09,May,2023,Larry Peterson,Returning,Home Office,South,Mayotte,North Dakota,Lake Paul,Office Supplies,Binders,Full,2,231.29,0.2,5.95,370.06,15.22,0.04,Critical,Cash
ORD-14058,2023-09-10,Sep,2023,Patricia Hull,New,Corporate,South,Czech Republic,West Virginia,Cranechester,Office Supplies,Binders,Today,5,725.45,0.06,34.82,3409.61,606.38,0.18,Critical,Card
ORD-14059,2023-07-08,Jul,2023,Michelle Lopez,VIP,Home Office,West,Rwanda,Nevada,South Jeremiah,Technology,Laptops,Win,1,107.44,0.18,31.35,88.1,11.98,0.14,High,UPI
ORD-14060,2023-10-21,Oct,2023,Mackenzie Rowe,New,Home Office,Central,Comoros,Missouri,Lake Valeriemouth,Furniture,Tables,Nearly,2,587.32,0.13,21.09,1021.94,51.67,0.05,Critical,Cash
ORD-14061,2024-05-29,May,2024,William Rios,New,Corporate,Central,Jersey,Nevada,South Amyside,Office Supplies,Paper,Continue,4,654.39,0.27,17.2,1910.82,450.57,0.24,High,Net Banking
ORD-14062,2024-01-16,Jan,2024,Maureen Neal,VIP,Consumer,West,El Salvador,Colorado,Murrayside,Office Supplies,Storage,Prove,8,717.83,0.27,49.4,4192.13,573.8,0.14,Low,UPI
ORD-14063,2024-11-15,Nov,2024,Carl Stone,Returning,Corporate,East,Guadeloupe,Indiana,Port Carlafort,Furniture,Tables,Process,9,197.95,0.03,7.32,1728.1,16.19,0.01,Critical,Card
ORD-14064,2024-05-19,May,2024,Michelle Ward,Returning,Corporate,East,Northern Mariana Islands,Maine,Simsburgh,Furniture,Chairs,Country,10,311.47,0.21,23.84,2460.61,-116.3,-0.05,Medium,Cash
ORD-14065,2025-03-24,Mar,2025,Nicole Wilkins,Returning,Consumer,East,Mayotte,Oklahoma,Heatherland,Office Supplies,Binders,Significant,7,147.35,0.23,41.63,794.22,145.94,0.18,Critical,Cash
ORD-14066,2024-07-14,Jul,2024,Nicholas Sanchez,New,Home Office,Central,Argentina,Pennsylvania,West Joseph,Office Supplies,Binders,True,9,332.81,0.28,32.17,2156.61,35.8,0.02,Medium,UPI
ORD-14067,2025-07-04,Jul,2025,Ashley Lee,VIP,Home Office,West,Suriname,Illinois,Karenville,Furniture,Tables,Security,4,166.72,0.05,34.34,633.54,19.55,0.03,High,Cash
ORD-14068,2024-06-14,Jun,2024,Charles Hall,Returning,Consumer,North,Micronesia,Missouri,Lake Stevenshire,Technology,Laptops,Within,2,538.57,0.07,38.45,1001.74,60.24,0.06,High,Cash
ORD-14069,2023-01-13,Jan,2023,Bradley King,VIP,Corporate,West,Congo,Kentucky,Port Rogerfurt,Furniture,Chairs,Fire,4,722.19,0.08,10.3,2657.66,663.14,0.25,High,UPI
ORD-14070,2024-02-15,Feb,2024,Kelsey Thompson,Returning,Consumer,South,Yemen,California,Port David,Technology,Phones,Direction,6,686.94,0.01,21.37,4080.42,738.32,0.18,High,Cash
ORD-14071,2024-01-16,Jan,2024,Jeremy Crawford,Returning,Consumer,North,Mongolia,Florida,South Todd,Office Supplies,Storage,Garden,2,762.11,0.18,39.8,1249.86,15.98,0.01,Medium,Cash
ORD-14072,2023-09-16,Sep,2023,Derrick Carson MD,Returning,Home Office,East,Cambodia,Alaska,Elijahfurt,Furniture,Chairs,Ever,5,456.6,0.03,44.41,2214.51,248.82,0.11,Critical,Card
ORD-14073,2024-01-30,Jan,2024,Brian Adkins,VIP,Consumer,North,Nicaragua,Maine,East Tracy,Office Supplies,Paper,Country,4,236.87,0.02,45.88,928.53,221.15,0.24,Low,Net Banking
ORD-14074,2025-07-06,Jul,2025,Dorothy Harrison,Returning,Corporate,East,Kiribati,Alabama,Kathleenmouth,Technology,Laptops,Not,10,479.67,0.08,43.42,4412.96,987.89,0.22,Medium,UPI
ORD-14075,2025-03-17,Mar,2025,Micheal Rojas,VIP,Consumer,South,Monaco,Vermont,Michaelstad,Technology,Accessories,College,6,132.13,0.06,22.1,745.21,3.89,0.01,Low,UPI
ORD-14076,2024-04-07,Apr,2024,Lisa Peterson,VIP,Consumer,South,Vietnam,Minnesota,Snyderstad,Technology,Accessories,That,5,434.65,0.28,14.34,1564.74,428.54,0.27,Medium,Cash
ORD-14077,2025-06-12,Jun,2025,Samuel Calhoun,New,Consumer,South,Denmark,Vermont,Delacruzview,Office Supplies,Storage,Computer,4,721.34,0.27,23.2,2106.31,455.38,0.22,Low,Net Banking
ORD-14078,2023-06-01,Jun,2023,Roger Arias,Returning,Corporate,South,Sudan,Minnesota,Dianastad,Office Supplies,Paper,Rule,6,681.0,0.24,34.01,3105.36,510.05,0.16,Low,Net Banking
ORD-14079,2023-11-04,Nov,2023,Emily Mercado,New,Home Office,East,Estonia,Delaware,Thomasburgh,Technology,Accessories,Everybody,2,233.19,0.12,49.6,410.41,-2.95,-0.01,Medium,Net Banking
ORD-14080,2025-07-06,Jul,2025,Timothy Porter,New,Home Office,Central,Reunion,California,North Laurie,Office Supplies,Paper,Firm,7,732.55,0.07,37.3,4768.9,458.73,0.1,Medium,Card
ORD-14081,2023-03-24,Mar,2023,Zachary Cordova,New,Corporate,Central,Brazil,Nebraska,Washingtonton,Furniture,Chairs,Often,9,671.25,0.23,8.43,4651.76,-178.19,-0.04,High,Net Banking
ORD-14082,2024-02-16,Feb,2024,Gail Choi,Returning,Corporate,Central,Anguilla,Washington,East Jonathan,Office Supplies,Storage,Discuss,3,300.98,0.18,33.82,740.41,47.68,0.06,Critical,Card
ORD-14083,2025-06-17,Jun,2025,Luke Murray,New,Home Office,South,India,Massachusetts,Hansonland,Office Supplies,Storage,Sure,7,178.19,0.03,40.56,1209.91,15.08,0.01,Medium,Net Banking
ORD-14084,2024-06-04,Jun,2024,Christine Hampton,New,Consumer,East,Uzbekistan,Pennsylvania,Kristenton,Furniture,Bookcases,Crime,2,27.66,0.16,20.76,46.47,2.91,0.06,Low,Cash
ORD-14085,2024-05-19,May,2024,Madison Cooper,Returning,Corporate,West,Tokelau,Ohio,West Mariefurt,Furniture,Bookcases,Large,4,566.92,0.2,30.95,1814.14,125.47,0.07,Critical,UPI
ORD-14086,2023-09-28,Sep,2023,Alan Saunders,Returning,Corporate,East,Kuwait,Wyoming,Jessetown,Furniture,Tables,Enjoy,2,479.4,0.27,36.78,699.92,178.3,0.25,Low,Net Banking
ORD-14087,2023-11-26,Nov,2023,Alan Gilmore,Returning,Consumer,East,Hong Kong,Hawaii,Harriston,Technology,Laptops,Should,1,209.17,0.09,45.97,190.34,12.35,0.06,Low,Cash
ORD-14088,2024-05-26,May,2024,Kathy Clark,New,Corporate,East,American Samoa,Nevada,South Amandamouth,Office Supplies,Binders,Enjoy,3,244.43,0.17,29.64,608.63,91.67,0.15,Critical,Cash
ORD-14089,2023-11-23,Nov,2023,Eric Ewing,Returning,Home Office,Central,Indonesia,Tennessee,Hartmanland,Furniture,Tables,Above,4,750.07,0.03,33.12,2910.27,768.88,0.26,Medium,UPI
ORD-14090,2025-05-16,May,2025,Jacqueline Rogers,Returning,Consumer,West,Wallis and Futuna,Louisiana,New Lindseychester,Furniture,Tables,Issue,5,238.81,0.04,38.01,1146.29,265.89,0.23,Low,Cash
ORD-14091,2023-02-10,Feb,2023,James Reyes,New,Corporate,East,Belarus,Hawaii,South Emmahaven,Technology,Phones,Around,4,671.65,0.14,37.75,2310.48,440.37,0.19,Critical,Card
ORD-14092,2024-08-25,Aug,2024,Sherry Warren,VIP,Consumer,Central,Ireland,Kansas,Port Stephanieborough,Technology,Laptops,About,8,370.59,0.25,21.47,2223.54,416.56,0.19,High,Card
ORD-14093,2024-09-09,Sep,2024,Christopher Perkins,New,Home Office,South,Antarctica (the territory South of 60 deg S),Hawaii,Lake Allisonstad,Furniture,Chairs,Language,9,214.09,0.15,6.55,1637.79,402.8,0.25,Medium,Card
ORD-14094,2025-08-31,Aug,2025,Michelle Blanchard,Returning,Home Office,East,Argentina,Tennessee,Lewistown,Office Supplies,Binders,Cover,3,593.34,0.23,37.33,1370.62,10.73,0.01,Medium,Net Banking
ORD-14095,2025-07-27,Jul,2025,Joseph Hernandez,VIP,Consumer,North,Liberia,North Carolina,Hendricksmouth,Furniture,Bookcases,Nor,4,785.47,0.09,40.15,2859.11,151.83,0.05,Critical,Cash
ORD-14096,2024-10-26,Oct,2024,Jennifer Rodriguez,VIP,Consumer,North,Northern Mariana Islands,Alabama,West Toddton,Office Supplies,Binders,Alone,10,13.4,0.09,15.06,121.94,-9.85,-0.08,Low,Card
ORD-14097,2024-01-03,Jan,2024,John Murphy,Returning,Consumer,Central,Cocos (Keeling) Islands,Louisiana,Davidmouth,Office Supplies,Paper,Call,7,222.64,0.06,24.81,1464.97,351.66,0.24,Medium,Card
ORD-14098,2025-08-29,Aug,2025,Jack Reed,VIP,Home Office,North,Antarctica (the territory South of 60 deg S),North Carolina,North Jonathantown,Technology,Accessories,Ago,7,105.36,0.05,33.03,700.64,75.92,0.11,Critical,Card
ORD-14099,2023-09-10,Sep,2023,Thomas Davis,Returning,Consumer,North,Togo,Idaho,Drakeshire,Technology,Phones,First,3,574.09,0.23,6.37,1326.15,308.41,0.23,Medium,Card
ORD-14100,2023-08-23,Aug,2023,Dr. Renee Allen,New,Corporate,Central,Nepal,Maine,South Mark,Furniture,Tables,Policy,7,772.34,0.28,30.29,3892.59,246.7,0.06,Low,Cash
ORD-14101,2024-11-20,Nov,2024,Whitney Hernandez,VIP,Corporate,West,Eritrea,Connecticut,New Johnmouth,Furniture,Bookcases,Hear,8,783.43,0.02,31.31,6142.09,1196.73,0.19,High,Card
ORD-14102,2024-09-21,Sep,2024,Joshua Ryan,VIP,Consumer,West,Cyprus,Rhode Island,Port James,Technology,Laptops,Foreign,1,587.66,0.04,38.42,564.15,121.23,0.21,High,UPI
ORD-14103,2024-07-05,Jul,2024,Andrew Moore,Returning,Consumer,North,Kiribati,Oregon,Collinsberg,Furniture,Bookcases,Executive,6,467.76,0.1,18.31,2525.9,-134.16,-0.05,Medium,Cash
ORD-14104,2023-01-13,Jan,2023,Sara Marquez,New,Corporate,North,Japan,Nevada,Lake Dennisport,Technology,Laptops,North,4,404.66,0.26,30.08,1197.79,347.57,0.29,High,Net Banking
ORD-14105,2024-01-11,Jan,2024,John Thomas,Returning,Consumer,South,Korea,Illinois,North Cheryl,Furniture,Bookcases,Particularly,10,118.26,0.19,43.52,957.91,111.29,0.12,Low,Net Banking
ORD-14106,2023-09-20,Sep,2023,Robert Bishop,New,Corporate,Central,Costa Rica,Louisiana,Tannertown,Furniture,Bookcases,Edge,1,506.98,0.04,15.53,486.7,100.7,0.21,Low,UPI
ORD-14107,2023-02-14,Feb,2023,Aaron Clark,VIP,Home Office,Central,Latvia,Georgia,South Joseph,Furniture,Bookcases,Inside,7,361.16,0.18,32.33,2073.06,-174.55,-0.08,High,UPI
ORD-14108,2025-02-07,Feb,2025,Jessica Sherman,Returning,Home Office,West,Central African Republic,North Dakota,North Donna,Technology,Accessories,Speech,7,38.51,0.14,20.88,231.83,-15.91,-0.07,Critical,Cash
ORD-14109,2023-09-24,Sep,2023,Tiffany Williams,Returning,Home Office,East,Holy See (Vatican City State),Oregon,Parkerton,Office Supplies,Storage,Hope,1,633.17,0.22,37.01,493.87,-5.3,-0.01,Low,UPI
ORD-14110,2023-08-19,Aug,2023,Robert Allen,New,Consumer,South,Bulgaria,Nevada,South Ian,Office Supplies,Storage,She,5,40.28,0.3,5.57,140.98,-13.15,-0.09,Medium,UPI
ORD-14111,2024-11-16,Nov,2024,Jacqueline Gallagher,VIP,Home Office,West,Guinea,Pennsylvania,East Cynthia,Technology,Laptops,Option,10,723.77,0.04,43.63,6948.19,-498.85,-0.07,Critical,Cash
ORD-14112,2024-08-18,Aug,2024,Mr. Brandon Meyer MD,VIP,Consumer,East,Mauritania,Colorado,New Lisaport,Technology,Laptops,Return,6,476.21,0.22,13.96,2228.66,345.15,0.15,Low,Card
ORD-14113,2023-09-23,Sep,2023,Jeffrey Schwartz,VIP,Corporate,East,Saint Barthelemy,Idaho,New Bradleyborough,Furniture,Tables,Sit,4,386.03,0.04,22.97,1482.36,-40.91,-0.03,High,Card
ORD-14114,2024-01-23,Jan,2024,Michael Price,Returning,Corporate,Central,Guernsey,Connecticut,Port Julian,Office Supplies,Binders,Push,8,770.91,0.23,37.93,4748.81,862.3,0.18,Critical,Card
ORD-14115,2023-06-09,Jun,2023,Miss Alicia Brown MD,VIP,Home Office,South,Chile,Illinois,Port Jonathanchester,Technology,Phones,Will,3,450.77,0.07,7.67,1257.65,-73.1,-0.06,High,UPI
ORD-14116,2023-05-04,May,2023,Larry Ritter,VIP,Home Office,North,Pakistan,Iowa,East Todd,Furniture,Bookcases,Analysis,5,701.92,0.1,26.0,3158.64,618.63,0.2,High,UPI
ORD-14117,2023-06-06,Jun,2023,Amy Pruitt,VIP,Home Office,South,Sudan,Maine,Walkerside,Furniture,Tables,Thought,5,650.27,0.05,39.77,3088.78,693.37,0.22,Low,UPI
ORD-14118,2025-02-28,Feb,2025,Jacqueline Banks,New,Home Office,West,Zimbabwe,Maryland,North Christian,Technology,Laptops,Sure,2,500.59,0.2,20.49,800.94,27.29,0.03,Low,Card
ORD-14119,2024-08-03,Aug,2024,Leslie Sanchez,New,Home Office,West,New Caledonia,Alabama,Meltonmouth,Technology,Phones,Them,8,560.22,0.03,39.89,4347.31,1180.59,0.27,Critical,UPI
ORD-14120,2023-11-07,Nov,2023,Stephanie Stewart,VIP,Consumer,South,Greenland,Utah,Port Michaelfurt,Technology,Phones,Four,8,759.75,0.0,15.57,6078.0,-370.68,-0.06,Medium,Card
ORD-14121,2025-01-12,Jan,2025,Julie Rodriguez,VIP,Corporate,West,Western Sahara,Utah,New Sharonside,Furniture,Chairs,Life,6,361.97,0.03,31.71,2106.67,337.68,0.16,Low,Card
ORD-14122,2025-08-15,Aug,2025,Leonard Nunez,VIP,Corporate,East,Saint Barthelemy,Oklahoma,Mayoborough,Office Supplies,Binders,Improve,5,595.02,0.1,45.39,2677.59,110.14,0.04,Low,Net Banking
ORD-14123,2023-06-22,Jun,2023,Gerald Rivera,New,Home Office,South,Russian Federation,Alaska,Hamiltonview,Office Supplies,Storage,Practice,6,687.64,0.23,29.91,3176.9,796.97,0.25,Low,Card
ORD-14124,2025-11-08,Nov,2025,Dustin Johnson,VIP,Home Office,West,Iceland,Alabama,New Jason,Technology,Laptops,Risk,10,564.9,0.08,15.55,5197.08,-93.23,-0.02,Low,Net Banking
ORD-14125,2024-01-13,Jan,2024,Elaine Herring,VIP,Consumer,Central,Afghanistan,New Mexico,Cookstad,Technology,Accessories,Cultural,3,680.95,0.07,5.88,1899.85,23.47,0.01,Critical,Net Banking
ORD-14126,2024-03-24,Mar,2024,Janice Flynn,New,Corporate,Central,Iceland,Virginia,Wigginsstad,Furniture,Tables,Involve,10,680.24,0.13,27.25,5918.09,-62.2,-0.01,Low,UPI
ORD-14127,2024-11-28,Nov,2024,Ashley Ramirez,Returning,Corporate,North,Argentina,Pennsylvania,West Lindsey,Technology,Laptops,Capital,2,92.16,0.18,44.53,151.14,28.02,0.19,High,Card
ORD-14128,2024-03-14,Mar,2024,Nathan Taylor,New,Corporate,South,Liechtenstein,Wyoming,West Tonya,Office Supplies,Paper,Resource,1,703.87,0.18,29.96,577.17,141.46,0.25,Medium,UPI
ORD-14129,2025-06-20,Jun,2025,Taylor Weeks,New,Home Office,South,South Africa,Vermont,Whiteborough,Furniture,Tables,We,5,667.93,0.26,7.1,2471.34,535.42,0.22,Medium,Cash
ORD-14130,2023-06-28,Jun,2023,Shelia Shaw,New,Home Office,East,Liechtenstein,Oregon,Lake Lauren,Office Supplies,Binders,Respond,9,198.95,0.24,33.94,1360.82,283.61,0.21,Medium,Cash
ORD-14131,2024-01-04,Jan,2024,Stacey Owens,VIP,Corporate,North,Heard Island and McDonald Islands,Oregon,West Jeffrey,Furniture,Tables,Religious,10,136.21,0.06,11.6,1280.37,193.86,0.15,High,Card
ORD-14132,2023-12-05,Dec,2023,Whitney Hartman,Returning,Consumer,East,Croatia,Rhode Island,Davenportshire,Furniture,Chairs,As,7,534.81,0.06,30.97,3519.05,-57.2,-0.02,High,Card
ORD-14133,2025-07-18,Jul,2025,Carla Liu,VIP,Home Office,East,Cambodia,Illinois,Mitchellmouth,Technology,Accessories,Nearly,5,513.62,0.0,21.18,2568.1,62.27,0.02,Critical,Net Banking
ORD-14134,2023-11-26,Nov,2023,Shane Franklin,VIP,Home Office,Central,Romania,Mississippi,New Lauraborough,Office Supplies,Binders,They,9,346.75,0.02,17.91,3058.34,145.57,0.05,High,Net Banking
ORD-14135,2025-01-24,Jan,2025,Raymond Russell,New,Home Office,West,Wallis and Futuna,Michigan,Stephenhaven,Furniture,Chairs,Address,8,597.53,0.09,46.27,4350.02,186.74,0.04,Low,UPI
ORD-14136,2025-09-26,Sep,2025,Karen Williams,VIP,Consumer,West,Niger,Alabama,North Sandraport,Furniture,Chairs,Window,2,681.11,0.02,44.68,1334.98,215.01,0.16,Medium,Cash
ORD-14137,2024-07-06,Jul,2024,Tyler Perez,VIP,Consumer,South,Gambia,Arkansas,East Thomasville,Furniture,Tables,Glass,5,18.54,0.24,6.21,70.45,19.06,0.27,High,Cash
ORD-14138,2025-05-07,May,2025,James Mathews,New,Home Office,North,Niue,Wyoming,Port Laura,Furniture,Chairs,Field,9,87.12,0.14,8.3,674.31,-27.93,-0.04,High,Cash
ORD-14139,2024-01-17,Jan,2024,Melanie Fleming,Returning,Home Office,Central,Western Sahara,North Dakota,North William,Furniture,Chairs,Bring,5,322.82,0.19,12.05,1307.42,352.12,0.27,Low,UPI
ORD-14140,2023-05-19,May,2023,Jennifer Todd,New,Home Office,Central,Slovenia,Arkansas,Rossside,Technology,Accessories,Pay,3,123.1,0.06,39.31,347.14,-29.09,-0.08,Low,Card
ORD-14141,2025-01-18,Jan,2025,Clinton Moody,VIP,Home Office,North,Zimbabwe,Pennsylvania,North David,Furniture,Tables,Sea,6,243.09,0.18,41.45,1196.0,96.02,0.08,Medium,UPI
ORD-14142,2022-12-27,Dec,2022,Anthony Kennedy,New,Corporate,South,Nauru,Utah,Port Amanda,Furniture,Chairs,Effort,3,542.65,0.18,14.24,1334.92,31.47,0.02,Critical,Cash
ORD-14143,2023-10-30,Oct,2023,Brian Marsh,VIP,Corporate,North,Estonia,Minnesota,Braytown,Office Supplies,Paper,Choose,2,291.13,0.18,39.01,477.45,113.73,0.24,Medium,UPI
ORD-14144,2024-09-13,Sep,2024,Deborah Smith,VIP,Consumer,East,Taiwan,Pennsylvania,East Brendamouth,Furniture,Chairs,Letter,9,374.5,0.08,17.79,3100.86,194.28,0.06,Medium,UPI
ORD-14145,2023-02-17,Feb,2023,Virginia Wallace,VIP,Corporate,North,Andorra,Vermont,Andrewbury,Office Supplies,Storage,Section,10,186.26,0.3,14.58,1303.82,161.28,0.12,High,Net Banking
ORD-14146,2025-09-23,Sep,2025,Michelle Wolfe,Returning,Consumer,West,Niger,Kentucky,Jerryburgh,Furniture,Bookcases,One,2,361.08,0.01,6.54,714.94,181.98,0.25,Medium,UPI
ORD-14147,2024-08-24,Aug,2024,Maria Schneider,VIP,Home Office,South,Morocco,Pennsylvania,Lake Brian,Office Supplies,Storage,Participant,10,349.47,0.16,48.67,2935.55,308.09,0.1,Medium,UPI
ORD-14148,2025-08-30,Aug,2025,Samuel Bowers,Returning,Corporate,South,Liberia,Maine,South Mary,Office Supplies,Storage,Animal,10,283.92,0.05,38.02,2697.24,-137.27,-0.05,Medium,Net Banking
ORD-14149,2025-05-26,May,2025,David Jimenez,Returning,Corporate,South,Guinea,Iowa,Port Aaron,Office Supplies,Paper,Whole,1,706.05,0.09,5.96,642.51,111.97,0.17,Critical,Cash
ORD-14150,2023-03-20,Mar,2023,Peter Davies,VIP,Corporate,East,Montenegro,Hawaii,Clarkmouth,Office Supplies,Storage,Doctor,1,606.21,0.14,38.26,521.34,97.58,0.19,Medium,UPI
ORD-14151,2025-01-14,Jan,2025,Rachel Howard,VIP,Home Office,East,Aruba,New Hampshire,Tiffanymouth,Technology,Accessories,Mission,9,743.5,0.2,49.46,5353.2,1516.72,0.28,High,Net Banking
ORD-14152,2023-04-17,Apr,2023,Jennifer Weaver,VIP,Home Office,North,South Africa,Massachusetts,North Aaron,Furniture,Bookcases,Wonder,1,488.32,0.28,40.21,351.59,94.71,0.27,Medium,Net Banking
ORD-14153,2024-12-13,Dec,2024,Beth Hoffman,VIP,Consumer,South,Gabon,Indiana,Reynoldstown,Office Supplies,Paper,Explain,6,362.8,0.14,23.52,1872.05,281.34,0.15,Medium,Card
ORD-14154,2024-12-24,Dec,2024,Paul Day,New,Consumer,East,Korea,Michigan,West Ryan,Office Supplies,Storage,Onto,3,565.62,0.28,37.39,1221.74,39.31,0.03,High,Card
ORD-14155,2023-02-25,Feb,2023,James Bennett,Returning,Home Office,Central,Belize,Nebraska,Moorefurt,Furniture,Bookcases,Cold,1,431.09,0.12,45.52,379.36,7.73,0.02,Medium,Card
ORD-14156,2024-11-03,Nov,2024,Mckenzie Johnson,Returning,Consumer,Central,Honduras,West Virginia,North Randytown,Technology,Laptops,We,7,501.93,0.15,46.33,2986.48,-182.99,-0.06,Critical,Net Banking
ORD-14157,2025-06-07,Jun,2025,Deborah Reyes,VIP,Home Office,West,Ecuador,Ohio,Hoodside,Furniture,Chairs,Society,4,430.81,0.13,26.25,1499.22,335.58,0.22,High,Cash
ORD-14158,2025-06-30,Jun,2025,Shane Lawson,New,Home Office,South,Nepal,New Jersey,North Zachary,Furniture,Chairs,Manager,7,175.55,0.19,26.61,995.37,255.86,0.26,Medium,UPI
ORD-14159,2025-09-06,Sep,2025,Melanie Ortiz,VIP,Consumer,South,Kazakhstan,New Jersey,New Courtneyville,Office Supplies,Paper,Must,7,337.13,0.22,35.35,1840.73,-105.85,-0.06,High,Cash
ORD-14160,2024-02-24,Feb,2024,Jake Lopez,New,Corporate,West,Aruba,North Carolina,Williamsland,Office Supplies,Storage,Main,9,52.66,0.06,17.1,445.5,-11.51,-0.03,High,Cash
ORD-14161,2025-05-27,May,2025,Kelsey Price,New,Corporate,West,Spain,South Dakota,North Marc,Technology,Phones,Language,5,219.86,0.05,21.44,1044.34,284.01,0.27,Low,Net Banking
ORD-14162,2024-10-30,Oct,2024,Tammy Harris,VIP,Consumer,North,Guyana,Michigan,New Shelleystad,Office Supplies,Binders,Mother,4,675.85,0.26,37.45,2000.52,-9.95,0.0,Low,Card
ORD-14163,2024-09-26,Sep,2024,Sherry Garcia,New,Corporate,Central,South Africa,Wisconsin,Bauerland,Technology,Phones,Industry,9,260.33,0.14,32.55,2014.95,270.69,0.13,Low,UPI
ORD-14164,2025-11-01,Nov,2025,Marissa Brady,VIP,Consumer,West,Seychelles,Maine,North Brenda,Furniture,Bookcases,Generation,7,528.71,0.22,15.2,2886.76,-30.55,-0.01,Critical,UPI
ORD-14165,2024-06-16,Jun,2024,Deborah Mullins,New,Corporate,East,Ethiopia,Connecticut,Randallside,Furniture,Tables,Never,5,712.58,0.07,18.18,3313.5,813.17,0.25,Low,Card
ORD-14166,2023-04-01,Apr,2023,Ashley Hamilton,VIP,Consumer,North,Morocco,Vermont,Williamsonton,Furniture,Chairs,Cup,6,452.52,0.0,25.58,2715.12,-101.92,-0.04,Medium,UPI
ORD-14167,2025-11-20,Nov,2025,Sarah Williams,Returning,Corporate,North,Malaysia,Kentucky,Rushview,Technology,Accessories,Still,3,303.99,0.14,30.1,784.29,206.31,0.26,Critical,Net Banking
ORD-14168,2024-07-30,Jul,2024,Jordan Donaldson,Returning,Consumer,North,Albania,Illinois,Bensonmouth,Technology,Phones,There,9,690.61,0.26,29.35,4599.46,9.22,0.0,Low,Card
ORD-14169,2024-05-12,May,2024,Gary Taylor,VIP,Home Office,Central,Malta,Washington,Davidmouth,Office Supplies,Binders,Man,9,407.25,0.04,11.41,3518.64,997.36,0.28,High,Card
ORD-14170,2023-07-16,Jul,2023,Benjamin Fisher,VIP,Corporate,South,Guinea,Arkansas,New Paulchester,Furniture,Tables,Career,8,102.17,0.08,19.32,751.97,-65.7,-0.09,Medium,UPI
ORD-14171,2023-01-21,Jan,2023,Candace Owen,VIP,Consumer,East,Syrian Arab Republic,Delaware,Tammieville,Furniture,Bookcases,Foreign,7,328.91,0.04,38.93,2210.28,245.54,0.11,Medium,Cash
ORD-14172,2024-02-01,Feb,2024,Mrs. Stacey Diaz,New,Consumer,South,Papua New Guinea,Vermont,North Cameronfurt,Technology,Phones,Future,8,402.34,0.3,11.58,2253.1,602.7,0.27,Low,Card
ORD-14173,2023-10-09,Oct,2023,Faith Gutierrez,VIP,Corporate,Central,Malaysia,Tennessee,Jordanview,Office Supplies,Storage,Reduce,7,216.55,0.09,45.67,1379.42,-24.09,-0.02,Critical,Cash
ORD-14174,2024-03-18,Mar,2024,Lauren Woods,Returning,Consumer,East,Qatar,Pennsylvania,Cummingsfurt,Technology,Accessories,Professor,2,608.09,0.05,42.79,1155.37,0.93,0.0,Low,Net Banking
ORD-14175,2023-08-09,Aug,2023,Melissa Hall,VIP,Consumer,East,Wallis and Futuna,Nebraska,Edwardsbury,Technology,Phones,Often,1,686.97,0.25,18.65,515.23,125.39,0.24,High,UPI
ORD-14176,2023-02-23,Feb,2023,Kevin Williams,Returning,Corporate,East,Montserrat,South Carolina,Watkinsstad,Office Supplies,Paper,Baby,7,410.67,0.06,24.72,2702.21,291.72,0.11,Low,Net Banking
ORD-14177,2023-03-24,Mar,2023,Jeremy Andersen,New,Corporate,Central,Christmas Island,Montana,Joshuaville,Furniture,Bookcases,Result,6,789.61,0.09,16.14,4311.27,1146.34,0.27,High,Card
ORD-14178,2024-12-06,Dec,2024,Brent Clark,VIP,Consumer,East,Suriname,Kansas,Herrerafurt,Furniture,Bookcases,Father,2,261.94,0.17,11.63,434.82,18.45,0.04,High,Card
ORD-14179,2025-08-05,Aug,2025,Thomas Hammond,VIP,Home Office,West,Falkland Islands (Malvinas),West Virginia,Port Lindsaymouth,Technology,Phones,Information,8,166.86,0.12,42.84,1174.69,-39.11,-0.03,Low,UPI
ORD-14180,2024-11-27,Nov,2024,Dr. Jamie Lee,New,Consumer,South,Brazil,Hawaii,Ronnieberg,Furniture,Tables,Area,9,711.9,0.18,31.99,5253.82,-164.24,-0.03,Low,Cash
ORD-14181,2024-05-28,May,2024,Vanessa Monroe,Returning,Consumer,South,Heard Island and McDonald Islands,Connecticut,Port Natasha,Office Supplies,Binders,Ever,10,489.0,0.27,39.84,3569.7,678.45,0.19,High,UPI
ORD-14182,2023-05-08,May,2023,James Lynch,VIP,Home Office,Central,Czech Republic,North Dakota,Markfort,Furniture,Bookcases,Standard,1,139.87,0.1,17.86,125.88,17.26,0.14,Low,Cash
ORD-14183,2024-08-23,Aug,2024,Christopher Hutchinson,VIP,Consumer,West,South Africa,Washington,Hammondview,Office Supplies,Paper,Good,8,610.86,0.18,40.55,4007.24,-35.44,-0.01,Critical,Net Banking
ORD-14184,2025-05-02,May,2025,William Carney,VIP,Home Office,North,Micronesia,Nevada,New Christina,Office Supplies,Storage,War,2,383.14,0.24,40.65,582.37,122.14,0.21,High,Card
ORD-14185,2024-10-27,Oct,2024,Robert Robinson,New,Consumer,East,Saint Vincent and the Grenadines,Georgia,North Kaylaland,Technology,Accessories,Paper,2,318.09,0.02,43.52,623.46,122.43,0.2,High,Net Banking
ORD-14186,2023-03-01,Mar,2023,Antonio Jones,Returning,Consumer,South,United Arab Emirates,North Dakota,South Mauriceburgh,Furniture,Chairs,Able,6,346.19,0.28,9.78,1495.54,13.55,0.01,Medium,Net Banking
ORD-14187,2024-01-24,Jan,2024,Kellie Simpson,VIP,Home Office,West,Palestinian Territory,Minnesota,Brewerburgh,Office Supplies,Binders,Trade,4,511.02,0.11,47.61,1819.23,360.32,0.2,High,Cash
ORD-14188,2025-10-18,Oct,2025,Jessica Chandler MD,Returning,Home Office,East,Slovenia,New York,New Thomas,Furniture,Chairs,Six,8,657.95,0.14,35.74,4526.7,-143.11,-0.03,High,Net Banking
ORD-14189,2024-05-04,May,2024,Charlotte White,Returning,Consumer,South,Greenland,Colorado,South Jason,Technology,Laptops,Degree,6,528.38,0.05,43.7,3011.77,148.11,0.05,Low,Net Banking
ORD-14190,2023-06-18,Jun,2023,Anthony Rodgers,Returning,Home Office,North,Cook Islands,New Mexico,Port Ashleyborough,Technology,Laptops,Card,10,670.34,0.28,45.63,4826.45,534.51,0.11,Medium,Net Banking
ORD-14191,2024-12-21,Dec,2024,Paul Chaney,VIP,Home Office,West,Poland,Texas,Lake Derek,Office Supplies,Binders,Tough,5,35.24,0.06,33.4,165.63,47.66,0.29,Critical,Card
ORD-14192,2024-06-15,Jun,2024,Jennifer Norman,New,Consumer,South,Argentina,Nebraska,Sherylview,Furniture,Tables,Although,2,485.64,0.17,7.54,806.16,106.33,0.13,Low,Net Banking
ORD-14193,2025-08-09,Aug,2025,Brandi White,Returning,Consumer,North,Rwanda,New Mexico,New Brenda,Office Supplies,Paper,Voice,3,679.13,0.15,47.34,1731.78,33.66,0.02,High,UPI
ORD-14194,2025-05-20,May,2025,Amanda Wheeler,Returning,Home Office,East,United Arab Emirates,Colorado,New Jackmouth,Furniture,Tables,Say,9,610.06,0.21,17.03,4337.53,691.28,0.16,Medium,Card
ORD-14195,2023-04-08,Apr,2023,Sarah Carroll,New,Home Office,East,China,Nevada,Kingberg,Office Supplies,Paper,Message,10,721.79,0.23,34.7,5557.78,1370.49,0.25,Medium,Card
ORD-14196,2023-06-08,Jun,2023,Daisy Flores,VIP,Consumer,Central,Israel,Arizona,Bowersville,Furniture,Chairs,Grow,2,763.96,0.01,6.61,1512.64,246.86,0.16,Low,Cash
ORD-14197,2023-07-27,Jul,2023,David Bailey,Returning,Consumer,Central,Grenada,Virginia,Merrittfurt,Office Supplies,Storage,Away,5,153.01,0.23,17.94,589.09,52.88,0.09,High,Cash
ORD-14198,2024-08-22,Aug,2024,Robert Gordon,New,Corporate,East,Swaziland,North Dakota,Williamsland,Technology,Phones,Someone,8,239.32,0.08,49.72,1761.4,-8.67,0.0,High,Cash
ORD-14199,2024-07-29,Jul,2024,Michael Johnson,VIP,Corporate,North,Netherlands Antilles,Connecticut,Audreymouth,Technology,Phones,Federal,6,385.3,0.23,30.93,1780.09,374.77,0.21,Low,UPI
ORD-14200,2023-04-20,Apr,2023,Steven Perez,VIP,Home Office,West,Kazakhstan,Kentucky,New Stephanie,Furniture,Bookcases,Style,2,718.0,0.25,12.66,1077.0,72.81,0.07,Low,Cash
ORD-14201,2024-02-13,Feb,2024,Kristen Burns,New,Home Office,East,Senegal,Iowa,Amberhaven,Office Supplies,Storage,Decade,3,297.48,0.19,8.84,722.88,203.3,0.28,Medium,Net Banking
ORD-14202,2023-04-20,Apr,2023,Elizabeth Smith,New,Corporate,West,Austria,Nevada,Watkinsport,Office Supplies,Paper,Out,9,291.0,0.21,12.92,2069.01,-135.56,-0.07,Medium,Net Banking
ORD-14203,2024-07-18,Jul,2024,Rebecca Lyons,Returning,Consumer,North,Equatorial Guinea,Tennessee,Port Jordanstad,Technology,Accessories,Main,2,157.67,0.2,11.59,252.27,-21.03,-0.08,Low,UPI
ORD-14204,2023-05-13,May,2023,Carl Lawrence,New,Home Office,East,Monaco,South Carolina,New Jeffrey,Furniture,Tables,News,1,385.63,0.3,11.33,269.94,-3.4,-0.01,Medium,Net Banking
ORD-14205,2024-07-05,Jul,2024,Craig Williams,VIP,Consumer,North,Bulgaria,Montana,West Sara,Technology,Laptops,Nature,10,205.83,0.0,41.88,2058.3,271.36,0.13,Medium,UPI
ORD-14206,2024-07-09,Jul,2024,Kristen Jackson,New,Corporate,North,Somalia,Ohio,East John,Office Supplies,Storage,When,1,646.24,0.08,10.43,594.54,82.62,0.14,Medium,Net Banking
ORD-14207,2024-10-28,Oct,2024,Christopher Campos,New,Home Office,South,New Caledonia,Kansas,South Benjamin,Furniture,Chairs,Maintain,9,549.4,0.06,31.16,4647.92,-354.72,-0.08,Low,UPI
ORD-14208,2023-02-08,Feb,2023,Charles Reed,VIP,Consumer,East,Uruguay,Oklahoma,West Angela,Technology,Laptops,Move,2,192.32,0.08,11.36,353.87,91.96,0.26,Medium,Card
ORD-14209,2025-06-05,Jun,2025,Patrick Quinn,New,Consumer,West,India,Nebraska,Jacksonstad,Office Supplies,Binders,Free,7,192.32,0.24,49.21,1023.14,60.7,0.06,Critical,UPI
ORD-14210,2025-05-20,May,2025,Daniel White,New,Corporate,East,Georgia,Virginia,Sheliabury,Technology,Phones,Star,1,180.22,0.11,16.46,160.4,42.6,0.27,Critical,Net Banking
ORD-14211,2025-06-26,Jun,2025,Eric Peters,Returning,Corporate,South,Lao People's Democratic Republic,New Jersey,New Mary,Furniture,Chairs,Cover,7,58.17,0.1,17.65,366.47,93.99,0.26,Low,Net Banking
ORD-14212,2025-02-07,Feb,2025,Kelly Colon,Returning,Home Office,Central,Netherlands Antilles,Mississippi,Hannahtown,Office Supplies,Binders,Mission,3,680.97,0.28,27.2,1470.9,33.82,0.02,High,Cash
ORD-14213,2025-06-22,Jun,2025,Gloria Conner,VIP,Consumer,Central,Taiwan,West Virginia,Gonzalezshire,Office Supplies,Paper,Him,2,65.53,0.15,15.78,111.4,24.71,0.22,Critical,UPI
ORD-14214,2023-04-25,Apr,2023,Steven Cabrera,New,Corporate,North,Russian Federation,Connecticut,Stephanieborough,Technology,Accessories,Blood,4,714.98,0.14,28.52,2459.53,199.32,0.08,Critical,Net Banking
ORD-14215,2024-01-20,Jan,2024,Misty Hess,VIP,Corporate,South,Georgia,Oregon,Jamesfort,Furniture,Chairs,By,2,353.69,0.12,46.04,622.49,16.12,0.03,Medium,Card
ORD-14216,2024-06-30,Jun,2024,Michael Gibbs,VIP,Consumer,East,Congo,Indiana,East Rebeccabury,Technology,Phones,Skin,2,260.3,0.28,26.03,374.83,9.76,0.03,High,Net Banking
ORD-14217,2023-08-07,Aug,2023,Anthony Howe,New,Home Office,Central,Japan,Alaska,Bradmouth,Technology,Accessories,Maybe,8,250.67,0.1,8.04,1804.82,-128.27,-0.07,Critical,Cash
ORD-14218,2023-11-11,Nov,2023,Jeffery Shelton,New,Consumer,Central,Chile,Colorado,Brendamouth,Furniture,Chairs,Recognize,7,537.15,0.15,10.36,3196.04,-233.38,-0.07,Critical,Net Banking
ORD-14219,2024-04-11,Apr,2024,John Rodriguez,VIP,Consumer,West,Vietnam,North Carolina,New Crystalmouth,Furniture,Bookcases,House,1,277.47,0.26,38.5,205.33,34.62,0.17,Low,UPI
ORD-14220,2022-12-12,Dec,2022,Sara Moore MD,New,Consumer,Central,Syrian Arab Republic,Oklahoma,Patrickchester,Office Supplies,Storage,Year,6,500.82,0.0,45.66,3004.92,630.56,0.21,Low,Card
ORD-14221,2023-01-02,Jan,2023,Stephanie Chang,New,Home Office,Central,Paraguay,Vermont,New Anthonytown,Technology,Phones,Discover,9,475.21,0.0,9.78,4276.89,804.66,0.19,High,Cash
ORD-14222,2023-03-31,Mar,2023,Sean Eaton,VIP,Home Office,West,Czech Republic,New Jersey,Kyleburgh,Office Supplies,Storage,Too,8,398.58,0.1,24.48,2869.78,450.64,0.16,Critical,UPI
ORD-14223,2024-12-15,Dec,2024,Corey King,Returning,Home Office,South,Mauritius,Kansas,Solisland,Technology,Laptops,Dark,7,128.79,0.2,10.83,721.22,115.62,0.16,Low,UPI
ORD-14224,2024-01-14,Jan,2024,Sean Hogan,Returning,Consumer,North,Hungary,Alabama,South Laurabury,Office Supplies,Binders,Break,1,772.56,0.21,28.12,610.32,178.47,0.29,Medium,Net Banking
ORD-14225,2025-09-27,Sep,2025,Natalie Garcia,Returning,Consumer,North,Haiti,Texas,Carrollhaven,Furniture,Chairs,Book,6,14.89,0.24,41.16,67.9,15.18,0.22,High,Net Banking
ORD-14226,2024-12-24,Dec,2024,Stacey Reese,VIP,Home Office,East,Costa Rica,Oklahoma,Sandersmouth,Technology,Phones,Lay,4,378.13,0.07,24.87,1406.64,307.31,0.22,Critical,Card
ORD-14227,2023-12-30,Dec,2023,Christine Morgan,Returning,Consumer,South,Ghana,Wisconsin,West James,Technology,Accessories,Senior,6,467.17,0.1,30.41,2522.72,263.73,0.1,Low,Net Banking
ORD-14228,2025-07-22,Jul,2025,Michael May,VIP,Corporate,North,Turks and Caicos Islands,Maine,Stephanieport,Office Supplies,Binders,Morning,10,702.26,0.16,22.58,5898.98,-304.31,-0.05,Low,Card
ORD-14229,2023-07-26,Jul,2023,Kevin Short,Returning,Corporate,Central,Chile,Connecticut,West Marcus,Technology,Accessories,Pull,8,681.36,0.2,34.18,4360.7,213.01,0.05,High,UPI
ORD-14230,2024-09-10,Sep,2024,Sarah Phillips,VIP,Home Office,East,Senegal,Nevada,Lake Juliafurt,Furniture,Chairs,Thing,10,82.1,0.09,40.92,747.11,221.63,0.3,Low,Cash
ORD-14231,2024-06-14,Jun,2024,Terri Hale,Returning,Home Office,East,Kazakhstan,Montana,New Scott,Technology,Laptops,Player,10,698.24,0.01,38.43,6912.58,429.94,0.06,Critical,Cash
ORD-14232,2025-09-11,Sep,2025,Carol Long,New,Consumer,West,Mauritius,Oklahoma,Tracymouth,Office Supplies,Binders,Remember,2,325.99,0.14,15.98,560.7,86.15,0.15,High,UPI
ORD-14233,2024-02-24,Feb,2024,Regina Campbell,New,Consumer,West,Rwanda,New York,Gentryville,Office Supplies,Binders,Reality,3,475.46,0.24,30.94,1084.05,26.85,0.02,High,UPI
ORD-14234,2024-01-11,Jan,2024,Natalie Poole,VIP,Consumer,South,Guinea,Nebraska,East David,Office Supplies,Storage,Line,1,452.08,0.3,26.42,316.46,7.89,0.02,Low,Card
ORD-14235,2023-11-08,Nov,2023,Mrs. Ashley Ali,VIP,Corporate,West,Christmas Island,Massachusetts,Smithhaven,Furniture,Bookcases,Role,7,579.15,0.07,44.23,3770.27,1023.62,0.27,Low,UPI
ORD-14236,2024-05-28,May,2024,Lance Jennings,VIP,Corporate,North,Macedonia,Wyoming,North Jamesmouth,Office Supplies,Storage,Herself,6,633.84,0.12,5.89,3346.68,188.85,0.06,Medium,UPI
ORD-14237,2024-02-03,Feb,2024,John Gardner,New,Home Office,West,Kazakhstan,Arkansas,East Michelleshire,Furniture,Tables,Open,4,781.03,0.03,46.8,3030.4,217.64,0.07,Critical,Card
ORD-14238,2024-08-06,Aug,2024,Brenda Hicks,VIP,Corporate,West,Libyan Arab Jamahiriya,Kentucky,Vegaton,Office Supplies,Paper,Turn,9,419.27,0.05,7.98,3584.76,625.87,0.17,Critical,UPI
ORD-14239,2025-02-07,Feb,2025,Margaret Taylor,New,Corporate,West,United States Minor Outlying Islands,Iowa,Marioview,Furniture,Tables,Study,1,732.74,0.13,34.86,637.48,168.93,0.26,Low,Cash
ORD-14240,2023-11-24,Nov,2023,Tiffany Wheeler,New,Corporate,North,Saint Barthelemy,Tennessee,North Alexandria,Furniture,Tables,Dark,10,394.57,0.05,6.99,3748.41,580.23,0.15,High,Net Banking
ORD-14241,2025-05-25,May,2025,Stephanie Watkins,VIP,Consumer,East,Slovakia (Slovak Republic),Colorado,Mcgrathport,Office Supplies,Storage,Lot,5,66.84,0.2,35.01,267.36,75.4,0.28,Critical,Card
ORD-14242,2023-09-16,Sep,2023,Jason Taylor,Returning,Home Office,South,Samoa,Iowa,Michaeltown,Technology,Laptops,Far,1,179.56,0.22,28.56,140.06,-5.43,-0.04,High,UPI
ORD-14243,2023-10-28,Oct,2023,Heather Morgan,Returning,Corporate,West,Japan,Maryland,North Kristina,Office Supplies,Paper,Behavior,1,760.21,0.14,42.05,653.78,73.8,0.11,Critical,Card
ORD-14244,2023-12-29,Dec,2023,Kathy Buck,New,Home Office,North,Somalia,New Hampshire,North Sharonview,Office Supplies,Binders,Instead,5,515.35,0.08,33.64,2370.61,179.72,0.08,Medium,Cash
ORD-14245,2024-07-05,Jul,2024,Kevin Williams,Returning,Consumer,Central,Sri Lanka,Oklahoma,Christinastad,Technology,Laptops,Education,2,20.66,0.18,33.82,33.88,-0.66,-0.02,Low,Card
ORD-14246,2023-10-30,Oct,2023,Max Black,VIP,Consumer,North,Norway,Montana,East Stephen,Furniture,Bookcases,Quickly,10,788.84,0.27,10.18,5758.53,-244.55,-0.04,Low,Card
ORD-14247,2024-05-21,May,2024,William Powell,Returning,Corporate,West,Seychelles,Utah,East Staceyland,Furniture,Chairs,Weight,2,771.32,0.2,29.77,1234.11,20.99,0.02,High,Net Banking
ORD-14248,2024-10-13,Oct,2024,Scott Vasquez,Returning,Corporate,North,Saint Martin,Utah,West Toddton,Office Supplies,Storage,Mouth,5,70.98,0.22,37.88,276.82,31.57,0.11,Medium,Cash
ORD-14249,2022-12-22,Dec,2022,Stephen Potts,VIP,Consumer,Central,Togo,Arizona,South Jacob,Office Supplies,Binders,Owner,10,178.36,0.24,20.88,1355.54,-82.99,-0.06,Low,Cash
ORD-14250,2024-07-06,Jul,2024,Andrew Campbell,VIP,Corporate,North,Oman,Texas,Port Casey,Technology,Accessories,Imagine,6,165.35,0.12,7.61,873.05,92.83,0.11,Low,Card
ORD-14251,2025-08-20,Aug,2025,Brian Williams,New,Consumer,West,Canada,North Dakota,Timothyland,Furniture,Tables,However,3,53.11,0.17,9.88,132.24,10.32,0.08,Critical,Net Banking
ORD-14252,2024-08-07,Aug,2024,Joseph Deleon,Returning,Home Office,East,Croatia,Vermont,Robertoport,Office Supplies,Binders,Debate,6,267.4,0.26,37.23,1187.26,103.52,0.09,Low,UPI
ORD-14253,2024-07-24,Jul,2024,Eric Weber,New,Consumer,East,Antigua and Barbuda,Minnesota,North Hannahtown,Furniture,Tables,And,5,386.85,0.25,23.28,1450.69,246.1,0.17,Medium,UPI
ORD-14254,2025-07-22,Jul,2025,Marcus Kim,New,Corporate,North,Israel,Vermont,West Darryl,Office Supplies,Storage,Hold,2,141.86,0.12,9.64,249.67,64.58,0.26,Medium,Cash
ORD-14255,2023-05-04,May,2023,Jessica King,New,Home Office,West,Sudan,Minnesota,North Margaret,Technology,Laptops,Ability,3,785.53,0.29,18.44,1673.18,170.77,0.1,Critical,Net Banking
ORD-14256,2023-01-18,Jan,2023,Paul Ramirez,New,Corporate,West,San Marino,West Virginia,Braunville,Technology,Accessories,Research,2,296.89,0.01,34.31,587.84,-54.1,-0.09,High,Net Banking
ORD-14257,2024-04-07,Apr,2024,John Koch,Returning,Consumer,North,Nepal,Iowa,East Austinview,Technology,Laptops,Sometimes,7,780.79,0.06,49.86,5137.6,289.38,0.06,Critical,Net Banking
ORD-14258,2025-03-17,Mar,2025,Steven Robinson,VIP,Corporate,West,Singapore,Massachusetts,Scottview,Furniture,Tables,Put,2,312.68,0.04,13.25,600.35,53.15,0.09,High,Net Banking
ORD-14259,2025-05-29,May,2025,Tara Espinoza,VIP,Corporate,North,Guyana,Mississippi,Andersonfurt,Technology,Accessories,Leave,8,378.41,0.23,46.55,2331.01,-21.14,-0.01,High,Net Banking
ORD-14260,2025-02-11,Feb,2025,Traci Ramirez,Returning,Corporate,South,Reunion,South Carolina,Lake Daniellestad,Technology,Accessories,Walk,2,631.66,0.02,37.16,1238.05,245.35,0.2,Medium,Net Banking
ORD-14261,2023-10-18,Oct,2023,Jesse Harris,Returning,Corporate,South,Chile,Alaska,Stevestad,Office Supplies,Paper,Few,6,126.19,0.04,9.82,726.85,50.37,0.07,High,UPI
ORD-14262,2024-07-28,Jul,2024,Adam Brown,Returning,Corporate,North,Montenegro,Missouri,West Jonathanfort,Technology,Phones,Nation,5,624.81,0.23,48.07,2405.52,145.62,0.06,Medium,Card
ORD-14263,2025-11-16,Nov,2025,Seth Warren,VIP,Corporate,South,United States Virgin Islands,Oklahoma,Tomberg,Office Supplies,Binders,Write,2,522.92,0.19,28.93,847.13,152.96,0.18,High,Card
ORD-14264,2024-12-02,Dec,2024,Steven Turner,New,Home Office,North,Nigeria,Alaska,Douglasstad,Office Supplies,Binders,Country,4,333.95,0.08,6.45,1228.94,316.83,0.26,Medium,UPI
ORD-14265,2024-01-19,Jan,2024,Andrew Henry,New,Home Office,South,Martinique,Delaware,Adrianshire,Office Supplies,Paper,Good,3,199.01,0.07,11.35,555.24,19.35,0.03,Low,Cash
ORD-14266,2025-09-07,Sep,2025,Donald Walker,VIP,Home Office,North,Angola,Arizona,New Craig,Furniture,Chairs,President,4,22.12,0.03,38.74,85.83,11.09,0.13,High,Cash
ORD-14267,2023-06-03,Jun,2023,Rhonda Roberts,VIP,Consumer,West,Bulgaria,Arizona,Santostown,Office Supplies,Paper,Establish,7,78.38,0.05,31.53,521.23,59.14,0.11,Critical,Card
ORD-14268,2025-04-08,Apr,2025,Raymond Houston,VIP,Corporate,East,Finland,Ohio,Hopkinshaven,Furniture,Bookcases,However,6,536.17,0.18,42.52,2637.96,750.24,0.28,Medium,Net Banking
ORD-14269,2025-07-17,Jul,2025,David Park,Returning,Home Office,East,Ghana,South Carolina,Blairbury,Furniture,Tables,Feeling,2,723.84,0.27,48.78,1056.81,253.63,0.24,High,UPI
ORD-14270,2024-04-07,Apr,2024,Ethan Collins,New,Corporate,East,Slovenia,Utah,South Justin,Office Supplies,Binders,Finish,9,445.8,0.11,24.92,3570.86,971.52,0.27,High,Card
ORD-14271,2025-01-14,Jan,2025,Kathryn Torres,Returning,Consumer,South,Burkina Faso,Pennsylvania,Wardtown,Office Supplies,Binders,Actually,7,434.81,0.01,30.3,3013.23,-221.08,-0.07,Low,Card
ORD-14272,2022-12-19,Dec,2022,David Allen,Returning,Home Office,Central,Montenegro,Iowa,North Michael,Furniture,Tables,Center,5,90.14,0.02,20.59,441.69,35.22,0.08,Medium,Card
ORD-14273,2022-11-28,Nov,2022,Natasha Hatfield,New,Consumer,South,Taiwan,Ohio,North Margaret,Office Supplies,Storage,Tell,7,309.61,0.1,11.87,1950.54,54.84,0.03,Medium,Card
ORD-14274,2024-05-23,May,2024,Brittney Peterson,Returning,Consumer,North,Liberia,Missouri,South Sharonborough,Office Supplies,Storage,Be,8,509.62,0.22,14.39,3180.03,-317.33,-0.1,High,UPI
ORD-14275,2024-03-12,Mar,2024,Allison Mccann,VIP,Consumer,South,Namibia,Massachusetts,Douglasside,Technology,Laptops,Young,5,537.71,0.09,10.34,2446.58,-130.85,-0.05,Low,Card
ORD-14276,2024-11-18,Nov,2024,Susan Lyons,New,Corporate,South,Montserrat,Georgia,South Calvin,Technology,Laptops,Student,6,339.37,0.15,36.9,1730.79,-149.17,-0.09,Critical,UPI
ORD-14277,2023-07-23,Jul,2023,Kelly Vasquez,VIP,Consumer,North,Argentina,Rhode Island,West Keithfurt,Office Supplies,Storage,Page,9,20.37,0.11,49.25,163.16,16.25,0.1,Critical,Cash
ORD-14278,2025-08-28,Aug,2025,Katelyn Gay,VIP,Home Office,Central,Cook Islands,Nevada,Petersonland,Furniture,Chairs,Write,4,210.87,0.22,47.48,657.91,134.5,0.2,Medium,Net Banking
ORD-14279,2025-02-07,Feb,2025,David Holland,VIP,Corporate,East,Dominican Republic,New York,Port Randymouth,Technology,Accessories,Anything,5,450.79,0.18,39.56,1848.24,177.86,0.1,Medium,Cash
ORD-14280,2024-12-19,Dec,2024,Matthew Adams,New,Corporate,West,Switzerland,Montana,Lake Anthonystad,Office Supplies,Binders,Religious,5,336.82,0.05,5.2,1599.89,388.9,0.24,Medium,Card
ORD-14281,2023-11-22,Nov,2023,Rachael Crawford,VIP,Corporate,West,Mauritius,Nebraska,Lake Douglas,Technology,Phones,Institution,1,244.54,0.24,32.45,185.85,-7.47,-0.04,Critical,Cash
ORD-14282,2024-04-18,Apr,2024,Michael Miller,Returning,Corporate,Central,Iraq,Wyoming,Hoodton,Office Supplies,Storage,Process,7,512.1,0.05,34.73,3405.47,325.62,0.1,Critical,Card
ORD-14283,2023-08-04,Aug,2023,Joshua Jones,VIP,Corporate,North,Saudi Arabia,Nevada,Matthewview,Technology,Accessories,About,10,234.22,0.26,29.28,1733.23,40.76,0.02,High,Cash
ORD-14284,2023-03-19,Mar,2023,Kenneth Gentry,VIP,Consumer,North,Ethiopia,Delaware,Perezfurt,Office Supplies,Paper,Change,4,364.83,0.16,5.99,1225.83,3.91,0.0,Critical,UPI
ORD-14285,2023-06-13,Jun,2023,Albert Shepard,New,Consumer,South,Saint Vincent and the Grenadines,North Carolina,North Susan,Office Supplies,Storage,Sing,6,177.21,0.19,31.45,861.24,48.56,0.06,Critical,Cash
ORD-14286,2025-02-01,Feb,2025,Scott Harvey,VIP,Corporate,North,San Marino,Colorado,Port Jasonborough,Furniture,Tables,Fire,7,575.52,0.14,22.35,3464.63,1033.98,0.3,High,Cash
ORD-14287,2023-12-06,Dec,2023,Shelia Taylor,VIP,Corporate,Central,Timor-Leste,Oregon,Port Dakotamouth,Technology,Phones,How,8,24.08,0.19,15.27,156.04,5.14,0.03,High,UPI
ORD-14288,2023-01-27,Jan,2023,Justin Sims,VIP,Corporate,West,Ghana,Illinois,New Rebeccaport,Office Supplies,Storage,Instead,8,468.62,0.01,28.41,3711.47,16.49,0.0,Low,Cash
ORD-14289,2024-05-31,May,2024,Erin Lowe,VIP,Home Office,North,Ecuador,Arkansas,Jenniferville,Office Supplies,Binders,Bag,10,610.37,0.16,11.16,5127.11,191.58,0.04,High,UPI
ORD-14290,2025-11-22,Nov,2025,Devin Hines,VIP,Home Office,East,Tuvalu,Oregon,East John,Office Supplies,Storage,My,3,594.88,0.15,47.23,1516.94,424.54,0.28,Medium,UPI
ORD-14291,2024-02-28,Feb,2024,Jodi Spencer,Returning,Home Office,South,Sao Tome and Principe,South Carolina,New Nathaniel,Technology,Laptops,Some,1,163.64,0.07,32.41,152.19,-0.14,0.0,High,Net Banking
ORD-14292,2025-07-05,Jul,2025,Scott Mccoy,VIP,Corporate,Central,Gambia,Wisconsin,Trevorview,Technology,Laptops,Individual,2,78.23,0.13,38.5,136.12,23.42,0.17,Critical,Cash
ORD-14293,2023-09-08,Sep,2023,Jasmine Carter,New,Consumer,East,El Salvador,Kentucky,South Victoriafurt,Office Supplies,Paper,Respond,7,297.26,0.25,31.75,1560.61,1.71,0.0,Critical,Card
ORD-14294,2025-01-02,Jan,2025,Samuel Matthews,VIP,Corporate,Central,Malta,Texas,Fullershire,Furniture,Chairs,Why,5,738.52,0.05,25.68,3507.97,333.81,0.1,High,Card
ORD-14295,2025-07-04,Jul,2025,Andrea Simmons,Returning,Home Office,North,Bosnia and Herzegovina,Florida,Lake Donnamouth,Technology,Laptops,Mind,9,193.07,0.13,11.12,1511.74,67.66,0.04,Low,UPI
ORD-14296,2024-03-27,Mar,2024,Ms. Melinda Shepherd,VIP,Consumer,North,Iraq,Idaho,Leahmouth,Furniture,Tables,Role,7,149.59,0.3,13.72,732.99,-4.36,-0.01,Critical,Net Banking
ORD-14297,2024-08-26,Aug,2024,Katherine Cooley,New,Corporate,West,Armenia,New York,West Christopherborough,Office Supplies,Binders,After,1,445.26,0.21,31.78,351.76,70.17,0.2,Critical,Cash
ORD-14298,2023-09-22,Sep,2023,Alexis Wagner,Returning,Consumer,West,Samoa,Rhode Island,Lopezfurt,Furniture,Tables,Think,6,741.18,0.01,48.15,4402.61,17.58,0.0,Critical,Card
ORD-14299,2025-02-21,Feb,2025,Dylan Dean,Returning,Corporate,South,Liberia,Ohio,Mauriceville,Office Supplies,Storage,Bring,6,463.85,0.08,47.34,2560.45,-241.08,-0.09,Critical,Cash
ORD-14300,2025-09-10,Sep,2025,Deborah Jordan,New,Consumer,North,Egypt,North Dakota,South Wendybury,Furniture,Bookcases,Model,2,447.86,0.25,14.66,671.79,49.65,0.07,High,Net Banking
ORD-14301,2024-04-18,Apr,2024,Jerry Mckinney,Returning,Corporate,West,French Southern Territories,Arizona,South Jennifer,Office Supplies,Storage,Report,7,598.34,0.07,22.97,3895.19,173.99,0.04,Low,Card
ORD-14302,2025-05-14,May,2025,Mark Fitzpatrick,VIP,Corporate,West,Afghanistan,Alaska,South Brianna,Office Supplies,Binders,It,5,380.89,0.03,31.41,1847.32,-183.93,-0.1,Low,UPI
ORD-14303,2024-03-16,Mar,2024,Thomas Potts,VIP,Corporate,South,Congo,Massachusetts,West Jamieburgh,Office Supplies,Binders,Just,8,281.16,0.17,9.83,1866.9,22.62,0.01,High,UPI
ORD-14304,2025-04-22,Apr,2025,Brandon Hall,New,Corporate,East,Timor-Leste,Texas,Johnsonberg,Technology,Laptops,Fund,6,760.56,0.26,36.45,3376.89,681.99,0.2,Critical,Net Banking
ORD-14305,2025-01-07,Jan,2025,Michael Le,New,Consumer,West,Peru,Massachusetts,Ellisfort,Furniture,Bookcases,Ok,5,561.87,0.26,35.42,2078.92,57.87,0.03,Low,Card
ORD-14306,2024-08-15,Aug,2024,George Foster,Returning,Home Office,North,Panama,Alaska,East Elizabeth,Technology,Laptops,Lawyer,10,242.69,0.15,44.07,2062.87,91.9,0.04,Low,Net Banking
ORD-14307,2025-09-02,Sep,2025,Alexis Haynes,Returning,Consumer,East,Latvia,Massachusetts,Scottmouth,Technology,Phones,Determine,6,760.95,0.21,24.08,3606.9,270.49,0.07,Medium,Card
ORD-14308,2024-10-20,Oct,2024,Michael Shea,Returning,Consumer,West,Bhutan,Nebraska,Robinton,Technology,Accessories,Line,4,218.39,0.04,10.84,838.62,163.7,0.2,Critical,Cash
ORD-14309,2023-01-31,Jan,2023,Daniel Brown,New,Consumer,South,Afghanistan,Louisiana,East Tara,Furniture,Chairs,Research,8,464.35,0.27,28.62,2711.8,-191.74,-0.07,High,Cash
ORD-14310,2023-12-14,Dec,2023,Justin Young,New,Corporate,East,Cook Islands,Florida,South Beckyfort,Office Supplies,Paper,Consider,3,428.52,0.11,19.57,1144.15,-21.98,-0.02,High,UPI
ORD-14311,2022-12-13,Dec,2022,Brent Vasquez,VIP,Consumer,East,Ecuador,Alabama,New Amy,Furniture,Chairs,Have,9,435.6,0.1,16.01,3528.36,893.68,0.25,High,Card
ORD-14312,2025-11-17,Nov,2025,Patrick Sanchez,Returning,Consumer,East,Gambia,Utah,Pamelaside,Office Supplies,Paper,Pick,1,731.66,0.1,21.16,658.49,159.45,0.24,High,UPI
ORD-14313,2023-01-22,Jan,2023,Christina Perry,New,Consumer,North,Mayotte,Nevada,West Andreastad,Technology,Phones,Without,10,182.38,0.07,23.58,1696.13,278.79,0.16,Low,UPI
ORD-14314,2025-11-15,Nov,2025,Mike Tate,VIP,Consumer,Central,Syrian Arab Republic,West Virginia,Ryanhaven,Office Supplies,Storage,Nation,9,442.61,0.11,22.04,3545.31,135.3,0.04,High,Net Banking
ORD-14315,2024-02-12,Feb,2024,Cory Barton,Returning,Consumer,East,Cape Verde,New York,Terrellberg,Furniture,Chairs,Occur,2,549.78,0.22,45.0,857.66,94.51,0.11,Medium,Net Banking
ORD-14316,2025-05-27,May,2025,Clayton Meyers,VIP,Home Office,Central,Burkina Faso,Connecticut,Ashleyhaven,Technology,Accessories,Project,8,559.95,0.06,23.82,4210.82,331.84,0.08,Critical,Net Banking
ORD-14317,2023-08-10,Aug,2023,Arthur King,VIP,Corporate,West,Congo,Pennsylvania,South Victoria,Furniture,Tables,Style,1,168.14,0.04,45.37,161.41,29.48,0.18,High,UPI
ORD-14318,2025-04-08,Apr,2025,Brian Boyd,VIP,Corporate,South,Syrian Arab Republic,Connecticut,West John,Office Supplies,Storage,Must,7,673.17,0.08,24.47,4335.21,653.98,0.15,High,Card
ORD-14319,2023-06-12,Jun,2023,Shelly Fletcher,Returning,Corporate,South,Guernsey,Mississippi,South Brett,Office Supplies,Paper,We,6,379.3,0.24,18.81,1729.61,156.8,0.09,Low,UPI
ORD-14320,2025-11-02,Nov,2025,Doris Reed,New,Home Office,Central,Switzerland,North Dakota,Branditown,Technology,Accessories,City,4,90.0,0.22,33.25,280.8,-26.33,-0.09,High,Card
ORD-14321,2025-04-14,Apr,2025,Kevin Wong,New,Home Office,Central,Netherlands Antilles,Alaska,Bondborough,Furniture,Chairs,First,5,524.81,0.14,14.04,2256.68,-154.47,-0.07,High,Net Banking
ORD-14322,2025-05-04,May,2025,Dr. Amanda Perry,New,Corporate,West,Faroe Islands,New Mexico,Hoffmanview,Furniture,Tables,Fund,5,654.25,0.17,36.0,2715.14,33.07,0.01,Critical,Cash
ORD-14323,2025-09-03,Sep,2025,Brian Hernandez,New,Home Office,North,Canada,New Jersey,Weavershire,Technology,Accessories,Us,8,682.19,0.11,38.43,4857.19,967.09,0.2,Medium,UPI
ORD-14324,2023-04-01,Apr,2023,Jordan Cardenas,New,Corporate,North,Yemen,Pennsylvania,New Danielburgh,Office Supplies,Paper,Eight,6,114.86,0.25,45.24,516.87,-38.49,-0.07,High,Net Banking
ORD-14325,2023-08-24,Aug,2023,Ryan Moran,VIP,Home Office,West,Venezuela,Minnesota,Samuelburgh,Technology,Laptops,Action,2,797.86,0.01,49.05,1579.76,67.95,0.04,Medium,UPI
ORD-14326,2023-03-08,Mar,2023,Justin Brooks,VIP,Corporate,East,Malta,Vermont,Jilltown,Technology,Accessories,Institution,7,695.32,0.03,14.03,4721.22,-359.92,-0.08,Medium,Card
ORD-14327,2025-07-09,Jul,2025,Tommy King,VIP,Consumer,South,Saint Kitts and Nevis,Ohio,Youngborough,Technology,Laptops,Almost,2,692.98,0.29,23.64,984.03,75.04,0.08,Critical,Card
ORD-14328,2025-07-18,Jul,2025,Matthew Mendez,VIP,Consumer,North,Mozambique,Nebraska,Gomezborough,Office Supplies,Paper,Inside,3,74.04,0.09,26.22,202.13,25.98,0.13,High,Net Banking
ORD-14329,2023-02-10,Feb,2023,Paul Greer,Returning,Home Office,Central,Montserrat,Utah,Jacobston,Technology,Laptops,Fly,2,624.19,0.25,9.45,936.29,-92.55,-0.1,Critical,Card
ORD-14330,2024-09-25,Sep,2024,Deborah Gibson,New,Corporate,East,Cameroon,Colorado,New Stephenland,Furniture,Bookcases,Yeah,7,487.42,0.27,32.51,2490.72,512.5,0.21,Medium,Cash
ORD-14331,2024-11-06,Nov,2024,Stephanie Johnson,New,Home Office,South,Timor-Leste,Washington,New Emilyborough,Technology,Laptops,According,4,541.94,0.08,9.27,1994.34,172.07,0.09,Critical,Net Banking
ORD-14332,2025-02-19,Feb,2025,John Neal,Returning,Corporate,Central,Slovenia,Missouri,Jessicachester,Technology,Accessories,Identify,1,245.3,0.02,38.39,240.39,8.83,0.04,Medium,Cash
ORD-14333,2023-08-01,Aug,2023,Stephanie Paul,New,Corporate,North,British Virgin Islands,Virginia,Nicoleland,Technology,Laptops,Interest,6,444.53,0.18,10.86,2187.09,154.86,0.07,Low,Net Banking
ORD-14334,2025-01-03,Jan,2025,Courtney Wright,Returning,Home Office,Central,Timor-Leste,Utah,Corybury,Office Supplies,Storage,Candidate,5,791.93,0.03,14.6,3840.86,339.42,0.09,Medium,UPI
ORD-14335,2024-01-05,Jan,2024,Lydia Mooney,Returning,Home Office,East,Saint Barthelemy,Indiana,Greenmouth,Technology,Phones,Go,8,480.99,0.07,49.42,3578.57,270.09,0.08,Low,Card
ORD-14336,2024-06-04,Jun,2024,Karen Bowen,New,Consumer,East,Christmas Island,Georgia,Millsborough,Office Supplies,Paper,Everyone,2,393.76,0.19,8.22,637.89,146.08,0.23,Medium,Card
ORD-14337,2025-03-06,Mar,2025,Amanda Atkins,Returning,Consumer,South,India,Maryland,Clarkmouth,Office Supplies,Paper,State,10,188.45,0.02,7.01,1846.81,324.24,0.18,High,Cash
ORD-14338,2024-09-08,Sep,2024,Sierra Mills,VIP,Corporate,Central,Niger,Massachusetts,South Jeremy,Office Supplies,Paper,Very,1,300.42,0.19,39.1,243.34,67.53,0.28,High,Net Banking
ORD-14339,2025-08-04,Aug,2025,Debbie Pitts,New,Home Office,West,Guinea,New Mexico,Port Thomasfurt,Office Supplies,Storage,Since,7,78.23,0.04,28.47,525.71,46.03,0.09,Low,Net Banking
ORD-14340,2024-05-28,May,2024,Travis Brown,New,Consumer,North,Dominica,North Dakota,Alanside,Furniture,Chairs,Carry,5,16.21,0.07,30.27,75.38,-1.45,-0.02,Critical,Card
ORD-14341,2025-02-07,Feb,2025,Megan Davis DDS,Returning,Corporate,East,South Africa,Virginia,Jeffreychester,Office Supplies,Paper,Throw,6,240.94,0.09,10.71,1315.53,231.53,0.18,Medium,Card
ORD-14342,2025-02-25,Feb,2025,Heather Gonzalez,New,Home Office,South,Western Sahara,North Carolina,Johnsonmouth,Office Supplies,Paper,Fall,4,141.25,0.12,5.12,497.2,14.21,0.03,High,Net Banking
ORD-14343,2025-05-26,May,2025,Emily Mendez,New,Home Office,Central,Burkina Faso,Pennsylvania,Robertsview,Furniture,Chairs,Mission,7,28.27,0.21,18.21,156.33,-1.22,-0.01,Low,Card
ORD-14344,2023-05-16,May,2023,Xavier Pruitt,New,Home Office,East,Tuvalu,Arkansas,Tamiview,Office Supplies,Storage,Technology,8,186.5,0.28,48.02,1074.24,204.34,0.19,Critical,Cash
ORD-14345,2023-11-11,Nov,2023,Amanda Burton,New,Corporate,East,Macao,Oklahoma,Port Charleschester,Furniture,Tables,Drive,6,92.52,0.27,25.39,405.24,102.38,0.25,Low,UPI
ORD-14346,2023-04-10,Apr,2023,Connie Russell,Returning,Home Office,West,Belize,Hawaii,Leonardhaven,Technology,Laptops,Upon,6,349.96,0.01,18.11,2078.76,-0.74,0.0,Low,Net Banking
ORD-14347,2025-09-19,Sep,2025,Christopher Ford,VIP,Home Office,South,Mayotte,Pennsylvania,South Matthewview,Technology,Phones,Modern,8,64.44,0.19,10.64,417.57,26.53,0.06,Critical,Card
ORD-14348,2023-02-09,Feb,2023,Matthew Duarte,Returning,Consumer,Central,Tunisia,Kentucky,Port Amanda,Furniture,Chairs,Off,10,652.78,0.25,19.68,4895.85,400.07,0.08,Low,Net Banking
ORD-14349,2025-03-26,Mar,2025,Mary Lopez,New,Consumer,South,Guyana,Rhode Island,Beckstad,Technology,Laptops,Hard,7,428.57,0.12,14.73,2639.99,183.09,0.07,Medium,Card
ORD-14350,2024-08-26,Aug,2024,Stephanie Fernandez,Returning,Corporate,North,Eritrea,Massachusetts,Pattersonside,Technology,Phones,Join,7,468.62,0.29,27.27,2329.04,568.13,0.24,High,Cash
ORD-14351,2024-02-22,Feb,2024,Taylor Nelson,VIP,Corporate,South,Malaysia,North Carolina,East Sarafort,Technology,Accessories,Near,5,676.41,0.08,7.01,3111.49,676.89,0.22,High,UPI
ORD-14352,2024-11-07,Nov,2024,Jamie Barnett PhD,Returning,Corporate,Central,Japan,Louisiana,Port Larry,Furniture,Tables,Share,8,749.36,0.05,36.17,5695.14,-492.81,-0.09,Critical,Card
ORD-14353,2025-02-19,Feb,2025,John Marquez,New,Consumer,West,Venezuela,South Carolina,Wesleyland,Furniture,Tables,Threat,4,661.62,0.2,13.79,2117.18,-165.08,-0.08,Critical,Card
ORD-14354,2025-06-06,Jun,2025,Paul Franklin,Returning,Consumer,East,Germany,Alabama,New Ashleyfurt,Technology,Laptops,Role,6,570.12,0.23,32.54,2633.95,706.76,0.27,Medium,Net Banking
ORD-14355,2023-05-25,May,2023,Willie Kane,New,Corporate,West,Saint Lucia,Rhode Island,New Courtneyview,Office Supplies,Storage,As,10,185.26,0.13,10.5,1611.76,76.59,0.05,Medium,UPI
ORD-14356,2024-02-21,Feb,2024,Lisa Brown,VIP,Home Office,North,Romania,Utah,New Joseph,Technology,Phones,Energy,3,53.19,0.17,10.39,132.44,-9.53,-0.07,Critical,UPI
ORD-14357,2024-07-29,Jul,2024,Christopher Estrada,Returning,Consumer,South,Ghana,Kentucky,Castromouth,Technology,Phones,Reveal,4,210.26,0.18,39.64,689.65,165.99,0.24,Medium,Card
ORD-14358,2023-10-17,Oct,2023,Christine Hines,VIP,Consumer,North,Thailand,Kansas,Willischester,Technology,Phones,Her,2,135.01,0.21,27.03,213.32,58.05,0.27,Critical,Net Banking
ORD-14359,2023-01-02,Jan,2023,Alan Schultz,VIP,Home Office,Central,Pitcairn Islands,New Mexico,Mathewsburgh,Technology,Phones,Life,7,148.29,0.15,8.39,882.33,222.23,0.25,Critical,UPI
ORD-14360,2023-09-14,Sep,2023,Anthony Fitzgerald,Returning,Consumer,Central,Peru,Kentucky,Josephview,Furniture,Chairs,Describe,9,381.16,0.04,6.72,3293.22,140.88,0.04,Medium,UPI
ORD-14361,2024-01-10,Jan,2024,John Stevens,New,Consumer,South,Trinidad and Tobago,Mississippi,West Carolyn,Technology,Laptops,Admit,5,787.08,0.24,45.34,2990.9,-101.31,-0.03,Medium,Cash
ORD-14362,2025-01-03,Jan,2025,Anna Brooks,New,Consumer,South,Afghanistan,Maine,Justinfort,Furniture,Tables,Air,3,138.56,0.24,39.59,315.92,41.17,0.13,Medium,UPI
ORD-14363,2024-03-22,Mar,2024,Kathleen Wong,Returning,Corporate,West,Botswana,North Dakota,North Suzanne,Furniture,Bookcases,Wish,10,252.79,0.08,10.47,2325.67,169.99,0.07,High,Card
ORD-14364,2025-07-17,Jul,2025,Amanda Rivera,Returning,Home Office,West,Georgia,Delaware,New Carol,Technology,Phones,Central,10,489.72,0.15,10.91,4162.62,-398.78,-0.1,Low,UPI
ORD-14365,2025-09-18,Sep,2025,Heather West,Returning,Corporate,North,Tunisia,Arkansas,Scottport,Office Supplies,Storage,Can,9,385.47,0.25,37.9,2601.92,480.74,0.18,High,UPI
ORD-14366,2025-08-14,Aug,2025,Lisa Hunt,Returning,Corporate,Central,Kiribati,Arkansas,Davidshire,Office Supplies,Storage,Where,8,573.51,0.02,33.06,4496.32,872.09,0.19,Medium,Cash
ORD-14367,2024-11-09,Nov,2024,Ryan Young,New,Home Office,South,Turkey,Mississippi,Markland,Furniture,Tables,Example,10,71.82,0.05,49.89,682.29,100.06,0.15,Medium,Card
ORD-14368,2024-03-11,Mar,2024,Katie Martinez,Returning,Home Office,East,Azerbaijan,Michigan,Lake Tabitha,Office Supplies,Paper,Local,10,420.97,0.12,43.04,3704.54,714.59,0.19,High,Card
ORD-14369,2023-04-11,Apr,2023,Travis Gonzalez,VIP,Corporate,East,Kyrgyz Republic,Wyoming,Kristenstad,Technology,Laptops,Right,2,380.78,0.27,6.78,555.94,149.31,0.27,Low,Net Banking
ORD-14370,2025-08-22,Aug,2025,Susan Johnson,VIP,Corporate,South,Puerto Rico,Minnesota,Nguyenland,Office Supplies,Binders,Report,5,601.89,0.11,12.04,2678.41,197.7,0.07,High,Cash
ORD-14371,2024-06-22,Jun,2024,Ryan Johnson,Returning,Corporate,West,Timor-Leste,California,Vincentberg,Office Supplies,Paper,Myself,6,296.12,0.03,28.73,1723.42,415.52,0.24,Medium,Cash
ORD-14372,2023-12-28,Dec,2023,Julie Smith,New,Corporate,East,French Guiana,Utah,North Angela,Furniture,Chairs,Pressure,5,82.37,0.07,23.05,383.02,45.04,0.12,Low,UPI
ORD-14373,2023-02-04,Feb,2023,Alicia Hood,Returning,Home Office,West,Moldova,Minnesota,Jenniferchester,Furniture,Chairs,Note,7,748.19,0.22,24.14,4085.12,231.21,0.06,Critical,Net Banking
ORD-14374,2023-03-30,Mar,2023,Nicholas Berg,VIP,Corporate,South,Haiti,Louisiana,Fergusonstad,Furniture,Tables,Item,8,799.34,0.1,25.06,5755.25,-397.11,-0.07,Medium,UPI
ORD-14375,2022-12-07,Dec,2022,Alfred Adams,Returning,Consumer,South,Faroe Islands,Wisconsin,Jasonstad,Office Supplies,Storage,According,4,318.09,0.12,7.41,1119.68,-8.67,-0.01,High,Cash
ORD-14376,2023-09-22,Sep,2023,John Mahoney,VIP,Consumer,North,Cuba,Missouri,East Lauren,Furniture,Bookcases,Road,10,455.59,0.1,18.26,4100.31,1010.17,0.25,Low,Cash
ORD-14377,2024-01-19,Jan,2024,Dr. Raymond Becker,Returning,Home Office,Central,Bangladesh,Pennsylvania,East Kimberlychester,Technology,Accessories,Fall,8,171.27,0.11,48.66,1219.44,358.11,0.29,Low,UPI
ORD-14378,2025-08-04,Aug,2025,Gary Gay,New,Corporate,South,Saint Barthelemy,North Dakota,Guerreroside,Furniture,Bookcases,It,6,549.37,0.17,44.32,2735.86,802.15,0.29,Critical,Card
ORD-14379,2025-02-28,Feb,2025,Randy Thomas,VIP,Corporate,Central,Cameroon,Colorado,Sototown,Furniture,Tables,Key,10,538.81,0.16,22.36,4526.0,-240.83,-0.05,High,Net Banking
ORD-14380,2024-03-02,Mar,2024,Amanda Dyer,New,Consumer,South,Falkland Islands (Malvinas),Montana,Lake Troy,Furniture,Chairs,Suggest,9,331.34,0.21,39.73,2355.83,135.32,0.06,Critical,Cash
ORD-14381,2023-11-26,Nov,2023,Dr. Angela Marquez,Returning,Corporate,North,Nauru,Oklahoma,Lake Anthonyfort,Office Supplies,Storage,Chance,9,25.98,0.23,23.76,180.04,28.85,0.16,Critical,Card
ORD-14382,2025-02-19,Feb,2025,Abigail Smith,VIP,Corporate,South,Cambodia,New Mexico,West Stephenfurt,Technology,Phones,Show,8,722.27,0.06,46.57,5431.47,-259.68,-0.05,High,Card
ORD-14383,2023-09-27,Sep,2023,Corey Short,VIP,Consumer,South,Tuvalu,Ohio,East Joannaberg,Technology,Laptops,Player,9,134.49,0.19,27.99,980.43,147.9,0.15,Medium,Net Banking
ORD-14384,2023-07-27,Jul,2023,Michael Harvey,VIP,Corporate,South,French Polynesia,Virginia,South Katherine,Office Supplies,Binders,New,2,160.27,0.0,42.6,320.54,7.12,0.02,Medium,Cash
ORD-14385,2025-04-16,Apr,2025,Zachary Perez,New,Consumer,East,Madagascar,Alabama,South Emily,Furniture,Bookcases,Worker,5,772.07,0.26,45.81,2856.66,-260.66,-0.09,Critical,Cash
ORD-14386,2025-10-12,Oct,2025,Christine Townsend,Returning,Corporate,West,Iceland,Minnesota,North Jenny,Furniture,Bookcases,Bill,10,499.25,0.2,33.37,3994.0,741.34,0.19,Medium,Cash
ORD-14387,2025-10-30,Oct,2025,Angela Miller,VIP,Home Office,Central,Mali,Arkansas,Robertfort,Furniture,Bookcases,Speech,5,118.54,0.29,39.64,420.82,39.82,0.09,Low,Card
ORD-14388,2024-05-20,May,2024,Matthew Gates,VIP,Corporate,North,Saint Kitts and Nevis,New York,North Normamouth,Furniture,Bookcases,Now,2,310.89,0.18,26.63,509.86,-37.24,-0.07,Critical,UPI
ORD-14389,2024-06-25,Jun,2024,Susan Macdonald,Returning,Consumer,East,Rwanda,Georgia,West Diane,Technology,Laptops,Ability,5,634.79,0.04,33.93,3046.99,593.72,0.19,Critical,Cash
ORD-14390,2023-02-15,Feb,2023,Kimberly Avery,New,Consumer,North,Oman,Alaska,East Jennifer,Technology,Phones,Everyone,4,291.89,0.2,45.35,934.05,277.96,0.3,Low,Cash
ORD-14391,2023-06-06,Jun,2023,Gabriel Ortiz MD,VIP,Corporate,West,Belarus,Indiana,Dennishaven,Office Supplies,Paper,Indicate,10,551.98,0.08,32.38,5078.22,-274.15,-0.05,Medium,Card
ORD-14392,2025-06-22,Jun,2025,Cheryl Freeman,VIP,Consumer,South,Maldives,Michigan,Lake Edward,Office Supplies,Storage,Sure,8,96.45,0.06,5.97,725.3,126.18,0.17,Critical,Cash
ORD-14393,2024-12-31,Dec,2024,Nicole Nelson,VIP,Home Office,Central,Macao,Utah,Christopherfort,Office Supplies,Storage,Him,3,89.66,0.23,38.8,207.11,60.95,0.29,High,Card
ORD-14394,2025-11-04,Nov,2025,Keith Graves,New,Home Office,East,Heard Island and McDonald Islands,Ohio,Hunterburgh,Office Supplies,Storage,Find,4,284.02,0.02,9.35,1113.36,294.1,0.26,Critical,Net Banking
ORD-14395,2025-03-29,Mar,2025,Kelli Cooper,VIP,Home Office,Central,Western Sahara,South Dakota,Hannahland,Office Supplies,Binders,Notice,5,696.15,0.05,15.13,3306.71,166.74,0.05,High,Card
ORD-14396,2025-04-23,Apr,2025,Derek Pope,Returning,Home Office,East,Samoa,Idaho,Lawrenceberg,Office Supplies,Paper,Shoulder,9,386.42,0.21,15.85,2747.45,521.07,0.19,Low,UPI
ORD-14397,2025-06-13,Jun,2025,Monica Floyd,VIP,Corporate,South,Iran,Indiana,West Scotttown,Furniture,Chairs,Less,1,25.33,0.03,48.07,24.57,2.29,0.09,Low,UPI
ORD-14398,2023-10-07,Oct,2023,Tyler Thompson,Returning,Corporate,West,Cocos (Keeling) Islands,Georgia,Riveraview,Furniture,Chairs,Dream,6,683.68,0.16,34.7,3445.75,985.97,0.29,Low,UPI
ORD-14399,2023-03-29,Mar,2023,William Washington,Returning,Consumer,West,Isle of Man,Wyoming,East Charles,Office Supplies,Binders,Member,2,147.31,0.19,32.64,238.64,-14.19,-0.06,Critical,Card
ORD-14400,2023-02-03,Feb,2023,Michelle Schultz,New,Consumer,Central,Isle of Man,Connecticut,Vanessahaven,Office Supplies,Paper,Foreign,6,15.37,0.23,45.11,71.01,3.09,0.04,Critical,Card
ORD-14401,2024-12-13,Dec,2024,Eric Reed,Returning,Corporate,Central,Andorra,Idaho,Travisberg,Technology,Accessories,Necessary,8,345.72,0.13,34.83,2406.21,518.32,0.22,Medium,Cash
ORD-14402,2023-10-25,Oct,2023,Matthew Osborne,New,Corporate,West,Mauritania,Louisiana,Mccoyburgh,Office Supplies,Binders,Only,6,681.35,0.04,16.67,3924.58,1020.51,0.26,Medium,Net Banking
ORD-14403,2024-11-11,Nov,2024,Gabrielle Potts,Returning,Consumer,South,Yemen,New York,Mckinneybury,Furniture,Chairs,Husband,8,666.65,0.12,20.88,4693.22,-45.87,-0.01,Medium,Card
ORD-14404,2023-06-22,Jun,2023,Joseph Todd,Returning,Home Office,South,Israel,South Carolina,North Melissa,Furniture,Bookcases,How,10,635.69,0.02,15.08,6229.76,-424.82,-0.07,Low,Card
ORD-14405,2023-09-01,Sep,2023,Tamara Lee,New,Consumer,Central,Cameroon,Maryland,South Lucasbury,Technology,Accessories,Necessary,2,460.36,0.2,6.82,736.58,153.58,0.21,Low,Cash
ORD-14406,2023-12-16,Dec,2023,Curtis Robbins,New,Corporate,Central,San Marino,Kentucky,Floreschester,Office Supplies,Paper,Director,5,32.47,0.25,36.27,121.76,8.56,0.07,Medium,Cash
ORD-14407,2024-11-03,Nov,2024,Teresa Smith,VIP,Corporate,East,Grenada,Pennsylvania,East Steven,Technology,Accessories,Brother,9,665.99,0.23,12.77,4615.31,687.28,0.15,Medium,Card
ORD-14408,2023-09-10,Sep,2023,Katherine Foster,Returning,Home Office,North,Mauritania,Illinois,Lake Marvin,Furniture,Tables,Imagine,2,657.2,0.13,7.65,1143.53,234.24,0.2,Low,Cash
ORD-14409,2024-03-20,Mar,2024,Ashley Diaz,New,Home Office,North,Peru,Utah,North Nancymouth,Technology,Laptops,Nor,2,398.3,0.29,23.61,565.59,165.01,0.29,High,Net Banking
ORD-14410,2024-01-16,Jan,2024,Sherri Hughes,VIP,Home Office,Central,Sri Lanka,Virginia,Donaldmouth,Office Supplies,Paper,Lawyer,1,461.55,0.22,14.02,360.01,42.24,0.12,Low,UPI
ORD-14411,2022-11-27,Nov,2022,Katrina Brown,New,Consumer,East,Lao People's Democratic Republic,Missouri,Port Randyshire,Technology,Accessories,Energy,2,224.26,0.13,31.91,390.21,21.24,0.05,Low,UPI
ORD-14412,2025-01-04,Jan,2025,Sarah James,VIP,Home Office,East,Uzbekistan,Illinois,Moodyport,Technology,Accessories,Sport,2,663.16,0.3,37.88,928.42,255.63,0.28,Medium,Card
ORD-14413,2024-04-17,Apr,2024,Erica Bennett,VIP,Consumer,Central,Congo,Connecticut,New Matthew,Technology,Laptops,News,7,255.27,0.03,16.57,1733.28,191.72,0.11,Critical,Cash
ORD-14414,2023-02-03,Feb,2023,Garrett Tapia,New,Home Office,South,United Kingdom,California,Jackville,Furniture,Tables,Moment,8,346.89,0.16,20.13,2331.1,307.91,0.13,Critical,Net Banking
ORD-14415,2023-11-28,Nov,2023,Jose Murphy,Returning,Home Office,Central,Tajikistan,Alabama,East Edwardmouth,Office Supplies,Binders,Agreement,4,603.57,0.13,24.23,2100.42,438.98,0.21,High,UPI
ORD-14416,2025-02-20,Feb,2025,Alicia Wilson,Returning,Consumer,Central,Niger,Indiana,South Danielmouth,Technology,Phones,But,2,164.48,0.1,5.44,296.06,9.18,0.03,Low,Cash
ORD-14417,2025-07-26,Jul,2025,Rebecca Robinson,Returning,Corporate,Central,Saudi Arabia,Connecticut,New Jeffrey,Furniture,Tables,Score,2,210.45,0.13,31.13,366.18,-7.95,-0.02,Critical,Card
ORD-14418,2023-11-17,Nov,2023,Kathryn Wheeler,Returning,Corporate,North,Mexico,North Dakota,Port Ryan,Office Supplies,Binders,Opportunity,4,522.63,0.01,43.11,2069.61,-206.91,-0.1,Critical,Net Banking
ORD-14419,2023-11-07,Nov,2023,Kelly Perry,VIP,Corporate,South,Senegal,Mississippi,West Priscilla,Office Supplies,Storage,Group,5,726.4,0.19,17.77,2941.92,302.77,0.1,Critical,Net Banking
ORD-14420,2024-08-28,Aug,2024,Tyler Thomas,Returning,Consumer,West,Burkina Faso,Texas,Ashleymouth,Office Supplies,Binders,Forget,4,472.23,0.24,41.16,1435.58,24.12,0.02,Low,UPI
ORD-14421,2025-02-17,Feb,2025,Emma Mercer,New,Home Office,North,United Kingdom,Hawaii,Hubershire,Furniture,Tables,Big,7,274.32,0.06,48.34,1805.03,5.48,0.0,Critical,UPI
ORD-14422,2025-04-05,Apr,2025,Jessica Cooper,VIP,Consumer,East,Turkmenistan,Connecticut,Catherineview,Technology,Accessories,Hour,7,268.62,0.26,37.37,1391.45,139.9,0.1,Critical,Cash
ORD-14423,2023-10-17,Oct,2023,Scott Hicks,VIP,Corporate,East,Suriname,Kentucky,East Matthew,Technology,Accessories,Conference,1,510.0,0.24,30.17,387.6,41.15,0.11,High,Net Banking
ORD-14424,2025-02-08,Feb,2025,Kimberly Phillips,Returning,Consumer,Central,Ghana,Utah,Lake Robertshire,Furniture,Chairs,Senior,4,144.04,0.18,35.78,472.45,94.18,0.2,Critical,Card
ORD-14425,2024-05-28,May,2024,Michael Rojas,VIP,Consumer,West,Niger,Montana,South Vincent,Technology,Laptops,Campaign,10,67.98,0.14,43.61,584.63,76.79,0.13,High,UPI
ORD-14426,2024-06-17,Jun,2024,Daniel Howard,Returning,Consumer,South,Palestinian Territory,Kentucky,Port Michaelfurt,Furniture,Bookcases,Law,9,399.48,0.16,31.27,3020.07,170.06,0.06,Medium,Card
ORD-14427,2025-01-22,Jan,2025,Julia Washington,New,Corporate,East,Afghanistan,Louisiana,Ronaldview,Technology,Accessories,Small,4,294.35,0.0,16.04,1177.4,172.83,0.15,High,Card
ORD-14428,2024-06-09,Jun,2024,Amy Olson,New,Corporate,East,Jersey,Michigan,Pearsonville,Technology,Laptops,Which,6,320.36,0.26,5.94,1422.4,321.84,0.23,Medium,Cash
ORD-14429,2023-11-27,Nov,2023,Todd Taylor,Returning,Corporate,North,Costa Rica,Virginia,West Karenbury,Furniture,Chairs,While,9,595.1,0.05,30.83,5088.11,-431.81,-0.08,Critical,UPI
ORD-14430,2024-01-04,Jan,2024,Jennifer Kirk,New,Consumer,South,New Caledonia,Kentucky,Whitetown,Technology,Phones,Ready,5,550.61,0.0,43.4,2753.05,77.56,0.03,Critical,Cash
ORD-14431,2025-06-30,Jun,2025,Kevin Todd,VIP,Home Office,South,Kenya,Maryland,West Anita,Office Supplies,Paper,Character,2,213.61,0.25,32.86,320.42,65.86,0.21,Low,Net Banking
ORD-14432,2025-10-28,Oct,2025,Daniel Robinson,VIP,Home Office,East,Malawi,Hawaii,Jenniferville,Office Supplies,Paper,Card,1,71.91,0.11,12.21,64.0,12.48,0.2,Low,Net Banking
ORD-14433,2023-09-02,Sep,2023,Matthew Gonzalez,Returning,Home Office,South,Kiribati,Montana,Heatherview,Office Supplies,Paper,Finally,5,667.73,0.08,9.51,3071.56,560.76,0.18,Low,Net Banking
ORD-14434,2025-09-25,Sep,2025,Michele Hill,Returning,Home Office,West,Luxembourg,Maryland,South Lisa,Office Supplies,Storage,Represent,8,168.65,0.29,29.26,957.93,-62.43,-0.07,High,Net Banking
ORD-14435,2025-07-20,Jul,2025,Richard Hill,New,Consumer,North,Tonga,Iowa,Aliciafurt,Office Supplies,Binders,Light,9,300.27,0.26,26.94,1999.8,201.04,0.1,Medium,Cash
ORD-14436,2022-12-07,Dec,2022,Joseph Carter,Returning,Home Office,South,Northern Mariana Islands,Connecticut,Meadowsshire,Office Supplies,Storage,Water,7,227.17,0.18,7.62,1303.96,316.13,0.24,Medium,Card
ORD-14437,2025-06-05,Jun,2025,Amber Drake,New,Corporate,East,Niger,Kansas,North Veronicaburgh,Office Supplies,Binders,As,9,391.32,0.01,21.68,3486.66,620.83,0.18,High,Cash
ORD-14438,2025-04-18,Apr,2025,Carlos Taylor,Returning,Corporate,East,Hong Kong,Washington,Duranstad,Office Supplies,Storage,Style,10,501.22,0.16,30.09,4210.25,409.49,0.1,Low,Net Banking
ORD-14439,2025-08-26,Aug,2025,Wanda Hicks,VIP,Consumer,North,Palestinian Territory,Louisiana,New Brianside,Office Supplies,Binders,Southern,3,600.61,0.12,40.76,1585.61,285.94,0.18,High,UPI
ORD-14440,2024-08-15,Aug,2024,Francisco Adkins,VIP,Corporate,Central,Saint Helena,Wisconsin,East Bradleyville,Technology,Phones,Book,6,165.78,0.2,48.59,795.74,114.4,0.14,Critical,UPI
ORD-14441,2024-05-15,May,2024,Michael Mcgee,VIP,Consumer,West,Jamaica,North Carolina,Brandonview,Furniture,Bookcases,Western,10,437.28,0.21,42.82,3454.51,633.41,0.18,Low,Net Banking
ORD-14442,2025-01-28,Jan,2025,Katherine Smith,Returning,Corporate,West,Micronesia,Washington,Brandonville,Furniture,Chairs,According,2,435.24,0.09,19.09,792.14,189.57,0.24,Critical,Cash
ORD-14443,2023-06-09,Jun,2023,Thomas Huerta,Returning,Corporate,West,Equatorial Guinea,New Jersey,Aguilarburgh,Technology,Laptops,Modern,3,553.23,0.27,11.95,1211.57,49.02,0.04,Medium,Card
ORD-14444,2023-05-09,May,2023,Allen Glenn,New,Consumer,South,Iceland,Virginia,East Helen,Technology,Phones,List,3,377.04,0.15,42.63,961.45,-81.33,-0.08,Critical,Cash
ORD-14445,2025-05-04,May,2025,Cindy Torres,Returning,Corporate,Central,Lesotho,Nevada,Dixonmouth,Office Supplies,Paper,Director,7,366.18,0.11,48.2,2281.3,109.71,0.05,High,Card
ORD-14446,2023-03-26,Mar,2023,Nancy Vasquez,Returning,Corporate,West,Comoros,Minnesota,West Matthew,Office Supplies,Storage,Nearly,6,295.66,0.17,44.21,1472.39,-100.22,-0.07,High,Card
ORD-14447,2025-05-20,May,2025,Sean Lee,New,Consumer,East,Finland,Connecticut,North Sarahburgh,Technology,Phones,Base,9,704.94,0.13,45.49,5519.68,717.86,0.13,High,Card
ORD-14448,2024-03-17,Mar,2024,Michael Evans,Returning,Consumer,Central,Heard Island and McDonald Islands,Alabama,Adrienneburgh,Furniture,Chairs,Ok,3,731.29,0.17,24.39,1820.91,241.5,0.13,Low,Cash
ORD-14449,2023-11-10,Nov,2023,Jason Casey,Returning,Consumer,Central,Ghana,New Mexico,Lake Robertmouth,Furniture,Tables,Water,6,451.39,0.02,13.12,2654.17,328.59,0.12,Medium,UPI
ORD-14450,2024-09-02,Sep,2024,Brad Jones,VIP,Home Office,Central,Aruba,Arizona,Vasquezhaven,Office Supplies,Paper,Suddenly,6,87.42,0.12,28.71,461.58,69.26,0.15,Medium,Cash
ORD-14451,2025-06-29,Jun,2025,Eric Smith,Returning,Consumer,South,Turkey,North Dakota,Morganfurt,Office Supplies,Binders,National,2,619.21,0.12,10.32,1089.81,-68.33,-0.06,High,UPI
ORD-14452,2022-12-21,Dec,2022,Christopher Fischer,New,Home Office,North,Holy See (Vatican City State),Colorado,Garzaside,Office Supplies,Binders,Up,5,319.62,0.03,21.56,1550.16,-58.07,-0.04,Critical,Card
ORD-14453,2024-12-23,Dec,2024,Christine Harris,Returning,Corporate,Central,Macao,Indiana,Lambury,Furniture,Chairs,Audience,3,42.91,0.26,26.55,95.26,21.75,0.23,Medium,Net Banking
ORD-14454,2025-08-29,Aug,2025,David Patterson,Returning,Consumer,South,Sao Tome and Principe,Georgia,Monicaborough,Technology,Phones,People,8,633.53,0.01,36.93,5017.56,266.03,0.05,Medium,UPI
ORD-14455,2025-09-15,Sep,2025,Courtney Reyes,VIP,Consumer,Central,Tokelau,Massachusetts,Joshuastad,Office Supplies,Paper,Heart,7,647.46,0.11,29.89,4033.68,-314.12,-0.08,Critical,Cash
ORD-14456,2024-09-22,Sep,2024,Jennifer Gonzalez,VIP,Home Office,South,Dominica,Idaho,Lake Michael,Office Supplies,Storage,Ever,8,444.94,0.24,29.25,2705.24,-88.91,-0.03,Medium,Card
ORD-14457,2023-07-17,Jul,2023,Amanda Miranda,Returning,Consumer,North,Sri Lanka,Pennsylvania,Mitchellmouth,Office Supplies,Binders,Star,3,370.72,0.14,15.08,956.46,137.13,0.14,Low,UPI
ORD-14458,2023-06-19,Jun,2023,Wanda Briggs,Returning,Home Office,North,Norway,Rhode Island,Stanleyhaven,Technology,Laptops,Commercial,7,210.01,0.05,15.08,1396.57,32.71,0.02,Medium,Net Banking
ORD-14459,2025-05-06,May,2025,Danielle Cohen,VIP,Home Office,Central,Sudan,South Carolina,Evanschester,Technology,Laptops,Tv,8,511.18,0.07,43.11,3803.18,554.85,0.15,Critical,Card
ORD-14460,2023-06-19,Jun,2023,Jared Moss,Returning,Home Office,South,Tunisia,Oregon,Eugeneville,Office Supplies,Binders,Matter,8,571.81,0.02,35.94,4482.99,-67.11,-0.01,Critical,Cash
ORD-14461,2024-03-07,Mar,2024,Ronald Sanders,Returning,Corporate,West,Zimbabwe,Hawaii,West Leslie,Office Supplies,Paper,Team,8,203.78,0.29,20.75,1157.47,133.18,0.12,Low,UPI
ORD-14462,2023-03-18,Mar,2023,Rachel Burns,Returning,Corporate,East,Saudi Arabia,Utah,Lake Susanton,Furniture,Bookcases,Suddenly,10,261.34,0.01,32.72,2587.27,-53.7,-0.02,Low,Cash
ORD-14463,2024-01-14,Jan,2024,Michael Hernandez,Returning,Corporate,North,Micronesia,Kentucky,Quinnburgh,Office Supplies,Storage,Car,1,664.42,0.21,33.39,524.89,107.46,0.2,High,Cash
ORD-14464,2024-07-21,Jul,2024,Karen Zuniga,New,Corporate,West,Spain,South Dakota,South Luis,Office Supplies,Paper,Feeling,6,151.1,0.22,47.22,707.15,140.56,0.2,High,Cash
ORD-14465,2022-12-04,Dec,2022,Shaun Dunn,New,Home Office,South,Martinique,New Jersey,Lawsontown,Office Supplies,Binders,Billion,2,636.6,0.25,15.53,954.9,258.87,0.27,Medium,Net Banking
ORD-14466,2024-03-07,Mar,2024,Julia Black,New,Consumer,South,Bouvet Island (Bouvetoya),New Hampshire,West Maryport,Furniture,Chairs,Positive,5,733.32,0.08,26.09,3373.27,298.93,0.09,Low,Cash
ORD-14467,2024-04-12,Apr,2024,Stephanie Taylor,Returning,Consumer,Central,Chile,Rhode Island,Coxton,Office Supplies,Storage,Not,1,442.52,0.24,34.85,336.32,76.09,0.23,Critical,UPI
ORD-14468,2023-10-05,Oct,2023,Taylor Brown,VIP,Consumer,West,Bulgaria,California,Sawyerbury,Furniture,Tables,How,2,782.87,0.08,49.82,1440.48,177.57,0.12,High,Cash
ORD-14469,2025-10-26,Oct,2025,David Rich,Returning,Corporate,North,Cambodia,Arizona,New Patrick,Furniture,Tables,Local,5,638.12,0.14,21.38,2743.92,663.35,0.24,Low,Cash
ORD-14470,2023-11-11,Nov,2023,Sonia Figueroa,New,Consumer,West,Mauritius,North Dakota,Port Amanda,Furniture,Tables,Inside,4,287.09,0.14,17.57,987.59,282.05,0.29,Critical,Net Banking
ORD-14471,2023-07-28,Jul,2023,Christian Russell,New,Consumer,East,Madagascar,Oregon,Janettown,Office Supplies,Paper,Bit,8,101.61,0.11,20.35,723.46,47.02,0.06,High,Card
ORD-14472,2024-10-12,Oct,2024,Wendy Shea,Returning,Home Office,Central,Bulgaria,Vermont,East Mathewtown,Office Supplies,Binders,Window,6,323.67,0.13,14.97,1689.56,108.55,0.06,Medium,Net Banking
ORD-14473,2024-09-13,Sep,2024,Kendra Elliott,Returning,Consumer,East,United States of America,Michigan,West Sarah,Furniture,Bookcases,Technology,4,732.66,0.17,17.08,2432.43,-36.16,-0.01,Medium,Net Banking
ORD-14474,2023-02-14,Feb,2023,Autumn Hoffman,New,Consumer,North,Pakistan,Maryland,Davidsonland,Technology,Laptops,Say,2,471.92,0.16,20.21,792.83,237.08,0.3,High,Card
ORD-14475,2024-04-16,Apr,2024,Michele Klein,Returning,Consumer,East,Burkina Faso,New Mexico,Lake Jordanbury,Technology,Accessories,Fact,7,556.17,0.25,36.55,2919.89,578.87,0.2,High,Net Banking
ORD-14476,2025-08-21,Aug,2025,Bryan Pratt,VIP,Consumer,North,Christmas Island,North Dakota,West Vanessa,Furniture,Bookcases,Development,10,707.51,0.0,14.54,7075.1,1395.4,0.2,Medium,Net Banking
ORD-14477,2023-08-30,Aug,2023,Melissa Walton DDS,VIP,Home Office,North,Kenya,West Virginia,Padillaport,Furniture,Bookcases,Clear,1,91.98,0.2,34.42,73.58,-7.35,-0.1,High,Net Banking
ORD-14478,2025-06-19,Jun,2025,Bruce Gray,Returning,Home Office,West,Morocco,Colorado,Danburgh,Office Supplies,Paper,Alone,3,395.91,0.09,45.38,1080.83,-63.82,-0.06,Critical,UPI
ORD-14479,2025-01-20,Jan,2025,Joseph Hansen,Returning,Consumer,North,Netherlands Antilles,New Jersey,East Samanthamouth,Furniture,Tables,Investment,7,108.66,0.13,22.39,661.74,180.93,0.27,High,Cash
ORD-14480,2022-12-20,Dec,2022,Emma Armstrong,Returning,Home Office,North,Ethiopia,Wyoming,Donaldville,Technology,Laptops,Eye,6,23.09,0.24,32.52,105.29,-7.35,-0.07,High,UPI
ORD-14481,2024-05-25,May,2024,Dana Reyes,Returning,Home Office,East,Burundi,Mississippi,Nguyenchester,Technology,Accessories,However,10,55.73,0.16,28.34,468.13,65.66,0.14,Medium,Cash
ORD-14482,2024-09-09,Sep,2024,Cameron Cook,Returning,Corporate,Central,Uzbekistan,Ohio,East Rachelville,Office Supplies,Paper,Information,9,306.84,0.14,45.58,2374.94,75.21,0.03,Medium,Net Banking
ORD-14483,2023-02-10,Feb,2023,Andrea Schneider,New,Consumer,East,Equatorial Guinea,Montana,Natashaland,Technology,Phones,Ever,1,495.99,0.07,27.12,461.27,-16.61,-0.04,High,Cash
ORD-14484,2023-10-31,Oct,2023,Shaun Callahan,VIP,Corporate,East,Vietnam,Iowa,Port Heatherfurt,Furniture,Tables,Full,3,93.03,0.13,20.42,242.81,-0.19,0.0,Medium,Cash
ORD-14485,2024-08-09,Aug,2024,Dalton Gordon,New,Home Office,West,Slovenia,Arizona,Meyerview,Office Supplies,Storage,Eight,7,653.96,0.13,27.3,3982.62,429.83,0.11,Low,Card
ORD-14486,2025-05-12,May,2025,Julie Hubbard,VIP,Consumer,West,Brunei Darussalam,New Jersey,New Kristintown,Furniture,Bookcases,May,3,334.24,0.05,48.51,952.58,54.77,0.06,Low,Net Banking
ORD-14487,2025-03-18,Mar,2025,Sara Morrison,New,Home Office,East,Croatia,Iowa,Karenville,Furniture,Tables,Individual,6,598.08,0.25,12.23,2691.36,545.19,0.2,Critical,Net Banking
ORD-14488,2025-09-25,Sep,2025,Brian Ford MD,Returning,Corporate,North,Wallis and Futuna,Kansas,Port Brent,Office Supplies,Paper,Who,7,787.47,0.17,29.41,4575.2,1306.93,0.29,Medium,Cash
ORD-14489,2023-09-29,Sep,2023,Nicole Rogers,New,Home Office,West,Antigua and Barbuda,Arkansas,Moralesberg,Technology,Phones,Budget,1,286.79,0.15,24.5,243.77,3.6,0.01,Medium,Net Banking
ORD-14490,2023-06-14,Jun,2023,Alexis Gonzalez,New,Corporate,Central,Mongolia,South Carolina,Alexandriamouth,Office Supplies,Paper,Admit,10,499.31,0.07,45.64,4643.58,1176.47,0.25,Critical,Net Banking
ORD-14491,2024-12-05,Dec,2024,Dawn Brown,Returning,Home Office,East,Tonga,Oklahoma,Lake Christina,Furniture,Chairs,These,6,529.14,0.19,17.75,2571.62,-163.24,-0.06,High,Cash
ORD-14492,2022-12-07,Dec,2022,Elizabeth Leonard,New,Corporate,South,Suriname,Alabama,North Samuel,Technology,Accessories,Compare,5,736.63,0.13,34.63,3204.34,-167.15,-0.05,Low,Card
ORD-14493,2023-05-30,May,2023,Jeffrey Francis,Returning,Corporate,South,Montserrat,Nevada,West Jessicamouth,Technology,Accessories,Address,9,554.26,0.29,32.37,3541.72,183.4,0.05,Critical,UPI
ORD-14494,2025-08-19,Aug,2025,Ronnie Chen,Returning,Corporate,West,Cape Verde,California,Bridgetfurt,Furniture,Tables,Benefit,9,510.66,0.29,49.59,3263.12,768.34,0.24,Critical,UPI
ORD-14495,2025-07-01,Jul,2025,Rebecca Bass,VIP,Home Office,North,China,California,East Shelby,Furniture,Chairs,Particularly,7,171.11,0.12,38.73,1054.04,-89.44,-0.08,Low,Card
ORD-14496,2023-05-18,May,2023,Todd Schmidt,Returning,Home Office,West,Spain,Ohio,Benjamintown,Furniture,Tables,Machine,2,666.24,0.27,36.43,972.71,104.95,0.11,Medium,UPI
ORD-14497,2022-12-23,Dec,2022,Jordan Kent,New,Corporate,North,Croatia,California,West Eric,Technology,Laptops,Four,2,569.65,0.15,48.08,968.4,231.0,0.24,High,Cash
ORD-14498,2024-12-03,Dec,2024,Charles White,Returning,Home Office,West,Micronesia,New York,West Andrefurt,Furniture,Tables,Along,8,698.29,0.08,7.15,5139.41,-223.06,-0.04,High,Card
ORD-14499,2023-03-12,Mar,2023,Leslie Howell,New,Consumer,West,Libyan Arab Jamahiriya,Oklahoma,Kevinville,Technology,Phones,Doctor,7,625.84,0.17,44.95,3636.13,179.23,0.05,High,Cash
ORD-14500,2024-07-09,Jul,2024,James Rodriguez,Returning,Consumer,West,Guadeloupe,Georgia,Johnsonville,Furniture,Bookcases,Anyone,1,428.07,0.18,44.67,351.02,20.89,0.06,Low,Card
ORD-14501,2025-06-18,Jun,2025,Anthony Jones,New,Corporate,North,Andorra,North Dakota,New Oscar,Office Supplies,Binders,General,2,598.63,0.28,25.39,862.03,175.65,0.2,Medium,Cash
ORD-14502,2025-01-18,Jan,2025,Amy Johnson,Returning,Corporate,South,Nauru,Illinois,Lake Erikafort,Technology,Laptops,Forget,5,694.44,0.25,23.7,2604.15,-111.19,-0.04,High,Card
ORD-14503,2024-08-01,Aug,2024,Catherine Krueger,Returning,Consumer,Central,Northern Mariana Islands,North Carolina,Leshire,Furniture,Tables,Thank,1,645.65,0.26,42.42,477.78,-14.92,-0.03,Critical,UPI
ORD-14504,2023-03-12,Mar,2023,William Porter,New,Home Office,Central,Armenia,Pennsylvania,New Erikshire,Office Supplies,Binders,Join,7,169.03,0.16,49.21,993.9,99.28,0.1,Critical,Card
ORD-14505,2025-01-26,Jan,2025,Justin Stanton,New,Home Office,Central,Macao,California,Sanchezside,Office Supplies,Storage,Interest,1,748.76,0.24,43.94,569.06,64.01,0.11,High,Card
ORD-14506,2025-07-13,Jul,2025,Tiffany Robinson,VIP,Home Office,East,Greece,Minnesota,South Rickeymouth,Furniture,Tables,Without,5,649.75,0.1,44.29,2923.88,162.42,0.06,Critical,UPI
ORD-14507,2024-12-26,Dec,2024,Christian Black,VIP,Corporate,East,Bangladesh,Alabama,Adamsmouth,Technology,Accessories,Player,4,708.24,0.23,30.7,2181.38,-3.5,0.0,Low,UPI
ORD-14508,2023-12-09,Dec,2023,Dawn Chambers,New,Home Office,East,Korea,Wisconsin,Samuelberg,Furniture,Tables,Employee,8,295.21,0.28,20.42,1700.41,317.53,0.19,Critical,UPI
ORD-14509,2024-05-05,May,2024,Reginald Houston,New,Home Office,East,Indonesia,Montana,Castrofurt,Technology,Phones,Less,8,314.44,0.09,12.98,2289.12,38.44,0.02,Medium,Cash
ORD-14510,2025-08-10,Aug,2025,Jonathon Murphy DDS,Returning,Consumer,Central,Peru,Illinois,Jameston,Office Supplies,Storage,Follow,1,358.48,0.01,25.72,354.9,94.96,0.27,High,Cash
ORD-14511,2024-11-07,Nov,2024,Suzanne Lowe,New,Corporate,North,Kyrgyz Republic,Wyoming,South Christopher,Technology,Phones,Collection,2,222.41,0.18,8.9,364.75,10.99,0.03,Low,UPI
ORD-14512,2024-07-06,Jul,2024,Stephanie Gordon,Returning,Corporate,West,Palau,Iowa,North Joshua,Office Supplies,Binders,Officer,2,197.9,0.27,25.49,288.93,15.84,0.05,Medium,Net Banking
ORD-14513,2023-04-15,Apr,2023,Erica Horton,Returning,Home Office,East,Dominica,Oregon,Elizabethside,Office Supplies,Storage,Table,2,137.58,0.2,13.75,220.13,-6.63,-0.03,Low,Cash
ORD-14514,2023-06-06,Jun,2023,David Hardy,New,Consumer,South,Zambia,Nebraska,Shaffermouth,Furniture,Chairs,Side,7,585.01,0.28,24.76,2948.45,32.63,0.01,High,UPI
ORD-14515,2025-09-02,Sep,2025,Mark Fowler,New,Consumer,West,Western Sahara,California,Bendermouth,Furniture,Chairs,However,2,225.07,0.07,29.97,418.63,-18.07,-0.04,Critical,UPI
ORD-14516,2023-11-20,Nov,2023,Derrick Ward,Returning,Corporate,North,Korea,Alaska,Jonesview,Technology,Laptops,Reach,7,297.04,0.1,46.42,1871.35,258.91,0.14,Medium,Net Banking
ORD-14517,2024-12-26,Dec,2024,Michelle Johnson,Returning,Consumer,East,Guadeloupe,Ohio,South Cole,Technology,Laptops,Think,4,527.48,0.07,35.87,1962.23,-88.27,-0.04,Critical,Card
ORD-14518,2024-08-06,Aug,2024,Carla Martinez,New,Consumer,North,Cyprus,Kentucky,South Aaronberg,Office Supplies,Paper,Hospital,2,550.52,0.28,25.53,792.75,144.93,0.18,Medium,Cash
ORD-14519,2025-06-24,Jun,2025,Kelly Matthews,VIP,Consumer,East,India,Louisiana,Biancamouth,Furniture,Tables,Visit,4,617.48,0.08,25.04,2272.33,-185.03,-0.08,High,Cash
ORD-14520,2024-11-12,Nov,2024,Michael Young,New,Corporate,East,Kazakhstan,New Jersey,Haileyview,Technology,Accessories,Wall,2,84.19,0.2,49.56,134.7,36.35,0.27,Medium,UPI
ORD-14521,2024-08-16,Aug,2024,Kathryn Brown,VIP,Corporate,South,Syrian Arab Republic,Indiana,Terrymouth,Office Supplies,Binders,War,8,224.28,0.01,34.62,1776.3,370.28,0.21,Low,Cash
ORD-14522,2024-12-08,Dec,2024,Allison Luna,New,Consumer,West,Tunisia,North Dakota,West Katrina,Furniture,Chairs,Election,3,47.4,0.12,22.79,125.14,10.51,0.08,Critical,Cash
ORD-14523,2024-11-06,Nov,2024,Kristine Brown,VIP,Home Office,North,Antarctica (the territory South of 60 deg S),Virginia,Robertberg,Office Supplies,Binders,Watch,10,390.95,0.19,19.73,3166.7,628.62,0.2,Critical,Cash
ORD-14524,2025-08-29,Aug,2025,Gary Newman,VIP,Home Office,West,Bahrain,Georgia,North Dakotabury,Office Supplies,Paper,Rather,7,373.46,0.16,27.3,2195.94,520.93,0.24,Medium,UPI
ORD-14525,2023-05-31,May,2023,Michelle Graham,Returning,Consumer,South,Slovenia,North Carolina,Bryantton,Furniture,Tables,Pretty,5,250.23,0.06,18.5,1176.08,-116.42,-0.1,Medium,Card
ORD-14526,2024-02-05,Feb,2024,Brian Ramsey,VIP,Consumer,Central,Western Sahara,Oklahoma,Frankville,Furniture,Tables,Our,6,272.6,0.16,46.58,1373.9,286.09,0.21,Low,Cash
ORD-14527,2025-07-13,Jul,2025,Nicole Benitez,Returning,Consumer,South,Cook Islands,Montana,Kennedyhaven,Furniture,Tables,Rate,7,209.22,0.02,36.71,1435.25,300.69,0.21,Critical,Cash
ORD-14528,2025-09-10,Sep,2025,Kristen Howard,Returning,Corporate,Central,Peru,New Jersey,Lake Arthurfurt,Technology,Phones,About,5,575.07,0.14,17.72,2472.8,528.98,0.21,Critical,Card
ORD-14529,2024-04-23,Apr,2024,Tony Romero,Returning,Corporate,Central,Spain,Louisiana,New Zacharyview,Office Supplies,Binders,Send,8,184.27,0.04,16.26,1415.19,408.55,0.29,High,Card
ORD-14530,2025-03-26,Mar,2025,Robert King,VIP,Home Office,North,Macedonia,Georgia,New Bobbyton,Technology,Phones,Audience,8,110.14,0.07,15.26,819.44,30.94,0.04,Low,Net Banking
ORD-14531,2022-12-25,Dec,2022,Travis Lee,Returning,Corporate,West,Tanzania,Missouri,New Nicolestad,Furniture,Bookcases,Cultural,8,717.89,0.0,37.91,5743.12,72.59,0.01,High,Card
ORD-14532,2025-09-14,Sep,2025,Bethany Campbell,New,Home Office,North,Reunion,Virginia,South Ashley,Technology,Accessories,Son,9,657.3,0.08,49.1,5442.44,-319.48,-0.06,Medium,Net Banking
ORD-14533,2024-10-25,Oct,2024,Barbara Townsend,VIP,Home Office,East,Czech Republic,Virginia,Floresberg,Office Supplies,Paper,Ball,3,269.94,0.22,38.26,631.66,140.83,0.22,Critical,UPI
ORD-14534,2024-11-04,Nov,2024,Erin Green,VIP,Corporate,West,Yemen,Idaho,South Stephanieborough,Technology,Accessories,That,7,94.63,0.05,17.33,629.29,20.09,0.03,Low,UPI
ORD-14535,2023-01-15,Jan,2023,Ryan Wallace,New,Home Office,South,United States Virgin Islands,Indiana,South Markbury,Furniture,Tables,Leave,6,244.15,0.16,9.4,1230.52,145.58,0.12,High,Cash
ORD-14536,2025-01-22,Jan,2025,Francisco Richardson,New,Consumer,North,Ukraine,Alaska,Juanmouth,Technology,Phones,Clearly,8,176.7,0.05,35.47,1342.92,324.59,0.24,High,Net Banking
ORD-14537,2025-08-16,Aug,2025,Cynthia Edwards,Returning,Consumer,Central,Dominica,Tennessee,Nortonview,Furniture,Bookcases,Born,8,95.63,0.16,48.18,642.63,63.02,0.1,Medium,Cash
ORD-14538,2025-05-03,May,2025,Greg Turner,Returning,Home Office,North,Kuwait,California,West Andrew,Furniture,Tables,Together,9,342.56,0.19,9.8,2497.26,-206.37,-0.08,Critical,UPI
ORD-14539,2023-12-27,Dec,2023,John Davis Jr.,VIP,Home Office,West,Fiji,Iowa,Lake Josephstad,Furniture,Chairs,Source,2,656.72,0.19,29.16,1063.89,-87.88,-0.08,Low,UPI
ORD-14540,2023-08-21,Aug,2023,David Walsh,Returning,Corporate,East,Saint Pierre and Miquelon,South Dakota,Carlville,Technology,Phones,Rich,2,535.87,0.27,42.87,782.37,97.05,0.12,High,UPI
ORD-14541,2022-12-03,Dec,2022,Emily Hayes,New,Home Office,East,Brazil,Florida,East Sabrina,Office Supplies,Paper,Education,10,451.09,0.18,29.44,3698.94,-287.91,-0.08,Low,Cash
ORD-14542,2023-03-31,Mar,2023,Walter Bell,Returning,Home Office,South,Mongolia,Florida,Lake Lindaburgh,Office Supplies,Paper,Write,10,766.18,0.04,28.18,7355.33,-178.17,-0.02,Medium,Card
ORD-14543,2025-11-01,Nov,2025,Dr. Amy Perez,New,Home Office,North,Botswana,Kentucky,Woodsfurt,Office Supplies,Paper,Air,3,570.18,0.23,21.41,1317.12,111.96,0.09,Critical,Cash
ORD-14544,2023-04-16,Apr,2023,Denise Conrad,Returning,Home Office,East,Sri Lanka,Kansas,North Jessicaburgh,Technology,Phones,And,7,576.31,0.11,32.46,3590.41,800.06,0.22,Critical,Cash
ORD-14545,2023-02-26,Feb,2023,Carla Ryan,Returning,Home Office,North,Oman,Alabama,Mclaughlinfort,Furniture,Tables,Street,4,82.1,0.27,32.33,239.73,-0.65,0.0,Low,Card
ORD-14546,2025-05-15,May,2025,Elizabeth Santos,Returning,Home Office,South,Paraguay,Utah,North Maryshire,Office Supplies,Paper,The,1,75.66,0.18,35.92,62.04,10.92,0.18,Medium,Card
ORD-14547,2025-02-09,Feb,2025,David Golden,VIP,Home Office,Central,Slovenia,Utah,West Jenniferton,Technology,Phones,Part,8,180.83,0.18,20.69,1186.24,329.61,0.28,Low,Cash
ORD-14548,2022-12-01,Dec,2022,Victoria Stevens,New,Corporate,East,Ecuador,Wyoming,North Ashleyborough,Furniture,Tables,Standard,7,667.07,0.07,44.43,4342.63,1145.84,0.26,High,Cash
ORD-14549,2024-05-18,May,2024,Renee Foster,New,Home Office,East,Mozambique,Georgia,Jacobfort,Office Supplies,Binders,Experience,9,436.51,0.25,45.44,2946.44,245.41,0.08,High,Card
ORD-14550,2023-09-06,Sep,2023,Michael Davenport,Returning,Consumer,North,Pitcairn Islands,Kentucky,Louisfort,Furniture,Bookcases,Fund,2,642.16,0.16,44.4,1078.83,132.02,0.12,Medium,Cash
ORD-14551,2023-04-28,Apr,2023,Erica Lewis DVM,New,Corporate,South,Honduras,Michigan,Martinezmouth,Office Supplies,Storage,Bag,5,647.59,0.07,43.16,3011.29,677.41,0.22,Low,Cash
ORD-14552,2023-08-29,Aug,2023,Angela Mccormick,Returning,Corporate,South,Syrian Arab Republic,Connecticut,Aliciaborough,Office Supplies,Storage,Let,6,183.08,0.2,22.68,878.78,89.51,0.1,Critical,Cash
ORD-14553,2024-05-27,May,2024,Teresa Roberts,New,Home Office,East,Tuvalu,Washington,Carolburgh,Office Supplies,Paper,Table,1,740.45,0.24,19.84,562.74,-39.32,-0.07,Low,Cash
ORD-14554,2023-01-16,Jan,2023,Michael Gibbs,VIP,Consumer,East,Vanuatu,Hawaii,West Mary,Office Supplies,Storage,Line,8,463.9,0.14,5.81,3191.63,-196.52,-0.06,Medium,Card
ORD-14555,2024-04-09,Apr,2024,Jessica Cox,New,Home Office,Central,Albania,Maine,Fernandezton,Furniture,Bookcases,Color,8,553.57,0.09,13.47,4029.99,900.41,0.22,Low,UPI
ORD-14556,2024-04-04,Apr,2024,Nathan Glass,VIP,Corporate,East,Croatia,South Dakota,Port Ronaldchester,Technology,Accessories,Fast,8,191.62,0.25,9.06,1149.72,207.04,0.18,Critical,Cash
ORD-14557,2024-10-26,Oct,2024,Mr. Tyler Martin,Returning,Corporate,South,Guadeloupe,Kentucky,Greenview,Office Supplies,Storage,Environmental,1,320.16,0.06,37.67,300.95,13.55,0.05,High,Net Banking
ORD-14558,2023-05-12,May,2023,Tammy Adams,Returning,Corporate,West,Antarctica (the territory South of 60 deg S),Alaska,New Rebeccaport,Office Supplies,Binders,Forget,8,288.07,0.26,32.66,1705.37,270.16,0.16,Critical,Net Banking
ORD-14559,2023-02-03,Feb,2023,Derek Wells,New,Home Office,North,El Salvador,North Dakota,Monicaberg,Technology,Phones,Onto,8,725.35,0.25,24.26,4352.1,331.31,0.08,High,Net Banking
ORD-14560,2023-08-15,Aug,2023,Morgan Craig,New,Home Office,North,Norfolk Island,North Dakota,South Waltermouth,Office Supplies,Paper,Morning,6,36.03,0.17,28.48,179.43,-17.13,-0.1,Low,Net Banking
ORD-14561,2025-10-10,Oct,2025,Olivia Graham,Returning,Home Office,North,Spain,South Dakota,Tamarabury,Technology,Laptops,Now,4,540.09,0.02,17.22,2117.15,-198.87,-0.09,Low,Card
ORD-14562,2023-04-18,Apr,2023,Stacy Anderson,Returning,Home Office,North,Bermuda,Maine,South Jillview,Furniture,Tables,Yard,3,204.92,0.07,49.09,571.73,61.31,0.11,Low,UPI
ORD-14563,2023-04-22,Apr,2023,Miguel Shepherd,New,Corporate,Central,Lao People's Democratic Republic,New Mexico,Lisaville,Furniture,Tables,Explain,5,47.68,0.05,43.82,226.48,-20.96,-0.09,Low,UPI
ORD-14564,2024-10-19,Oct,2024,Kevin Ferguson,VIP,Corporate,Central,Martinique,Indiana,Pamelamouth,Office Supplies,Binders,Project,6,27.22,0.07,8.59,151.89,22.84,0.15,Critical,UPI
ORD-14565,2023-11-22,Nov,2023,Juan Mcmahon,Returning,Home Office,East,Saint Martin,Pennsylvania,North Erika,Technology,Accessories,Debate,2,392.97,0.21,36.77,620.89,56.94,0.09,High,UPI
ORD-14566,2025-04-20,Apr,2025,Justin Walker,VIP,Corporate,North,Denmark,New Jersey,South Kimberlyburgh,Office Supplies,Paper,Service,2,151.34,0.09,45.29,275.44,59.31,0.22,Low,UPI
ORD-14567,2023-01-26,Jan,2023,Carmen Johnson,New,Consumer,East,Bouvet Island (Bouvetoya),Nebraska,East Kenneth,Technology,Phones,Listen,5,451.77,0.08,26.47,2078.14,-32.63,-0.02,Low,UPI
ORD-14568,2025-09-21,Sep,2025,Amanda Moses,New,Corporate,East,Qatar,Colorado,Port Cameron,Furniture,Chairs,Carry,1,622.12,0.17,43.19,516.36,138.78,0.27,Low,Card
ORD-14569,2024-07-11,Jul,2024,Eric Hubbard,VIP,Home Office,South,Venezuela,Hawaii,Richardhaven,Technology,Laptops,International,5,393.5,0.11,45.64,1751.08,497.56,0.28,Critical,Cash
ORD-14570,2024-09-04,Sep,2024,Dana Zhang,New,Corporate,Central,France,Missouri,Dayberg,Office Supplies,Paper,According,8,669.26,0.13,12.18,4658.05,1233.36,0.26,Medium,Net Banking
ORD-14571,2023-11-07,Nov,2023,Daryl Kennedy,Returning,Home Office,West,Bermuda,Michigan,Floresmouth,Office Supplies,Paper,Build,9,560.68,0.2,32.34,4036.9,926.37,0.23,Medium,Card
ORD-14572,2023-09-10,Sep,2023,Lisa Lawrence DDS,VIP,Home Office,South,Tajikistan,Hawaii,Mccoyville,Furniture,Tables,Yes,10,36.01,0.11,13.42,320.49,-6.09,-0.02,Medium,Cash
ORD-14573,2024-10-13,Oct,2024,Ruben Ortiz II,New,Corporate,South,New Caledonia,Massachusetts,Snydermouth,Office Supplies,Paper,Pressure,2,423.22,0.15,25.21,719.47,-25.5,-0.04,High,Cash
ORD-14574,2025-04-03,Apr,2025,Ronnie Cox,New,Consumer,North,Greece,New Mexico,Nelsonport,Technology,Phones,Energy,7,44.96,0.01,24.71,311.57,35.76,0.11,Medium,Net Banking
ORD-14575,2025-01-11,Jan,2025,Jeffrey Wilson,Returning,Home Office,East,Mexico,Kentucky,South Megan,Technology,Laptops,Explain,2,261.61,0.21,49.42,413.34,6.71,0.02,Low,Card
ORD-14576,2024-04-21,Apr,2024,Jennifer Bryant,New,Corporate,Central,Croatia,Florida,Lake Melissa,Furniture,Chairs,Threat,5,568.83,0.28,19.75,2047.79,30.89,0.02,High,Cash
ORD-14577,2023-04-10,Apr,2023,Amber Garza,VIP,Consumer,West,Bosnia and Herzegovina,North Carolina,Port Katherine,Technology,Laptops,Across,10,631.1,0.06,8.99,5932.34,-29.51,0.0,Medium,Net Banking
ORD-14578,2023-05-02,May,2023,Tina Scott,VIP,Home Office,West,Kazakhstan,Indiana,Andersonburgh,Technology,Laptops,Season,5,515.9,0.02,45.52,2527.91,263.8,0.1,Low,UPI
ORD-14579,2024-05-04,May,2024,Brandon Rogers,VIP,Consumer,Central,New Zealand,South Dakota,Keithfort,Technology,Accessories,Instead,6,459.06,0.08,6.27,2534.01,435.93,0.17,Low,Net Banking
ORD-14580,2024-05-31,May,2024,Casey Pierce,Returning,Consumer,Central,Cyprus,Washington,West Brenda,Technology,Laptops,Drop,9,156.34,0.22,36.38,1097.51,96.27,0.09,High,Card
ORD-14581,2025-05-13,May,2025,Brooke Gonzalez,VIP,Corporate,West,New Zealand,Kansas,North Christineport,Technology,Laptops,Name,6,78.74,0.09,34.28,429.92,67.91,0.16,High,UPI
ORD-14582,2025-09-18,Sep,2025,Jodi Harris,New,Corporate,South,Denmark,Texas,Joneston,Technology,Laptops,Term,3,216.39,0.26,35.08,480.39,-35.43,-0.07,Critical,UPI
ORD-14583,2022-11-28,Nov,2022,Jacob Wilson,New,Corporate,West,Puerto Rico,Oregon,West Joseph,Furniture,Bookcases,Again,9,378.05,0.12,38.85,2994.16,-78.39,-0.03,Medium,UPI
ORD-14584,2025-01-03,Jan,2025,Alison Gutierrez,VIP,Home Office,Central,Austria,Louisiana,Port Stephen,Furniture,Tables,Today,1,238.18,0.06,22.77,223.89,48.38,0.22,Medium,Cash
ORD-14585,2024-10-02,Oct,2024,Mary Jones,Returning,Home Office,Central,San Marino,Iowa,South Molly,Office Supplies,Binders,Word,2,545.18,0.01,10.68,1079.46,165.97,0.15,Critical,Net Banking
ORD-14586,2025-01-27,Jan,2025,Mrs. Tara Parker,Returning,Consumer,North,Japan,Arkansas,Lake Robert,Technology,Accessories,Serious,7,773.02,0.22,22.66,4220.69,443.17,0.1,Medium,Card
ORD-14587,2025-01-19,Jan,2025,David Young,Returning,Corporate,North,Uganda,Iowa,New Kirstenberg,Furniture,Bookcases,Model,5,262.4,0.08,29.82,1207.04,336.72,0.28,Critical,Net Banking
ORD-14588,2024-08-01,Aug,2024,Elizabeth Madden,New,Corporate,South,Syrian Arab Republic,Michigan,North Nicholasborough,Office Supplies,Storage,Game,10,795.86,0.03,26.48,7719.84,-642.28,-0.08,Low,UPI
ORD-14589,2023-08-16,Aug,2023,Chelsea Juarez,New,Corporate,South,Mozambique,Wyoming,New Abigailfort,Office Supplies,Binders,Arm,10,707.0,0.06,29.37,6645.8,-659.42,-0.1,Low,UPI
ORD-14590,2025-05-02,May,2025,David Thompson,New,Home Office,West,Cayman Islands,Tennessee,New Laura,Office Supplies,Binders,Similar,7,60.37,0.01,30.88,418.36,35.74,0.09,Critical,Cash
ORD-14591,2024-11-09,Nov,2024,Valerie Sherman,New,Corporate,West,Albania,Arkansas,Aguilarside,Office Supplies,Storage,Media,6,750.4,0.01,37.27,4457.38,-41.04,-0.01,Low,Net Banking
ORD-14592,2024-06-25,Jun,2024,Scott Greer,New,Corporate,South,Micronesia,Idaho,Brittanymouth,Technology,Accessories,Suffer,1,599.12,0.23,23.14,461.32,63.07,0.14,High,Net Banking
ORD-14593,2023-05-01,May,2023,George Hernandez,Returning,Consumer,East,Sudan,Arizona,South Grantborough,Furniture,Tables,Site,4,22.2,0.24,13.21,67.49,13.63,0.2,Medium,UPI
ORD-14594,2024-05-20,May,2024,Erin Estes,VIP,Consumer,South,Croatia,Idaho,New Hollymouth,Office Supplies,Binders,Economy,10,295.14,0.09,17.24,2685.77,119.3,0.04,Critical,Cash
ORD-14595,2024-03-22,Mar,2024,Connor Martin,New,Corporate,Central,Tanzania,Illinois,Stephaniehaven,Furniture,Chairs,Happy,2,430.04,0.09,47.86,782.67,-40.37,-0.05,Medium,Net Banking
ORD-14596,2024-05-26,May,2024,Crystal Cohen,Returning,Corporate,Central,Congo,Alaska,South Bradside,Furniture,Bookcases,Interest,4,513.45,0.07,11.28,1910.03,124.63,0.07,Low,Card
ORD-14597,2023-10-16,Oct,2023,Deanna Johnson,New,Corporate,Central,Libyan Arab Jamahiriya,Rhode Island,Christinaville,Furniture,Chairs,Walk,8,713.6,0.22,45.26,4452.86,-86.69,-0.02,Critical,Net Banking
ORD-14598,2025-11-07,Nov,2025,Michael Gomez,New,Consumer,West,Aruba,Alaska,Forbesbury,Office Supplies,Binders,Hold,7,286.31,0.28,7.46,1443.0,321.52,0.22,Critical,Net Banking
ORD-14599,2025-02-27,Feb,2025,Melinda Hill,VIP,Home Office,North,Croatia,South Dakota,Port Robert,Furniture,Chairs,Worker,1,620.92,0.07,47.36,577.46,36.65,0.06,Medium,Net Banking
ORD-14600,2024-12-25,Dec,2024,Sandra Pruitt,New,Home Office,East,Albania,Massachusetts,Port Zacharyport,Technology,Laptops,Fund,2,333.03,0.05,17.93,632.76,-7.62,-0.01,Critical,Net Banking
ORD-14601,2023-05-28,May,2023,Clayton Henson,Returning,Consumer,Central,Austria,Massachusetts,Lake Kayla,Office Supplies,Paper,Here,5,135.76,0.18,33.56,556.62,160.39,0.29,Low,Cash
ORD-14602,2024-04-12,Apr,2024,Eric Henderson,Returning,Corporate,West,Mozambique,Wyoming,Catherinebury,Furniture,Bookcases,No,6,203.57,0.18,38.14,1001.56,50.87,0.05,Medium,UPI
ORD-14603,2024-04-13,Apr,2024,Pamela Rich,Returning,Home Office,North,Kiribati,Louisiana,Hollyton,Office Supplies,Storage,Every,9,381.18,0.14,16.17,2950.33,715.12,0.24,Critical,Cash
ORD-14604,2024-11-16,Nov,2024,Ryan Perez,VIP,Consumer,West,Iran,Oklahoma,Port Olivia,Technology,Laptops,Participant,1,414.15,0.0,16.83,414.15,16.53,0.04,High,Card
ORD-14605,2025-01-18,Jan,2025,Stephanie Cervantes,VIP,Consumer,North,Mali,Idaho,South Sabrina,Office Supplies,Paper,Practice,2,701.09,0.26,38.5,1037.61,240.87,0.23,Medium,Cash
ORD-14606,2024-07-29,Jul,2024,Jonathan Savage,Returning,Consumer,Central,Korea,Rhode Island,West Erin,Furniture,Chairs,Weight,8,147.17,0.19,14.83,953.66,212.29,0.22,Medium,Card
ORD-14607,2024-09-08,Sep,2024,Jeffrey Sanders,New,Corporate,North,Lao People's Democratic Republic,Oregon,South Nicholaschester,Office Supplies,Storage,Five,7,103.81,0.27,39.88,530.47,55.52,0.1,Low,Net Banking
ORD-14608,2023-10-23,Oct,2023,Diana Kirk,Returning,Home Office,West,Saint Helena,Kansas,Muellerport,Office Supplies,Paper,Theory,3,132.5,0.28,43.16,286.2,-17.48,-0.06,High,Card
ORD-14609,2023-10-16,Oct,2023,Kimberly Adkins,VIP,Corporate,East,Tokelau,Georgia,Floresmouth,Furniture,Chairs,Budget,4,582.56,0.1,30.65,2097.22,337.13,0.16,Medium,Net Banking
ORD-14610,2025-03-25,Mar,2025,David White,New,Home Office,East,Guinea-Bissau,Minnesota,Richardland,Technology,Accessories,Case,6,308.92,0.24,36.4,1408.68,-25.05,-0.02,Critical,Net Banking
ORD-14611,2024-12-14,Dec,2024,Matthew Armstrong,VIP,Consumer,South,Zimbabwe,Hawaii,Jacobstad,Furniture,Chairs,Compare,6,283.86,0.12,48.67,1498.78,410.68,0.27,High,Card
ORD-14612,2024-09-20,Sep,2024,Thomas Leon,New,Corporate,South,Christmas Island,New Mexico,Lake Margaret,Furniture,Bookcases,Carry,5,587.31,0.01,30.88,2907.18,471.82,0.16,Medium,Cash
ORD-14613,2024-08-04,Aug,2024,Thomas Bowman,VIP,Home Office,North,Puerto Rico,Alabama,New Carla,Office Supplies,Binders,Husband,2,95.21,0.12,35.8,167.57,10.01,0.06,Critical,Net Banking
ORD-14614,2025-07-22,Jul,2025,Paul Campbell,VIP,Consumer,East,Honduras,New Jersey,Scottland,Furniture,Chairs,Door,7,541.58,0.25,42.23,2843.3,236.91,0.08,High,Cash
ORD-14615,2024-12-20,Dec,2024,Stacy Blankenship,VIP,Corporate,West,Zimbabwe,Hawaii,Lake Christopherchester,Office Supplies,Storage,Successful,2,739.79,0.05,48.58,1405.6,207.39,0.15,Medium,Card
ORD-14616,2024-07-10,Jul,2024,Katie Martinez DDS,New,Corporate,North,Saint Martin,Rhode Island,Lake Juantown,Technology,Phones,Challenge,10,619.37,0.19,16.07,5016.9,324.28,0.06,High,Cash
ORD-14617,2025-05-28,May,2025,Marvin Martin,VIP,Corporate,East,Mexico,Florida,Vincentside,Technology,Accessories,Trial,10,760.87,0.02,37.64,7456.53,969.93,0.13,Medium,Cash
ORD-14618,2023-03-25,Mar,2023,Sheri Harris,VIP,Corporate,Central,Lao People's Democratic Republic,Idaho,Brownberg,Office Supplies,Storage,Hundred,10,147.89,0.15,14.23,1257.06,100.53,0.08,Low,Card
ORD-14619,2024-03-13,Mar,2024,Teresa Davis,VIP,Corporate,South,Western Sahara,Nevada,South Steven,Office Supplies,Binders,Receive,6,521.07,0.19,43.99,2532.4,-164.3,-0.06,High,Card
ORD-14620,2023-07-12,Jul,2023,Lisa Stewart,New,Corporate,Central,South Africa,Montana,West Sharon,Office Supplies,Binders,Range,2,748.63,0.18,33.7,1227.75,-41.08,-0.03,Critical,Card
ORD-14621,2024-06-29,Jun,2024,Ann Flores,New,Consumer,North,Central African Republic,California,Stevensfort,Technology,Phones,Place,6,614.62,0.07,29.87,3429.58,-290.34,-0.08,Critical,UPI
ORD-14622,2025-05-11,May,2025,Natalie Kennedy,Returning,Home Office,South,Belarus,North Dakota,Patrickfort,Office Supplies,Paper,Teach,4,673.54,0.19,49.1,2182.27,411.93,0.19,Critical,Cash
ORD-14623,2023-04-09,Apr,2023,Wesley Ward,New,Consumer,North,Lithuania,Arizona,New Steven,Office Supplies,Paper,Where,4,270.41,0.08,44.65,995.11,218.4,0.22,Critical,UPI
ORD-14624,2023-02-24,Feb,2023,Jacqueline Ortiz,New,Home Office,East,Uruguay,Connecticut,North Kenneth,Technology,Phones,General,2,347.88,0.3,37.68,487.03,80.78,0.17,Medium,UPI
ORD-14625,2024-04-11,Apr,2024,Matthew Marshall,Returning,Home Office,Central,Guinea,Minnesota,Davisview,Furniture,Bookcases,Think,5,745.57,0.22,15.72,2907.72,282.03,0.1,High,Card
ORD-14626,2025-01-21,Jan,2025,Glenn Hill,Returning,Corporate,West,Ukraine,North Carolina,Port Jennahaven,Technology,Laptops,Significant,9,262.07,0.23,10.13,1816.15,294.42,0.16,Medium,UPI
ORD-14627,2024-02-02,Feb,2024,Rose Faulkner,VIP,Consumer,East,Jordan,Florida,New Nicholastown,Furniture,Tables,Partner,8,384.87,0.04,20.42,2955.8,320.35,0.11,High,Net Banking
ORD-14628,2023-09-21,Sep,2023,Christopher Clark,Returning,Corporate,West,Iran,Vermont,Torreschester,Furniture,Chairs,Prove,6,745.11,0.26,19.24,3308.29,-320.87,-0.1,Low,Card
ORD-14629,2023-02-17,Feb,2023,Marcus Hunt,Returning,Corporate,North,Paraguay,Hawaii,Jessicahaven,Technology,Accessories,Region,7,400.29,0.14,29.19,2409.75,341.06,0.14,Medium,UPI
ORD-14630,2024-05-19,May,2024,Kathryn Harris,New,Home Office,North,Puerto Rico,Texas,Port Nicholas,Office Supplies,Storage,Treatment,9,137.04,0.01,48.92,1221.03,-42.53,-0.03,Critical,Cash
ORD-14631,2024-09-24,Sep,2024,Amanda Smith,Returning,Home Office,East,El Salvador,Nebraska,Harrishaven,Furniture,Tables,Assume,5,361.91,0.17,35.03,1501.93,-8.17,-0.01,Low,UPI
ORD-14632,2025-09-05,Sep,2025,Tiffany Robinson,VIP,Corporate,West,Ethiopia,Wisconsin,New Chelseashire,Technology,Accessories,Evidence,4,463.34,0.26,19.93,1371.49,186.03,0.14,High,Card
ORD-14633,2025-07-09,Jul,2025,Heidi Rhodes,VIP,Home Office,West,Northern Mariana Islands,Rhode Island,Jacobsonhaven,Office Supplies,Paper,Quite,3,30.27,0.0,15.89,90.81,26.75,0.29,Medium,Net Banking
ORD-14634,2023-05-04,May,2023,Thomas Hall,VIP,Corporate,North,Jamaica,South Dakota,Kevinport,Furniture,Tables,Human,10,423.91,0.24,15.19,3221.72,945.81,0.29,High,UPI
ORD-14635,2025-04-25,Apr,2025,Vincent Campos,Returning,Corporate,South,Bouvet Island (Bouvetoya),Utah,Alecburgh,Furniture,Chairs,For,9,741.27,0.21,47.93,5270.43,-466.67,-0.09,Medium,Card
ORD-14636,2023-05-18,May,2023,Krista Jones,Returning,Home Office,West,Kazakhstan,Alabama,East Johnnytown,Technology,Phones,Hotel,7,743.37,0.25,23.25,3902.69,546.13,0.14,High,Net Banking
ORD-14637,2024-04-18,Apr,2024,Shannon Garrett,VIP,Consumer,East,Ukraine,Hawaii,Mullinsview,Office Supplies,Binders,Happen,10,742.25,0.09,40.48,6754.48,1624.09,0.24,Medium,UPI
ORD-14638,2023-08-20,Aug,2023,Stephen Torres,New,Home Office,Central,Bhutan,Montana,Williamschester,Office Supplies,Binders,Day,10,650.49,0.21,46.43,5138.87,34.12,0.01,Medium,Net Banking
ORD-14639,2024-04-28,Apr,2024,Tammy Phillips,New,Home Office,West,Somalia,Arizona,North Darrell,Furniture,Bookcases,Teacher,6,407.59,0.1,15.18,2200.99,111.27,0.05,Low,Net Banking
ORD-14640,2024-01-01,Jan,2024,Jennifer Harvey,Returning,Corporate,West,Zambia,Rhode Island,Dylanview,Office Supplies,Binders,Second,2,109.95,0.19,13.84,178.12,46.18,0.26,Medium,Card
ORD-14641,2024-12-02,Dec,2024,Jennifer Hudson,Returning,Consumer,Central,Denmark,Idaho,Curtismouth,Office Supplies,Storage,Generation,1,119.4,0.1,44.79,107.46,9.48,0.09,High,Cash
ORD-14642,2024-10-19,Oct,2024,Angela Harris,VIP,Home Office,Central,Tokelau,Oklahoma,South Kayla,Furniture,Bookcases,Message,4,47.04,0.22,44.13,146.76,0.43,0.0,Medium,Cash
ORD-14643,2023-01-21,Jan,2023,Frank Brown,New,Consumer,South,Tanzania,Maine,New Nicolestad,Furniture,Chairs,Start,7,76.13,0.26,43.23,394.35,20.25,0.05,Medium,Cash
ORD-14644,2024-02-20,Feb,2024,Brian Vasquez,Returning,Consumer,West,Guernsey,Kentucky,Susanberg,Furniture,Chairs,Skill,9,273.66,0.08,34.74,2265.9,598.01,0.26,Medium,Net Banking
ORD-14645,2024-03-22,Mar,2024,Alexander Scott,New,Corporate,Central,Timor-Leste,Nebraska,East Victor,Furniture,Tables,Either,6,313.07,0.14,46.83,1615.44,-7.19,0.0,Medium,Card
ORD-14646,2023-08-28,Aug,2023,Emily Lane,VIP,Home Office,East,French Guiana,Oklahoma,Port Alison,Furniture,Bookcases,College,1,13.15,0.27,9.84,9.6,1.5,0.16,Critical,Card
ORD-14647,2025-07-23,Jul,2025,Lori Baird,Returning,Consumer,East,Uruguay,Arkansas,Stevenport,Technology,Laptops,Pull,3,127.92,0.03,24.68,372.25,59.92,0.16,High,Card
ORD-14648,2023-04-21,Apr,2023,Ronnie Proctor,Returning,Corporate,East,Turks and Caicos Islands,Washington,Lake Steven,Office Supplies,Storage,Weight,1,96.5,0.23,28.59,74.31,16.27,0.22,Low,Cash
ORD-14649,2024-08-12,Aug,2024,Jacob Jones,Returning,Consumer,North,Benin,Delaware,Natashaside,Furniture,Chairs,Spring,1,663.33,0.05,10.85,630.16,118.16,0.19,High,Cash
ORD-14650,2025-11-05,Nov,2025,Samantha Vaughn,New,Home Office,North,Botswana,Iowa,South Stephen,Office Supplies,Binders,Laugh,5,129.56,0.08,33.54,595.98,47.71,0.08,Critical,UPI
ORD-14651,2022-12-03,Dec,2022,Gary Le,Returning,Corporate,West,Cuba,Texas,Scottburgh,Technology,Phones,Attack,7,24.66,0.19,41.13,139.82,5.2,0.04,High,Cash
ORD-14652,2024-05-27,May,2024,Debbie Smith,VIP,Corporate,East,Macedonia,South Dakota,Cassandraport,Office Supplies,Storage,Back,7,632.73,0.06,23.65,4163.36,560.9,0.13,Low,Card
ORD-14653,2023-12-21,Dec,2023,Alicia Garcia,Returning,Corporate,North,United Arab Emirates,Florida,East Lisa,Furniture,Tables,Organization,5,318.03,0.12,22.54,1399.33,332.41,0.24,Medium,Net Banking
ORD-14654,2024-05-17,May,2024,Christopher Foster,VIP,Home Office,South,Tonga,Hawaii,Calvinbury,Office Supplies,Binders,Administration,10,679.59,0.24,39.56,5164.88,405.87,0.08,Medium,Net Banking
ORD-14655,2023-07-21,Jul,2023,Eric Smith,New,Consumer,North,Ukraine,North Dakota,New Laura,Furniture,Bookcases,Similar,4,539.61,0.22,17.34,1683.58,145.35,0.09,Medium,Cash
ORD-14656,2023-09-27,Sep,2023,Jennifer Dyer,VIP,Corporate,North,Antarctica (the territory South of 60 deg S),North Carolina,West Janicestad,Technology,Laptops,Plant,5,643.26,0.21,24.28,2540.88,88.57,0.03,Medium,UPI
ORD-14657,2024-03-10,Mar,2024,Raymond Kirby,New,Consumer,West,Cocos (Keeling) Islands,California,West Holly,Furniture,Tables,Court,8,621.26,0.07,20.28,4622.17,40.53,0.01,Critical,Card
ORD-14658,2023-08-27,Aug,2023,Aaron Harrison DDS,Returning,Home Office,South,Saint Helena,Oregon,South Edward,Furniture,Chairs,Subject,3,763.1,0.12,35.19,2014.58,334.49,0.17,Low,Card
ORD-14659,2025-11-19,Nov,2025,Mr. Ryan Osborne,Returning,Home Office,South,Costa Rica,Nebraska,Brettview,Office Supplies,Storage,Analysis,9,193.42,0.22,30.45,1357.81,320.44,0.24,Critical,UPI
ORD-14660,2023-09-16,Sep,2023,Dr. Gabriela Fitzpatrick,New,Corporate,North,Ethiopia,Pennsylvania,North David,Furniture,Chairs,Enough,8,545.85,0.17,8.67,3624.44,-149.22,-0.04,Low,Net Banking
ORD-14661,2024-10-06,Oct,2024,Nicholas Jones,Returning,Consumer,North,Belarus,Vermont,Tonichester,Furniture,Bookcases,Trouble,10,717.28,0.27,25.88,5236.14,414.1,0.08,Medium,Net Banking
ORD-14662,2025-03-13,Mar,2025,Rachel Lane,Returning,Home Office,West,Niue,Michigan,Kimberlyshire,Furniture,Tables,Data,5,511.58,0.04,10.49,2455.58,105.43,0.04,Low,Card
ORD-14663,2024-06-17,Jun,2024,Blake Smith,VIP,Home Office,Central,Liechtenstein,Alaska,South Robert,Technology,Phones,Mission,7,768.31,0.28,21.63,3872.28,849.51,0.22,Critical,Net Banking
ORD-14664,2024-12-20,Dec,2024,Tyler Santiago,Returning,Consumer,North,Burkina Faso,Iowa,New Kyle,Furniture,Chairs,Make,6,745.29,0.09,35.48,4069.28,420.97,0.1,Critical,Cash
ORD-14665,2023-04-06,Apr,2023,Andrew Hickman,New,Consumer,Central,Zambia,Montana,Joycefurt,Furniture,Tables,Instead,9,354.1,0.06,35.92,2995.69,450.81,0.15,Low,Cash
ORD-14666,2023-01-04,Jan,2023,Dr. David Silva,Returning,Corporate,South,Saint Barthelemy,Alabama,Masonburgh,Technology,Laptops,Lay,5,694.93,0.01,6.37,3439.9,591.68,0.17,Low,Cash
ORD-14667,2024-02-13,Feb,2024,Deborah Herrera,VIP,Corporate,North,Bhutan,Arizona,Herreraburgh,Office Supplies,Binders,Always,2,615.8,0.27,14.34,899.07,241.23,0.27,Critical,UPI
ORD-14668,2023-09-19,Sep,2023,Raymond Phelps,New,Corporate,Central,Mozambique,Pennsylvania,Lake Christopherberg,Technology,Phones,Reach,5,178.18,0.21,40.4,703.81,85.18,0.12,Critical,Card
ORD-14669,2023-01-05,Jan,2023,Tracy George,Returning,Consumer,West,New Zealand,California,Daviesside,Furniture,Tables,Do,6,662.98,0.08,23.73,3659.65,-105.47,-0.03,High,Cash
ORD-14670,2024-08-04,Aug,2024,Rachel Huffman,Returning,Home Office,North,Kuwait,New Mexico,Reynoldsburgh,Office Supplies,Binders,Rate,10,597.88,0.26,35.91,4424.31,-416.54,-0.09,Low,Card
ORD-14671,2024-11-22,Nov,2024,Susan Johnson,New,Corporate,North,Sierra Leone,North Carolina,West Vanessa,Office Supplies,Storage,Need,9,656.55,0.12,40.54,5199.88,1171.89,0.23,Medium,Card
ORD-14672,2025-11-05,Nov,2025,Tyler Stevens,New,Home Office,East,Iran,Kansas,East Stacey,Office Supplies,Binders,Knowledge,9,255.28,0.15,37.1,1952.89,71.19,0.04,Critical,UPI
ORD-14673,2025-07-04,Jul,2025,Robert Graves,Returning,Home Office,South,Saint Vincent and the Grenadines,Utah,Middletonmouth,Office Supplies,Storage,Bank,3,28.86,0.16,12.33,72.73,1.54,0.02,High,UPI
ORD-14674,2024-05-20,May,2024,Brian Ortiz,VIP,Home Office,North,Bolivia,Oregon,Jenniferview,Furniture,Tables,Decide,8,124.55,0.3,19.37,697.48,112.21,0.16,Medium,Cash
ORD-14675,2025-05-21,May,2025,Amy Williams,VIP,Consumer,Central,Kiribati,Kentucky,Kimport,Furniture,Tables,Run,5,653.84,0.3,44.08,2288.44,374.59,0.16,Low,UPI
ORD-14676,2025-02-22,Feb,2025,Robert Cameron,New,Home Office,North,Haiti,Alaska,Carlamouth,Furniture,Chairs,Environmental,3,441.98,0.13,35.78,1153.57,267.2,0.23,Low,UPI
ORD-14677,2024-10-14,Oct,2024,Misty Chambers,VIP,Home Office,North,Vietnam,Hawaii,Phillipsberg,Office Supplies,Binders,Actually,8,446.93,0.03,22.19,3468.18,821.31,0.24,Medium,Card
ORD-14678,2023-09-05,Sep,2023,Kathryn Flowers,Returning,Corporate,North,Uganda,Arizona,East Pamelaport,Office Supplies,Storage,Despite,6,371.36,0.03,34.21,2161.32,222.59,0.1,Critical,Cash
ORD-14679,2025-08-01,Aug,2025,Eric Lewis,New,Consumer,North,Papua New Guinea,Kansas,Youngport,Furniture,Chairs,Center,2,445.88,0.28,25.45,642.07,81.66,0.13,Low,Cash
ORD-14680,2025-01-21,Jan,2025,Belinda Anderson,New,Home Office,Central,Saint Helena,Oregon,Williamsville,Office Supplies,Binders,And,8,99.14,0.25,9.22,594.84,152.2,0.26,Low,Cash
ORD-14681,2023-10-07,Oct,2023,Victoria Koch,Returning,Home Office,West,Argentina,Minnesota,Gloverview,Office Supplies,Storage,Official,3,451.96,0.1,18.73,1220.29,91.49,0.07,Medium,UPI
ORD-14682,2023-10-27,Oct,2023,Jason Jones,New,Consumer,North,Saint Pierre and Miquelon,Rhode Island,South Tim,Office Supplies,Binders,Player,6,140.87,0.19,36.05,684.63,180.54,0.26,High,Net Banking
ORD-14683,2024-08-13,Aug,2024,Jennifer Mitchell,Returning,Consumer,Central,Western Sahara,Michigan,South Linda,Office Supplies,Storage,Else,9,234.89,0.29,30.08,1500.95,-130.62,-0.09,High,UPI
ORD-14684,2025-07-02,Jul,2025,Clifford Lewis,Returning,Corporate,West,Cape Verde,Delaware,Lake Tiffanymouth,Office Supplies,Paper,Tree,5,269.12,0.25,10.3,1009.2,67.95,0.07,Medium,Card
ORD-14685,2024-05-18,May,2024,Christine Dudley,New,Consumer,North,Cocos (Keeling) Islands,New Jersey,South Marystad,Office Supplies,Storage,Consider,9,466.38,0.14,17.32,3609.78,44.89,0.01,Medium,Net Banking
ORD-14686,2025-01-03,Jan,2025,Justin Gonzalez,Returning,Corporate,East,Singapore,New Mexico,Danielshire,Furniture,Chairs,Tree,8,737.03,0.16,16.01,4952.84,1157.36,0.23,Medium,Cash
ORD-14687,2024-12-03,Dec,2024,Lawrence Dudley,VIP,Home Office,East,Wallis and Futuna,Illinois,Lake David,Furniture,Tables,City,6,200.31,0.08,10.65,1105.71,244.05,0.22,High,Card
ORD-14688,2023-10-28,Oct,2023,Mark Moore,Returning,Home Office,West,Netherlands,Minnesota,East Williamchester,Furniture,Chairs,Senior,6,379.82,0.07,48.88,2119.4,99.26,0.05,Low,Cash
ORD-14689,2023-11-26,Nov,2023,Brian Delacruz,VIP,Consumer,North,Cameroon,Maryland,Lake Daniel,Technology,Laptops,Involve,2,476.9,0.03,30.2,925.19,55.49,0.06,High,UPI
ORD-14690,2025-06-06,Jun,2025,Kristen Johnson,VIP,Consumer,Central,Kuwait,Kentucky,Port Andrewstad,Furniture,Tables,Seek,6,128.46,0.14,44.48,662.85,-17.43,-0.03,Medium,UPI
ORD-14691,2023-12-28,Dec,2023,Allison Lam,VIP,Home Office,Central,Sri Lanka,Hawaii,Daviesport,Furniture,Bookcases,Front,3,457.92,0.01,30.82,1360.02,72.54,0.05,Critical,Cash
ORD-14692,2024-04-13,Apr,2024,Julia Newton,New,Consumer,East,San Marino,Nevada,New Jenna,Technology,Laptops,Culture,8,278.51,0.06,45.51,2094.4,447.0,0.21,Low,UPI
ORD-14693,2023-07-23,Jul,2023,Emily Butler,New,Corporate,South,Greece,Rhode Island,North Veronica,Office Supplies,Binders,Southern,8,717.73,0.03,44.97,5569.58,-112.55,-0.02,Critical,Card
ORD-14694,2025-01-22,Jan,2025,Jay Clements,Returning,Corporate,Central,Sao Tome and Principe,Nebraska,Ericastad,Technology,Laptops,Power,5,370.22,0.19,23.91,1499.39,333.7,0.22,Medium,Net Banking
ORD-14695,2024-04-14,Apr,2024,Lori Klein,Returning,Consumer,West,Chile,New York,Port Wendy,Office Supplies,Storage,No,8,250.85,0.11,40.74,1786.05,-96.69,-0.05,Critical,Cash
ORD-14696,2023-11-23,Nov,2023,Linda Chan,Returning,Corporate,South,Honduras,Nebraska,East Erinhaven,Technology,Accessories,Street,2,202.63,0.24,23.27,308.0,42.26,0.14,Critical,Cash
ORD-14697,2023-06-19,Jun,2023,Gabriela Parsons,Returning,Home Office,East,Mongolia,Missouri,East Julia,Technology,Accessories,Care,6,142.54,0.2,44.96,684.19,147.42,0.22,High,Card
ORD-14698,2025-01-14,Jan,2025,Casey Smith,Returning,Consumer,South,Norfolk Island,New York,Briannaland,Technology,Phones,Fast,9,630.81,0.3,44.12,3974.1,919.32,0.23,Medium,Card
ORD-14699,2024-03-12,Mar,2024,Donna Barnett,New,Consumer,East,Portugal,Iowa,Evelynport,Technology,Laptops,Cup,2,201.64,0.15,31.58,342.79,100.15,0.29,Medium,UPI
ORD-14700,2024-02-23,Feb,2024,David Collins,Returning,Home Office,East,Uganda,Kansas,Wilsonmouth,Office Supplies,Paper,Enter,8,166.53,0.28,40.9,959.21,196.78,0.21,High,Cash
ORD-14701,2025-06-25,Jun,2025,Valerie Cummings,VIP,Consumer,West,Eritrea,Arizona,East Philipland,Office Supplies,Paper,Dark,7,544.55,0.25,40.42,2858.89,763.39,0.27,Low,Card
ORD-14702,2024-01-19,Jan,2024,Samuel Rose,VIP,Home Office,West,Botswana,Nebraska,Marymouth,Office Supplies,Paper,Hard,2,590.66,0.05,12.97,1122.25,-28.15,-0.03,Critical,Net Banking
ORD-14703,2023-02-20,Feb,2023,Kimberly Best,VIP,Consumer,South,Macedonia,Kansas,West Stacy,Office Supplies,Binders,Those,5,403.62,0.16,27.79,1695.2,147.19,0.09,High,Card
ORD-14704,2024-04-14,Apr,2024,Jon Campos,New,Home Office,West,Anguilla,California,Laraside,Technology,Phones,Notice,2,615.47,0.24,17.76,935.51,114.34,0.12,Low,Cash
ORD-14705,2023-07-16,Jul,2023,Joe Smith,Returning,Consumer,West,Korea,Massachusetts,Chambersborough,Furniture,Chairs,Within,1,401.25,0.16,27.73,337.05,71.09,0.21,High,Net Banking
ORD-14706,2024-10-06,Oct,2024,Donald Rodriguez,Returning,Home Office,North,Haiti,Kentucky,Port Rebeccatown,Office Supplies,Paper,Level,5,349.76,0.05,22.51,1661.36,322.52,0.19,Medium,Card
ORD-14707,2023-08-11,Aug,2023,Monique Wright,VIP,Home Office,East,Micronesia,Colorado,Wongberg,Office Supplies,Binders,Image,9,498.16,0.05,5.67,4259.27,1148.96,0.27,Medium,Cash
ORD-14708,2023-09-01,Sep,2023,Kyle Brown,Returning,Corporate,South,Fiji,Ohio,East Beckychester,Office Supplies,Binders,Report,9,629.12,0.08,28.36,5209.11,291.09,0.06,Low,UPI
ORD-14709,2025-02-06,Feb,2025,Miranda Glover,VIP,Consumer,Central,Christmas Island,Rhode Island,South Lindsey,Office Supplies,Binders,Degree,2,181.32,0.25,15.35,271.98,-11.42,-0.04,High,Cash
ORD-14710,2024-03-05,Mar,2024,Mr. John Gardner,New,Corporate,East,Netherlands Antilles,Pennsylvania,Tinastad,Technology,Accessories,Training,3,352.11,0.23,28.19,813.37,37.91,0.05,Medium,Cash
ORD-14711,2023-04-25,Apr,2023,Zachary Huffman,Returning,Corporate,East,Italy,Indiana,Bryantport,Technology,Laptops,Home,4,321.48,0.14,15.32,1105.89,121.69,0.11,Medium,Cash
ORD-14712,2024-05-25,May,2024,Daniel Smith,VIP,Consumer,Central,Niger,New Jersey,West Angelaborough,Office Supplies,Storage,Heart,1,636.06,0.11,42.1,566.09,154.31,0.27,High,Cash
ORD-14713,2024-08-25,Aug,2024,Crystal Cooper,New,Home Office,East,Central African Republic,South Dakota,Jefferyberg,Furniture,Tables,Person,4,441.0,0.27,39.21,1287.72,360.73,0.28,High,Cash
ORD-14714,2025-05-15,May,2025,Deborah Wilcox,New,Home Office,South,United States of America,New Jersey,Darrylfurt,Office Supplies,Storage,Be,9,280.0,0.05,23.19,2394.0,-94.89,-0.04,Low,UPI
ORD-14715,2023-08-27,Aug,2023,John Sheppard,Returning,Corporate,North,Yemen,New Hampshire,West Jerryville,Office Supplies,Paper,Gun,2,592.37,0.02,41.0,1161.05,346.28,0.3,Medium,Cash
ORD-14716,2024-02-20,Feb,2024,David Norton,VIP,Consumer,North,Cook Islands,North Carolina,Clarkview,Furniture,Tables,Member,10,321.76,0.01,22.65,3185.42,656.96,0.21,Medium,UPI
ORD-14717,2024-11-04,Nov,2024,Jennifer Savage,VIP,Corporate,North,Belgium,Vermont,Robertmouth,Office Supplies,Paper,Interest,7,204.96,0.3,23.97,1004.3,240.95,0.24,Medium,UPI
ORD-14718,2024-09-30,Sep,2024,Lance Mays,Returning,Consumer,West,Mongolia,Maryland,North Laura,Office Supplies,Paper,Occur,1,171.68,0.1,43.6,154.51,40.49,0.26,Low,Card
ORD-14719,2022-12-07,Dec,2022,Eric Alvarez,New,Consumer,East,Bolivia,Wyoming,Prestonberg,Technology,Phones,Tell,9,161.07,0.23,45.17,1116.22,17.48,0.02,High,UPI
ORD-14720,2024-04-23,Apr,2024,Nathaniel Hogan,New,Consumer,North,Congo,Louisiana,New Ashley,Furniture,Bookcases,Lose,1,184.56,0.07,8.75,171.64,7.81,0.05,Low,Card
ORD-14721,2022-12-23,Dec,2022,Cheyenne Welch,New,Consumer,East,Dominica,North Carolina,Flynnfort,Furniture,Bookcases,Director,7,681.16,0.29,40.23,3385.37,990.26,0.29,Critical,UPI
ORD-14722,2025-05-26,May,2025,Jill Smith,Returning,Home Office,South,Gibraltar,California,West Brianna,Office Supplies,Storage,Pass,8,96.75,0.12,19.49,681.12,20.22,0.03,Low,UPI
ORD-14723,2023-10-09,Oct,2023,Hannah Marquez,Returning,Home Office,North,Chad,Maryland,Lake Sierraview,Technology,Accessories,Hit,8,162.08,0.13,8.94,1128.08,105.83,0.09,Critical,UPI
ORD-14724,2025-06-27,Jun,2025,Alexandra Pennington,VIP,Consumer,Central,Sweden,Alabama,Lake Lorraineland,Office Supplies,Storage,Message,4,176.12,0.13,15.15,612.9,113.22,0.18,High,Cash
ORD-14725,2024-07-03,Jul,2024,Sara Murphy,VIP,Corporate,West,Nepal,New Mexico,West Patricia,Technology,Laptops,Anyone,4,228.89,0.29,22.61,650.05,17.73,0.03,Medium,UPI
ORD-14726,2024-05-25,May,2024,Angela Mendoza,VIP,Corporate,Central,Palestinian Territory,South Carolina,West Robert,Furniture,Bookcases,Gun,7,563.25,0.09,33.94,3587.9,299.3,0.08,Medium,Net Banking
ORD-14727,2023-07-12,Jul,2023,Kyle Jones,VIP,Home Office,Central,Solomon Islands,Minnesota,Thomasview,Office Supplies,Paper,Everything,2,145.6,0.3,11.93,203.84,40.67,0.2,High,Card
ORD-14728,2025-05-28,May,2025,Adam Acevedo,VIP,Consumer,North,France,Hawaii,Joshuafort,Technology,Phones,Performance,10,511.69,0.27,19.49,3735.34,418.58,0.11,Medium,Net Banking
ORD-14729,2025-08-20,Aug,2025,Roberta Ross,VIP,Home Office,North,Cuba,Florida,East Gary,Office Supplies,Storage,Election,2,542.43,0.02,10.82,1063.16,-87.36,-0.08,High,Cash
ORD-14730,2025-11-09,Nov,2025,Rachel Cooper,Returning,Consumer,South,Morocco,Illinois,East Michael,Office Supplies,Binders,Travel,6,659.47,0.07,37.23,3679.84,803.52,0.22,High,Cash
ORD-14731,2024-10-22,Oct,2024,Michael Gonzalez,Returning,Corporate,South,French Guiana,Nebraska,Port Luketon,Office Supplies,Storage,Everybody,9,389.84,0.04,26.12,3368.22,657.56,0.2,Critical,UPI
ORD-14732,2025-04-13,Apr,2025,David Short,VIP,Consumer,East,New Zealand,Alaska,Mcculloughville,Office Supplies,Binders,Lay,6,702.17,0.22,49.25,3286.16,95.72,0.03,Medium,UPI
ORD-14733,2023-09-17,Sep,2023,Kristin Brown,Returning,Corporate,Central,Malta,Arkansas,Lake Jameston,Furniture,Tables,Cover,8,535.42,0.3,44.78,2998.35,414.42,0.14,Low,Net Banking
ORD-14734,2024-01-14,Jan,2024,Bradley Olsen,Returning,Consumer,Central,French Southern Territories,California,New Dan,Technology,Phones,Participant,10,798.77,0.04,13.0,7668.19,73.09,0.01,Critical,UPI
ORD-14735,2025-08-16,Aug,2025,April Schmidt,New,Consumer,East,Falkland Islands (Malvinas),Maine,Dominguezside,Furniture,Chairs,Girl,1,48.18,0.12,40.03,42.4,10.43,0.25,High,Net Banking
ORD-14736,2025-03-11,Mar,2025,Sabrina Fisher,Returning,Home Office,North,Cuba,New Jersey,Lake Jeffrey,Furniture,Bookcases,First,1,353.08,0.06,26.78,331.9,49.55,0.15,Medium,Net Banking
ORD-14737,2023-09-03,Sep,2023,Andrew Berg,New,Consumer,East,Tunisia,Nebraska,Vanceborough,Furniture,Chairs,Cause,4,40.09,0.11,15.18,142.72,-8.28,-0.06,Low,Card
ORD-14738,2025-10-02,Oct,2025,Roger Hunter,Returning,Consumer,Central,India,Louisiana,New Michaelfurt,Technology,Laptops,Herself,9,46.34,0.26,8.25,308.62,-4.84,-0.02,Medium,UPI
ORD-14739,2025-02-20,Feb,2025,Nicolas Hubbard,New,Corporate,East,Tokelau,Virginia,Webbfort,Technology,Phones,Instead,1,771.79,0.18,48.55,632.87,183.32,0.29,High,Net Banking
ORD-14740,2025-11-04,Nov,2025,Carlos Smith,Returning,Corporate,South,Uruguay,Colorado,New Wesley,Furniture,Tables,Parent,5,614.61,0.15,26.69,2612.09,222.56,0.09,High,Cash
ORD-14741,2023-06-05,Jun,2023,Rachel Blevins,New,Consumer,West,Cuba,Vermont,Woodsview,Furniture,Tables,Always,9,155.64,0.03,7.82,1358.74,265.61,0.2,Medium,Net Banking
ORD-14742,2023-12-14,Dec,2023,Wendy Day,Returning,Corporate,North,Korea,New Mexico,Jeffreymouth,Furniture,Chairs,Personal,4,334.84,0.2,35.91,1071.49,25.48,0.02,High,Net Banking
ORD-14743,2024-04-28,Apr,2024,Taylor Stuart,VIP,Home Office,South,Micronesia,West Virginia,New Jessicatown,Office Supplies,Binders,Argue,5,650.9,0.2,5.23,2603.6,234.78,0.09,Medium,UPI
ORD-14744,2023-01-08,Jan,2023,Jody Lam,VIP,Home Office,East,Korea,Kentucky,South Carrie,Office Supplies,Storage,Paper,8,579.51,0.22,35.62,3616.14,452.65,0.13,Medium,UPI
ORD-14745,2025-10-10,Oct,2025,Stephen Harvey,VIP,Home Office,West,Mauritius,Tennessee,West Caitlinfort,Furniture,Tables,Than,5,385.97,0.08,37.75,1775.46,-88.6,-0.05,Critical,UPI
ORD-14746,2025-10-29,Oct,2025,Tonya Garner,VIP,Corporate,North,Marshall Islands,Vermont,New Paula,Office Supplies,Paper,Food,3,64.76,0.2,34.22,155.42,-1.06,-0.01,High,Net Banking
ORD-14747,2025-10-20,Oct,2025,Reginald Franklin,Returning,Home Office,Central,Kenya,Delaware,Michelleshire,Office Supplies,Paper,Chair,8,159.79,0.25,24.36,958.74,-5.57,-0.01,High,Cash
ORD-14748,2025-01-16,Jan,2025,Linda Cox,VIP,Corporate,West,Comoros,Michigan,North Christopher,Office Supplies,Paper,Early,10,75.58,0.22,44.8,589.52,55.82,0.09,Critical,Net Banking
ORD-14749,2025-10-02,Oct,2025,James Baker,VIP,Consumer,East,Algeria,Colorado,Rhodesmouth,Furniture,Chairs,Across,3,83.83,0.25,35.33,188.62,38.91,0.21,Medium,Net Banking
ORD-14750,2024-01-02,Jan,2024,Stephanie Hill,New,Corporate,West,United States Virgin Islands,New Mexico,Lake Jeremy,Technology,Laptops,Prepare,10,600.89,0.28,24.1,4326.41,347.0,0.08,High,UPI
ORD-14751,2025-03-13,Mar,2025,Brian Robertson,Returning,Consumer,West,Cuba,Washington,Carrollmouth,Technology,Phones,Know,6,623.33,0.07,10.3,3478.18,18.7,0.01,Medium,UPI
ORD-14752,2024-09-15,Sep,2024,Jeffery Vazquez,New,Home Office,Central,Saint Kitts and Nevis,North Carolina,North Jesseside,Furniture,Chairs,Increase,6,168.06,0.01,12.65,998.28,-36.86,-0.04,Medium,Card
ORD-14753,2024-05-15,May,2024,Tyler Burns,Returning,Home Office,East,Ethiopia,New Mexico,Elizabethport,Furniture,Tables,Similar,2,173.05,0.03,21.18,335.72,75.89,0.23,Critical,Card
ORD-14754,2023-08-26,Aug,2023,Patricia Evans,Returning,Corporate,West,Andorra,Illinois,North Rachel,Office Supplies,Paper,Society,5,565.39,0.17,36.37,2346.37,223.74,0.1,Critical,UPI
ORD-14755,2025-07-22,Jul,2025,Elizabeth Arnold,Returning,Home Office,South,Georgia,Kentucky,Rodriguezfort,Furniture,Bookcases,Over,7,87.82,0.22,16.89,479.5,45.7,0.1,High,Card
ORD-14756,2025-04-18,Apr,2025,Morgan Chapman,Returning,Home Office,East,Saudi Arabia,South Dakota,New Michaelmouth,Office Supplies,Binders,Foreign,2,59.79,0.03,33.33,115.99,9.52,0.08,Medium,Cash
ORD-14757,2025-05-27,May,2025,Calvin Wang,Returning,Consumer,North,Monaco,Alabama,South Nicholasport,Technology,Laptops,Employee,6,622.74,0.02,16.52,3661.71,457.47,0.12,Critical,Cash
ORD-14758,2025-01-20,Jan,2025,Jack Anderson,New,Corporate,East,Cambodia,Rhode Island,Lake Keithberg,Furniture,Bookcases,Product,1,487.76,0.05,25.94,463.37,45.4,0.1,Critical,Cash
ORD-14759,2023-11-03,Nov,2023,Christopher Perry,New,Corporate,Central,Iran,Indiana,South Alexashire,Office Supplies,Storage,Forward,2,130.47,0.25,31.3,195.7,-14.19,-0.07,Low,Card
ORD-14760,2025-01-26,Jan,2025,Patricia Lopez,VIP,Consumer,South,Armenia,New York,Charlotteburgh,Technology,Phones,Almost,4,553.93,0.28,24.0,1595.32,456.72,0.29,Low,Cash
ORD-14761,2024-11-12,Nov,2024,Philip Smith,VIP,Corporate,South,Spain,Pennsylvania,New Stephanie,Technology,Laptops,Try,8,133.8,0.25,12.73,802.8,100.0,0.12,High,Net Banking
ORD-14762,2024-12-27,Dec,2024,William Hall PhD,Returning,Corporate,Central,Uzbekistan,Mississippi,Erichaven,Furniture,Tables,Second,10,695.87,0.24,43.88,5288.61,490.53,0.09,Low,Cash
ORD-14763,2024-05-27,May,2024,Michael Holmes,New,Home Office,South,Netherlands,Wisconsin,Matthewville,Office Supplies,Paper,Specific,5,514.26,0.12,17.85,2262.74,573.75,0.25,Critical,Cash
ORD-14764,2024-05-14,May,2024,Angel Lee,New,Corporate,East,Nicaragua,South Dakota,Debbiebury,Technology,Phones,Everyone,8,161.01,0.25,13.54,966.06,147.93,0.15,Low,Net Banking
ORD-14765,2024-03-21,Mar,2024,Susan Tate,New,Corporate,South,Afghanistan,New Jersey,Zacharyland,Technology,Phones,Growth,5,138.63,0.11,49.31,616.9,-19.83,-0.03,Critical,Card
ORD-14766,2024-10-30,Oct,2024,Meghan Robbins,New,Home Office,Central,Mauritania,Rhode Island,North Kerryborough,Technology,Phones,Their,4,36.56,0.16,44.62,122.84,-10.19,-0.08,Medium,Net Banking
ORD-14767,2024-12-06,Dec,2024,Anthony Ross,Returning,Consumer,Central,Nauru,Virginia,Jasonville,Technology,Accessories,Ground,1,521.63,0.13,47.02,453.82,40.99,0.09,Critical,Card
ORD-14768,2023-08-14,Aug,2023,Laura Schultz,VIP,Corporate,Central,Ireland,Indiana,Port Ashley,Furniture,Tables,Himself,4,120.6,0.01,30.26,477.58,-14.59,-0.03,Low,UPI
ORD-14769,2025-02-18,Feb,2025,Christian Thompson,VIP,Consumer,North,Nauru,Wisconsin,West Alyssa,Office Supplies,Storage,Several,5,546.87,0.03,26.6,2652.32,273.38,0.1,Medium,UPI
ORD-14770,2023-04-04,Apr,2023,Allen Hammond,New,Home Office,East,Central African Republic,Connecticut,Lake Jennamouth,Furniture,Tables,Her,3,554.49,0.19,34.99,1347.41,224.54,0.17,Medium,UPI
ORD-14771,2024-02-16,Feb,2024,Nicholas Mann,New,Corporate,South,Marshall Islands,Arizona,Burtonchester,Furniture,Bookcases,Success,1,63.42,0.27,13.5,46.3,13.17,0.28,High,Card
ORD-14772,2023-09-04,Sep,2023,Craig Green,Returning,Home Office,East,Jamaica,Hawaii,Phillipsport,Technology,Accessories,Money,10,352.16,0.01,39.25,3486.38,785.23,0.23,Low,Net Banking
ORD-14773,2024-05-25,May,2024,Justin Hill,VIP,Home Office,West,Martinique,West Virginia,Johnville,Technology,Accessories,Station,6,331.03,0.04,28.41,1906.73,445.86,0.23,Medium,UPI
ORD-14774,2025-09-01,Sep,2025,Robert Hall,Returning,Corporate,West,Turks and Caicos Islands,Oregon,Jacksonport,Furniture,Tables,Data,3,407.78,0.28,45.85,880.8,225.95,0.26,Medium,Net Banking
ORD-14775,2024-06-26,Jun,2024,Lauren Garcia,New,Consumer,East,Guadeloupe,Maryland,North Meghanland,Furniture,Tables,Open,2,151.75,0.26,29.61,224.59,-11.7,-0.05,Critical,Card
ORD-14776,2024-03-18,Mar,2024,Crystal Thompson,New,Consumer,West,Zambia,Michigan,North Justinmouth,Furniture,Tables,Industry,4,638.6,0.11,16.33,2273.42,225.57,0.1,Medium,Card
ORD-14777,2024-08-01,Aug,2024,Thomas Bridges,New,Consumer,North,Gambia,North Carolina,East Kevin,Office Supplies,Storage,Collection,6,15.45,0.05,27.3,88.06,23.27,0.26,Low,Card
ORD-14778,2024-02-17,Feb,2024,Robert Smith,VIP,Home Office,West,New Zealand,South Dakota,Fostermouth,Technology,Phones,Than,7,366.93,0.27,42.99,1875.01,-116.18,-0.06,Medium,Net Banking
ORD-14779,2023-04-09,Apr,2023,Sarah Hall,New,Home Office,West,Bhutan,Idaho,Alyssaville,Furniture,Chairs,Enjoy,7,224.41,0.09,13.56,1429.49,-3.37,0.0,Low,Cash
ORD-14780,2025-03-17,Mar,2025,Jill Robinson,New,Corporate,East,Kazakhstan,California,Lake Hannah,Office Supplies,Paper,Explain,1,415.06,0.02,35.63,406.76,-5.41,-0.01,Medium,Card
ORD-14781,2024-09-02,Sep,2024,Derrick Holt,Returning,Home Office,South,Vietnam,Indiana,Desireeport,Office Supplies,Storage,May,4,507.39,0.02,16.07,1988.97,-183.02,-0.09,Medium,Cash
ORD-14782,2024-06-01,Jun,2024,Nicole Garcia,VIP,Consumer,Central,Angola,New York,Hallshire,Office Supplies,Binders,Manager,6,699.63,0.0,47.91,4197.78,-56.33,-0.01,Low,Net Banking
ORD-14783,2023-10-16,Oct,2023,Kristopher Underwood,VIP,Home Office,West,Guyana,Virginia,New Julie,Technology,Accessories,Brother,5,272.44,0.18,11.79,1117.0,217.78,0.19,Critical,Card
ORD-14784,2024-09-08,Sep,2024,Melissa Roberts,New,Corporate,Central,Colombia,Minnesota,Laurenfurt,Technology,Accessories,Reduce,1,127.95,0.22,20.65,99.8,-1.15,-0.01,Low,Card
ORD-14785,2023-07-13,Jul,2023,Shannon Torres,VIP,Home Office,North,Korea,South Dakota,Loganton,Furniture,Chairs,Ok,5,361.62,0.28,17.35,1301.83,378.47,0.29,Critical,Net Banking
ORD-14786,2024-05-22,May,2024,Philip Norman,Returning,Home Office,East,Central African Republic,Delaware,Port Douglas,Furniture,Bookcases,Painting,9,457.33,0.28,10.55,2963.5,802.76,0.27,Critical,Card
ORD-14787,2023-03-19,Mar,2023,Karen Willis,Returning,Corporate,Central,Cuba,Alabama,North Dwayne,Technology,Laptops,Black,9,399.88,0.18,15.99,2951.11,876.74,0.3,Medium,Net Banking
ORD-14788,2024-12-16,Dec,2024,Renee Campbell,New,Corporate,East,Aruba,California,West Michellefurt,Furniture,Bookcases,General,3,519.07,0.24,34.81,1183.48,62.37,0.05,Critical,Net Banking
ORD-14789,2022-12-28,Dec,2022,Shawn Silva,Returning,Home Office,East,Suriname,Iowa,West Duaneview,Technology,Accessories,Bring,5,21.22,0.25,46.79,79.57,-0.78,-0.01,Medium,Card
ORD-14790,2024-08-03,Aug,2024,Heather Jordan,Returning,Corporate,South,Mongolia,Florida,Ashleymouth,Furniture,Bookcases,Modern,1,312.54,0.19,42.82,253.16,8.0,0.03,Low,Net Banking
ORD-14791,2024-07-07,Jul,2024,Paula Adams,Returning,Corporate,East,Kenya,Rhode Island,Mccallside,Technology,Phones,Head,7,698.94,0.02,34.09,4794.73,279.99,0.06,Critical,Cash
ORD-14792,2025-04-18,Apr,2025,Suzanne Smith,New,Home Office,North,Marshall Islands,South Carolina,Morrisstad,Technology,Phones,Director,4,473.01,0.11,34.3,1683.92,118.89,0.07,Critical,UPI
ORD-14793,2023-05-21,May,2023,Andrew Cooper,VIP,Home Office,North,Belarus,Colorado,Jeffreyfort,Office Supplies,Storage,Rule,5,395.08,0.27,10.94,1442.04,-24.57,-0.02,High,UPI
ORD-14794,2025-01-17,Jan,2025,April Powers,VIP,Corporate,South,Solomon Islands,Utah,New Jennifer,Office Supplies,Binders,Walk,1,115.65,0.04,12.02,111.02,26.52,0.24,Critical,Card
ORD-14795,2025-06-20,Jun,2025,Brian Frank,Returning,Home Office,Central,Palestinian Territory,Delaware,Port Shannon,Technology,Laptops,Fly,3,599.05,0.19,26.58,1455.69,417.14,0.29,Critical,Cash
ORD-14796,2023-01-10,Jan,2023,Danielle Hopkins,VIP,Corporate,Central,India,North Dakota,Parkburgh,Technology,Phones,Animal,10,625.87,0.25,6.91,4694.02,-319.4,-0.07,Low,Card
ORD-14797,2023-10-24,Oct,2023,Craig Lucas,New,Corporate,North,Honduras,North Dakota,North Sara,Technology,Laptops,Clearly,5,721.02,0.01,46.73,3569.05,234.75,0.07,Medium,UPI
ORD-14798,2023-07-05,Jul,2023,Michael Chapman,VIP,Home Office,East,Bouvet Island (Bouvetoya),North Carolina,Weissside,Office Supplies,Binders,Drug,3,215.41,0.07,18.0,600.99,47.09,0.08,Low,Cash
ORD-14799,2025-05-14,May,2025,William Anderson,Returning,Consumer,West,Lebanon,Arizona,Andreview,Technology,Laptops,School,5,197.58,0.04,21.31,948.38,259.25,0.27,Critical,UPI
ORD-14800,2023-05-14,May,2023,Fred Kelly,VIP,Corporate,South,Anguilla,North Carolina,West Geoffrey,Furniture,Chairs,Later,7,754.37,0.0,14.08,5280.59,-368.24,-0.07,Critical,Cash
ORD-14801,2023-03-21,Mar,2023,Andrea Lucas,Returning,Home Office,Central,Antigua and Barbuda,Georgia,Paulchester,Furniture,Tables,Some,3,111.55,0.17,39.08,277.76,51.39,0.19,High,Cash
ORD-14802,2025-10-25,Oct,2025,Thomas Brown,VIP,Consumer,South,Cook Islands,Rhode Island,Pearsonborough,Technology,Phones,Example,2,576.47,0.17,18.21,956.94,204.2,0.21,Medium,Card
ORD-14803,2025-04-08,Apr,2025,Melissa Miller,Returning,Corporate,West,British Virgin Islands,Florida,Karenborough,Office Supplies,Storage,Base,2,543.83,0.17,35.22,902.76,217.38,0.24,Medium,Cash
ORD-14804,2023-03-24,Mar,2023,Stephanie Wells,VIP,Corporate,Central,Timor-Leste,Oklahoma,North Johnshire,Furniture,Tables,Even,6,101.91,0.04,42.28,587.0,168.83,0.29,Low,Card
ORD-14805,2024-06-29,Jun,2024,Kenneth Berger,VIP,Consumer,Central,Eritrea,Illinois,Andersonville,Furniture,Chairs,Gas,10,329.75,0.2,27.62,2638.0,410.53,0.16,High,UPI
ORD-14806,2025-08-08,Aug,2025,Stacy Smith,VIP,Consumer,South,Cuba,Utah,Port Patrickhaven,Office Supplies,Storage,Yourself,1,614.74,0.2,33.23,491.79,62.98,0.13,High,Cash
ORD-14807,2025-06-02,Jun,2025,Larry Ross,VIP,Corporate,East,Martinique,Arkansas,North Allison,Furniture,Tables,Particularly,8,51.72,0.26,31.17,306.18,59.59,0.19,High,Net Banking
ORD-14808,2023-08-20,Aug,2023,Stephen Rodriguez,Returning,Home Office,Central,Ghana,South Dakota,East Christopher,Office Supplies,Binders,Wall,4,347.55,0.18,39.01,1139.96,24.14,0.02,Medium,Net Banking
ORD-14809,2024-12-11,Dec,2024,Daniel Schultz,New,Home Office,South,Hungary,Oklahoma,Lisaborough,Office Supplies,Paper,Air,6,11.76,0.01,33.27,69.85,0.18,0.0,Low,Net Banking
ORD-14810,2024-11-04,Nov,2024,Trevor Carter,VIP,Consumer,North,Wallis and Futuna,Kansas,West Betty,Office Supplies,Binders,Challenge,7,288.84,0.19,24.45,1637.72,62.02,0.04,Low,Net Banking
ORD-14811,2024-08-02,Aug,2024,Melissa Grant,VIP,Corporate,East,Pakistan,Maine,Cardenasfurt,Technology,Phones,Again,9,115.72,0.07,14.31,968.58,2.16,0.0,High,Net Banking
ORD-14812,2023-07-21,Jul,2023,Maxwell Nelson,VIP,Corporate,East,Bhutan,Rhode Island,Smithland,Furniture,Chairs,Share,3,16.81,0.05,6.88,47.91,3.72,0.08,High,Cash
ORD-14813,2024-01-07,Jan,2024,Kevin Ramos,New,Consumer,South,Slovenia,Florida,Campbellbury,Office Supplies,Paper,Break,7,600.18,0.02,18.24,4117.23,-108.26,-0.03,Critical,Net Banking
ORD-14814,2025-06-13,Jun,2025,Roger Johnson,VIP,Corporate,West,Tanzania,Tennessee,Richardsonland,Technology,Laptops,Suffer,7,789.9,0.22,11.95,4312.85,941.32,0.22,Medium,Net Banking
ORD-14815,2024-01-12,Jan,2024,Shane Hall,New,Corporate,North,Bermuda,Indiana,East Jared,Technology,Laptops,Message,6,447.56,0.05,41.75,2551.09,-82.3,-0.03,High,Card
ORD-14816,2023-02-09,Feb,2023,Steven Sanchez,Returning,Home Office,South,Gambia,Florida,North Kimberlyburgh,Office Supplies,Paper,Oil,8,699.13,0.19,30.45,4530.36,1331.96,0.29,Medium,UPI
ORD-14817,2025-01-22,Jan,2025,David Garcia,VIP,Consumer,South,Argentina,North Dakota,Smithborough,Technology,Accessories,Pick,9,777.8,0.01,39.56,6930.2,-346.06,-0.05,Medium,Net Banking
ORD-14818,2025-11-10,Nov,2025,Jocelyn Parrish,New,Corporate,South,Hong Kong,West Virginia,Port Jeffville,Furniture,Tables,Activity,5,665.31,0.22,28.46,2594.71,253.8,0.1,High,Cash
ORD-14819,2023-06-09,Jun,2023,Thomas Leach,Returning,Corporate,Central,Costa Rica,Wisconsin,Jeffreyhaven,Furniture,Bookcases,Strategy,7,493.52,0.12,9.13,3040.08,879.49,0.29,Low,Cash
ORD-14820,2024-02-26,Feb,2024,Kimberly Davidson,New,Consumer,West,Aruba,Arkansas,Anaton,Furniture,Tables,Career,7,60.8,0.18,21.4,348.99,21.29,0.06,High,Net Banking
ORD-14821,2024-03-08,Mar,2024,Jeffrey Scott,Returning,Home Office,Central,Angola,Colorado,Wilsonshire,Furniture,Chairs,Price,1,353.75,0.24,16.37,268.85,12.4,0.05,Medium,Card
ORD-14822,2024-01-30,Jan,2024,Joshua Macdonald II,New,Consumer,West,Jamaica,Missouri,Whiteview,Technology,Laptops,Half,8,418.77,0.24,11.01,2546.12,454.66,0.18,Low,Net Banking
ORD-14823,2024-03-22,Mar,2024,Karen Gomez,VIP,Consumer,North,Montserrat,Wisconsin,Port Robertview,Technology,Phones,Heavy,10,483.88,0.24,35.47,3677.49,802.13,0.22,High,UPI
ORD-14824,2023-10-29,Oct,2023,Cynthia Powell,New,Consumer,South,Malaysia,Utah,Lake Nicole,Furniture,Tables,World,10,401.86,0.25,34.55,3013.95,787.02,0.26,Critical,Net Banking
ORD-14825,2024-12-03,Dec,2024,Mr. Isaac Santiago,Returning,Consumer,West,Belgium,California,New Melissaside,Furniture,Chairs,Successful,10,720.42,0.12,14.86,6339.7,809.38,0.13,Medium,Cash
ORD-14826,2025-01-11,Jan,2025,Jennifer Anderson,VIP,Corporate,South,Central African Republic,Delaware,Thomaschester,Furniture,Chairs,Sit,2,548.8,0.14,6.92,943.94,-42.36,-0.04,Critical,Card
ORD-14827,2023-08-29,Aug,2023,Sarah Luna,New,Home Office,West,Burkina Faso,Mississippi,North Michaelview,Technology,Phones,Stage,4,135.91,0.14,10.4,467.53,53.08,0.11,Medium,UPI
ORD-14828,2024-06-10,Jun,2024,Zachary Patterson,VIP,Home Office,South,Gabon,New York,South Christina,Office Supplies,Binders,Trade,3,156.56,0.23,23.26,361.65,101.26,0.28,High,Card
ORD-14829,2023-02-16,Feb,2023,Jeffrey Brown,Returning,Home Office,South,Nauru,California,Lake Derek,Office Supplies,Paper,Court,10,323.08,0.15,10.72,2746.18,797.91,0.29,Critical,Net Banking
ORD-14830,2023-02-19,Feb,2023,Cory Williams,New,Home Office,West,Dominica,Mississippi,West Jenniferland,Office Supplies,Storage,On,4,379.66,0.18,21.91,1245.28,164.94,0.13,Critical,Card
ORD-14831,2024-03-01,Mar,2024,David Miller,Returning,Corporate,Central,British Indian Ocean Territory (Chagos Archipelago),New Jersey,Mistyborough,Office Supplies,Paper,Third,7,127.07,0.0,7.3,889.49,236.45,0.27,Medium,Card
ORD-14832,2024-04-05,Apr,2024,Tiffany Bryant,VIP,Home Office,North,Jersey,California,Tracyview,Furniture,Bookcases,Me,7,459.42,0.01,13.19,3183.78,811.92,0.26,Critical,Card
ORD-14833,2023-07-04,Jul,2023,Betty Lawson,Returning,Consumer,Central,Sao Tome and Principe,Indiana,East Tanya,Technology,Laptops,Bed,2,724.39,0.15,32.79,1231.46,-103.04,-0.08,Medium,Card
ORD-14834,2024-05-12,May,2024,Courtney Johnson,VIP,Home Office,West,Nicaragua,Delaware,Steinberg,Office Supplies,Binders,Hospital,9,45.23,0.01,30.39,403.0,-32.44,-0.08,Critical,Net Banking
ORD-14835,2024-08-13,Aug,2024,Justin Walker,New,Corporate,West,Korea,Texas,East Daniel,Furniture,Bookcases,Professional,6,59.78,0.25,29.76,269.01,6.39,0.02,Critical,Net Banking
ORD-14836,2025-09-11,Sep,2025,Gerald Mendoza,Returning,Consumer,North,Burundi,Georgia,Lake Matthew,Office Supplies,Storage,Story,1,359.13,0.2,14.57,287.3,84.56,0.29,Low,UPI
ORD-14837,2025-05-16,May,2025,Dr. Kenneth Knox DVM,New,Home Office,West,Pakistan,Tennessee,Malloryville,Technology,Accessories,Me,7,682.52,0.26,49.97,3535.45,130.66,0.04,Low,Net Banking
ORD-14838,2023-08-24,Aug,2023,Andre Cook,VIP,Consumer,West,Comoros,Oregon,Port Sabrinachester,Technology,Accessories,Ask,1,75.82,0.19,43.16,61.41,12.18,0.2,Low,Card
ORD-14839,2023-09-10,Sep,2023,Jeremy Miller,Returning,Corporate,South,Heard Island and McDonald Islands,West Virginia,Lake Samanthatown,Office Supplies,Paper,Door,4,193.1,0.12,19.49,679.71,-49.8,-0.07,Low,UPI
ORD-14840,2025-05-19,May,2025,Sharon Cook,Returning,Home Office,Central,Sri Lanka,Minnesota,Priceville,Office Supplies,Binders,Business,9,791.5,0.06,17.2,6696.09,-660.94,-0.1,High,UPI
ORD-14841,2025-10-08,Oct,2025,Kathryn Miller,New,Corporate,South,New Zealand,Indiana,New Lauraport,Office Supplies,Storage,To,2,559.14,0.24,36.18,849.89,-9.17,-0.01,High,Cash
ORD-14842,2023-12-29,Dec,2023,Ashley Scott,New,Consumer,West,Micronesia,California,Hartmanhaven,Office Supplies,Storage,Focus,2,583.19,0.3,34.53,816.47,157.42,0.19,High,Net Banking
ORD-14843,2024-12-31,Dec,2024,Jessica Lewis,New,Consumer,West,Gabon,West Virginia,West Dean,Technology,Phones,Budget,4,566.18,0.01,30.51,2242.07,153.46,0.07,Medium,Cash
ORD-14844,2024-09-23,Sep,2024,Dawn Wallace,Returning,Consumer,North,China,Colorado,Matthewstad,Office Supplies,Storage,Whether,9,334.17,0.12,45.39,2646.63,743.14,0.28,Low,Cash
ORD-14845,2024-12-28,Dec,2024,Jessica Green,Returning,Home Office,East,Anguilla,North Carolina,Shellyland,Furniture,Tables,Spend,6,50.64,0.2,41.57,243.07,43.19,0.18,Low,UPI
ORD-14846,2023-08-09,Aug,2023,Sue Ryan,VIP,Consumer,East,Lao People's Democratic Republic,Texas,West Bethanyburgh,Office Supplies,Binders,Child,2,91.18,0.14,35.74,156.83,-7.67,-0.05,Critical,UPI
ORD-14847,2024-11-22,Nov,2024,Jennifer Clark,VIP,Home Office,South,Botswana,Florida,Port Nicholaschester,Technology,Phones,Actually,6,367.27,0.17,48.04,1829.0,467.91,0.26,Low,Cash
ORD-14848,2023-08-10,Aug,2023,David Davis,New,Consumer,West,Congo,New York,Port David,Office Supplies,Binders,Military,1,128.05,0.21,25.87,101.16,18.55,0.18,High,Card
ORD-14849,2023-12-19,Dec,2023,William Herman,Returning,Home Office,East,Moldova,Maryland,North Jamesside,Office Supplies,Binders,Color,7,584.95,0.04,37.16,3930.86,1003.45,0.26,High,Card
ORD-14850,2023-09-05,Sep,2023,James Payne,VIP,Home Office,West,Cameroon,Hawaii,East Frank,Technology,Laptops,Home,1,387.54,0.19,46.05,313.91,71.33,0.23,High,Net Banking
ORD-14851,2024-10-25,Oct,2024,Raymond Acevedo,Returning,Consumer,North,Guatemala,California,Pooleside,Office Supplies,Paper,Stay,6,321.68,0.24,43.34,1466.86,-120.34,-0.08,Critical,Cash
ORD-14852,2025-05-10,May,2025,Johnathan Webb,Returning,Consumer,East,Brazil,Idaho,Lisaside,Office Supplies,Storage,List,7,472.12,0.09,36.29,3007.4,33.16,0.01,Low,UPI
ORD-14853,2024-07-17,Jul,2024,Patty Klein,VIP,Home Office,West,Liechtenstein,West Virginia,Smithstad,Technology,Laptops,Use,2,544.0,0.25,39.82,816.0,35.09,0.04,Medium,Card
ORD-14854,2025-07-17,Jul,2025,Kristen Gibbs,New,Consumer,East,Lao People's Democratic Republic,Maryland,Millstown,Technology,Accessories,Mention,2,191.4,0.09,10.87,348.35,86.72,0.25,Low,UPI
ORD-14855,2024-11-20,Nov,2024,Rachel Delacruz,VIP,Home Office,South,Zambia,Colorado,North Elizabeth,Technology,Laptops,Middle,5,523.6,0.13,14.32,2277.66,-166.33,-0.07,Low,Card
ORD-14856,2024-01-22,Jan,2024,Rachel Brown,VIP,Consumer,South,Maldives,New York,East Tiffanyland,Technology,Phones,Suddenly,8,77.64,0.16,39.1,521.74,149.07,0.29,High,UPI
ORD-14857,2023-09-29,Sep,2023,Alicia Tyler,New,Corporate,East,Canada,Texas,Justinburgh,Furniture,Chairs,Near,10,729.28,0.22,13.88,5688.38,237.93,0.04,Medium,Net Banking
ORD-14858,2025-03-15,Mar,2025,Alyssa Schwartz,New,Home Office,North,Sierra Leone,Vermont,Greenburgh,Technology,Phones,Game,6,77.41,0.03,15.82,450.53,64.55,0.14,Medium,UPI
ORD-14859,2024-05-17,May,2024,Samuel Hughes DDS,New,Consumer,South,Svalbard & Jan Mayen Islands,Tennessee,New Donaldton,Office Supplies,Binders,Yourself,8,197.17,0.21,8.32,1246.11,129.65,0.1,High,UPI
ORD-14860,2023-02-15,Feb,2023,Kristin Phillips,VIP,Home Office,South,Somalia,Arkansas,North Deborahmouth,Office Supplies,Binders,Spend,6,208.15,0.22,11.95,974.14,152.2,0.16,Critical,Card
ORD-14861,2025-07-02,Jul,2025,David Campbell,Returning,Corporate,East,Chad,Florida,West Gabriela,Furniture,Tables,Matter,8,424.65,0.2,16.75,2717.76,683.52,0.25,Low,Card
ORD-14862,2025-02-04,Feb,2025,Dr. Jeffrey Anderson DDS,VIP,Consumer,West,Croatia,Wyoming,South Matthewmouth,Furniture,Chairs,Only,7,718.66,0.12,22.74,4426.95,460.17,0.1,Medium,Net Banking
ORD-14863,2023-10-09,Oct,2023,Caitlin Mason,New,Consumer,East,Burkina Faso,Pennsylvania,Dorseystad,Office Supplies,Paper,Size,6,408.02,0.26,45.68,1811.61,379.23,0.21,Low,UPI
ORD-14864,2025-08-24,Aug,2025,Michelle Johnson,VIP,Home Office,North,Tunisia,West Virginia,Lake Nicoleland,Furniture,Tables,Offer,7,610.64,0.11,23.51,3804.29,398.13,0.1,Medium,Net Banking
ORD-14865,2024-09-04,Sep,2024,Brandon Miller,New,Consumer,East,Andorra,Tennessee,Griffithport,Furniture,Tables,Person,4,290.58,0.01,10.43,1150.7,320.25,0.28,Critical,UPI
ORD-14866,2022-12-05,Dec,2022,Brian Ayers,New,Home Office,East,Mexico,Idaho,Blackberg,Furniture,Tables,Put,1,597.23,0.26,19.65,441.95,79.2,0.18,Critical,Cash
ORD-14867,2024-11-24,Nov,2024,Ronnie Ward,VIP,Consumer,South,Azerbaijan,Rhode Island,West Crystal,Technology,Laptops,Everyone,2,69.43,0.2,17.38,111.09,6.09,0.05,Low,Card
ORD-14868,2023-09-24,Sep,2023,Paul Green,VIP,Consumer,West,Kiribati,Idaho,Lake Charles,Technology,Phones,Onto,10,471.21,0.08,9.59,4335.13,825.64,0.19,Low,Net Banking
ORD-14869,2024-10-26,Oct,2024,Mark Robinson,VIP,Home Office,South,Belarus,Nevada,East Lisahaven,Furniture,Tables,Society,9,516.65,0.13,24.89,4045.37,330.35,0.08,Critical,Net Banking
ORD-14870,2023-09-12,Sep,2023,Meghan Browning,New,Home Office,Central,Denmark,Iowa,Sheilamouth,Furniture,Bookcases,Important,7,55.1,0.11,27.27,343.27,4.73,0.01,High,UPI
ORD-14871,2024-01-08,Jan,2024,Connie Harper,Returning,Home Office,East,Libyan Arab Jamahiriya,Oklahoma,Port Jacobville,Furniture,Tables,List,10,408.7,0.26,18.7,3024.38,873.08,0.29,Medium,Card
ORD-14872,2025-07-25,Jul,2025,Steven Valentine,New,Home Office,North,Bosnia and Herzegovina,Nevada,Hardymouth,Furniture,Bookcases,Nation,9,183.42,0.25,31.97,1238.09,97.24,0.08,Critical,Cash
ORD-14873,2023-12-30,Dec,2023,Linda Gross,New,Home Office,East,Central African Republic,Vermont,New Sarah,Furniture,Tables,More,3,567.8,0.03,11.85,1652.3,-88.48,-0.05,Low,Card
ORD-14874,2022-11-29,Nov,2022,Stacy Barnes,New,Consumer,Central,Djibouti,Vermont,West Danielstad,Office Supplies,Paper,Series,9,281.23,0.1,31.55,2277.96,-107.5,-0.05,Low,Card
ORD-14875,2025-06-13,Jun,2025,Kim Guzman,Returning,Corporate,North,Solomon Islands,Maine,New Amanda,Furniture,Chairs,World,6,503.69,0.01,38.46,2991.92,605.72,0.2,Low,Cash
ORD-14876,2024-01-04,Jan,2024,Edward Johnson,Returning,Corporate,South,Bahamas,Oregon,Davidfort,Furniture,Chairs,Onto,7,175.03,0.15,28.76,1041.43,257.98,0.25,Medium,Card
ORD-14877,2024-07-02,Jul,2024,Jose Harris,VIP,Home Office,East,Luxembourg,Louisiana,Carrieview,Technology,Phones,Beautiful,10,707.8,0.29,15.94,5025.38,286.98,0.06,High,Cash
ORD-14878,2025-02-17,Feb,2025,Jorge Hernandez,Returning,Corporate,Central,Israel,Alaska,East Dawn,Office Supplies,Paper,Beautiful,3,764.14,0.23,8.25,1765.16,481.0,0.27,High,Card
ORD-14879,2023-01-27,Jan,2023,Phillip Richardson,New,Home Office,West,Norfolk Island,South Carolina,Teresaborough,Furniture,Bookcases,Feel,2,17.08,0.0,6.85,34.16,7.09,0.21,Medium,Net Banking
ORD-14880,2024-02-04,Feb,2024,Terri Davis,New,Home Office,North,Monaco,West Virginia,Port Jeremy,Office Supplies,Binders,Table,7,80.89,0.09,8.28,515.27,121.58,0.24,Critical,Net Banking
ORD-14881,2023-06-25,Jun,2023,Edward Morgan,New,Consumer,South,New Caledonia,Arizona,East Sheryl,Technology,Accessories,Yeah,10,644.74,0.25,18.55,4835.55,927.71,0.19,Low,Net Banking
ORD-14882,2024-11-25,Nov,2024,Laura Walker,New,Consumer,North,Saudi Arabia,New York,Bradleyton,Office Supplies,Binders,Line,6,106.51,0.3,17.83,447.34,104.7,0.23,Critical,Card
ORD-14883,2023-06-13,Jun,2023,Michelle Barnes,New,Corporate,East,Guinea,Hawaii,Paulfurt,Furniture,Tables,Share,7,32.73,0.26,42.96,169.54,47.74,0.28,Medium,Net Banking
ORD-14884,2024-10-28,Oct,2024,Olivia Oliver,New,Corporate,East,Saint Martin,Kentucky,New Caseyhaven,Technology,Phones,Young,10,304.42,0.02,41.4,2983.32,442.29,0.15,Medium,UPI
ORD-14885,2022-12-19,Dec,2022,Jasmine Marsh,New,Home Office,North,Liberia,Idaho,New Reginald,Office Supplies,Storage,Generation,5,153.01,0.0,10.76,765.05,-74.75,-0.1,High,Cash
ORD-14886,2023-11-19,Nov,2023,Jeffery Abbott,Returning,Corporate,North,Tanzania,North Carolina,Lake Amandafurt,Furniture,Tables,Inside,10,366.16,0.08,10.55,3368.67,878.12,0.26,Critical,UPI
ORD-14887,2024-02-14,Feb,2024,Tommy Diaz,New,Consumer,South,El Salvador,Alaska,Kimberlyside,Office Supplies,Storage,Debate,10,365.78,0.01,30.28,3621.22,7.45,0.0,Medium,Net Banking
ORD-14888,2025-04-06,Apr,2025,Stephanie David,Returning,Consumer,East,South Georgia and the South Sandwich Islands,Alaska,Sherryburgh,Furniture,Bookcases,Not,1,607.93,0.0,35.22,607.93,160.52,0.26,Low,Card
ORD-14889,2025-05-23,May,2025,Susan Gray,New,Corporate,North,Faroe Islands,South Carolina,Lake Timothy,Furniture,Bookcases,Clearly,10,116.72,0.11,19.67,1038.81,167.15,0.16,High,Net Banking
ORD-14890,2024-07-11,Jul,2024,Kimberly Fletcher,Returning,Consumer,North,Guinea,Kansas,South Pamela,Technology,Accessories,Little,3,117.94,0.28,12.38,254.75,13.63,0.05,High,Cash
ORD-14891,2023-12-26,Dec,2023,Shawn Bryan,New,Consumer,Central,Cook Islands,Virginia,Kimberlyberg,Furniture,Chairs,Current,8,129.46,0.16,7.15,869.97,163.91,0.19,Low,Cash
ORD-14892,2025-01-06,Jan,2025,Johnathan Murphy,New,Corporate,East,Barbados,Nevada,Houstonfurt,Furniture,Chairs,Either,1,71.88,0.1,46.91,64.69,16.17,0.25,Medium,Card
ORD-14893,2024-04-21,Apr,2024,David Juarez,New,Corporate,East,Paraguay,California,North Douglas,Furniture,Chairs,Big,2,655.55,0.08,18.81,1206.21,254.52,0.21,Critical,UPI
ORD-14894,2023-01-05,Jan,2023,Debra Tucker,Returning,Home Office,North,Trinidad and Tobago,Maryland,Sharibury,Furniture,Chairs,Appear,6,719.85,0.1,25.74,3887.19,667.89,0.17,Medium,Net Banking
ORD-14895,2025-09-10,Sep,2025,Eric Wilkins,New,Home Office,West,Falkland Islands (Malvinas),Nevada,Dawnmouth,Technology,Laptops,Bank,3,628.62,0.07,5.25,1753.85,62.87,0.04,Medium,Net Banking
ORD-14896,2025-04-22,Apr,2025,Angie Smith,New,Home Office,West,Suriname,Kansas,Andrewberg,Technology,Phones,Others,8,396.8,0.13,40.56,2761.73,279.94,0.1,High,Cash
ORD-14897,2025-05-23,May,2025,Maria Nelson,Returning,Home Office,East,Benin,Florida,Adamfort,Furniture,Bookcases,Cold,4,21.27,0.14,16.3,73.17,16.18,0.22,High,Cash
ORD-14898,2022-12-21,Dec,2022,Brian Thomas,VIP,Corporate,West,Libyan Arab Jamahiriya,Idaho,New Erik,Technology,Accessories,Will,7,389.75,0.06,10.17,2564.55,718.29,0.28,Medium,Net Banking
ORD-14899,2024-06-03,Jun,2024,Traci Watts,Returning,Corporate,North,Burkina Faso,Tennessee,Robertborough,Office Supplies,Storage,Opportunity,3,104.19,0.23,33.34,240.68,0.97,0.0,Medium,UPI
ORD-14900,2025-10-15,Oct,2025,Sherry Vega,Returning,Home Office,South,Belize,South Carolina,North Tinatown,Office Supplies,Binders,Deep,6,454.59,0.26,45.52,2018.38,570.53,0.28,Low,Net Banking
ORD-14901,2023-06-02,Jun,2023,Diane Williams,New,Home Office,South,Puerto Rico,Massachusetts,Coxshire,Technology,Laptops,Strong,8,776.54,0.25,48.21,4659.24,89.28,0.02,High,Net Banking
ORD-14902,2022-12-01,Dec,2022,Nancy Robertson,Returning,Corporate,North,Latvia,Rhode Island,Feliciaview,Office Supplies,Storage,Piece,3,38.22,0.23,22.95,88.29,-1.92,-0.02,Low,Net Banking
ORD-14903,2023-09-24,Sep,2023,Timothy Garcia,New,Consumer,South,Croatia,Maine,Lake Kellyshire,Office Supplies,Paper,Race,4,281.72,0.2,18.84,901.5,43.55,0.05,High,Net Banking
ORD-14904,2024-09-09,Sep,2024,Tracy Johnson,VIP,Corporate,North,Kiribati,Michigan,New Steven,Technology,Laptops,Data,5,554.67,0.13,32.11,2412.81,203.85,0.08,High,Net Banking
ORD-14905,2025-05-19,May,2025,Christopher Odonnell,VIP,Corporate,North,Lao People's Democratic Republic,Maine,Kennedyborough,Furniture,Tables,Image,7,200.54,0.22,8.51,1094.95,297.64,0.27,High,Cash
ORD-14906,2024-11-22,Nov,2024,Tammy Alvarez,VIP,Home Office,West,Ethiopia,Missouri,Christianmouth,Office Supplies,Binders,Best,3,324.29,0.19,29.6,788.02,229.95,0.29,Medium,Card
ORD-14907,2025-07-21,Jul,2025,David Anderson,New,Home Office,North,Argentina,Utah,Teresaton,Office Supplies,Storage,Research,5,544.91,0.04,9.97,2615.57,285.27,0.11,Medium,Cash
ORD-14908,2025-09-16,Sep,2025,Timothy Barber,Returning,Consumer,Central,Paraguay,Iowa,South Valerieside,Office Supplies,Storage,President,9,682.17,0.12,42.51,5402.79,-29.46,-0.01,Medium,Card
ORD-14909,2025-09-11,Sep,2025,Sarah Freeman,VIP,Home Office,Central,Libyan Arab Jamahiriya,North Dakota,Port Brianfurt,Furniture,Bookcases,Drive,3,554.79,0.13,33.83,1448.0,403.47,0.28,Low,UPI
ORD-14910,2023-07-23,Jul,2023,Kristine Hernandez,Returning,Home Office,East,Georgia,Minnesota,Ruizshire,Furniture,Bookcases,Model,7,530.57,0.09,39.15,3379.73,233.11,0.07,Low,Net Banking
ORD-14911,2023-06-07,Jun,2023,Lisa Curtis PhD,Returning,Home Office,Central,Burkina Faso,Tennessee,Comptonview,Furniture,Chairs,Quality,1,145.68,0.11,44.44,129.66,-6.48,-0.05,Critical,UPI
ORD-14912,2024-10-23,Oct,2024,Joseph Lowe,VIP,Consumer,West,Moldova,Montana,East Katie,Technology,Phones,End,5,511.15,0.03,39.39,2479.08,517.82,0.21,Low,Cash
ORD-14913,2023-08-12,Aug,2023,Dawn Andrews,VIP,Consumer,South,British Indian Ocean Territory (Chagos Archipelago),Massachusetts,West Andreaville,Furniture,Bookcases,Own,4,370.66,0.28,20.51,1067.5,115.17,0.11,Critical,Card
ORD-14914,2025-11-17,Nov,2025,Mark Graves,VIP,Consumer,Central,Fiji,Kentucky,Kingfurt,Furniture,Tables,Hard,5,769.48,0.23,37.99,2962.5,-51.08,-0.02,High,Card
ORD-14915,2025-01-20,Jan,2025,David Smith,New,Corporate,North,New Caledonia,Indiana,East Edward,Technology,Laptops,Stock,9,792.77,0.08,14.46,6564.14,1638.72,0.25,Medium,UPI
ORD-14916,2022-12-19,Dec,2022,Mark Mitchell,New,Home Office,West,Nicaragua,Arkansas,Longfort,Office Supplies,Binders,Project,2,593.0,0.21,31.64,936.94,270.15,0.29,High,UPI
ORD-14917,2025-06-28,Jun,2025,Jesse Swanson,New,Consumer,East,Egypt,Arizona,North Eugeneville,Office Supplies,Storage,Away,9,431.75,0.14,34.49,3341.74,642.84,0.19,Critical,Card
ORD-14918,2025-08-25,Aug,2025,Michael Harper,Returning,Corporate,East,Portugal,Idaho,East Regina,Office Supplies,Binders,Again,2,40.2,0.18,21.57,65.93,7.81,0.12,Medium,Net Banking
ORD-14919,2023-01-09,Jan,2023,Clifford Smith,New,Home Office,West,Mali,Texas,South Chelseabury,Office Supplies,Binders,Your,9,773.35,0.3,37.53,4872.11,443.52,0.09,Critical,UPI
ORD-14920,2024-06-20,Jun,2024,Adam Lane,VIP,Corporate,North,Yemen,Minnesota,Reidstad,Furniture,Chairs,Beat,2,705.85,0.07,37.18,1312.88,260.45,0.2,Low,Net Banking
ORD-14921,2024-01-02,Jan,2024,Charles Bradford,New,Corporate,West,Greece,Illinois,Molinaton,Furniture,Tables,Account,2,361.52,0.25,13.8,542.28,57.44,0.11,High,Cash
ORD-14922,2023-03-28,Mar,2023,Ashley Blanchard,Returning,Consumer,West,Honduras,Nevada,East Cynthiatown,Office Supplies,Storage,Yet,7,160.94,0.12,40.73,991.39,-23.19,-0.02,Medium,Cash
ORD-14923,2025-05-13,May,2025,Gavin Russell,VIP,Corporate,North,China,Colorado,Port Anna,Furniture,Tables,Kid,1,394.94,0.15,26.34,335.7,66.37,0.2,Low,Cash
ORD-14924,2023-05-29,May,2023,Michelle Ruiz,Returning,Home Office,North,Costa Rica,Vermont,Summersview,Furniture,Tables,Realize,9,115.37,0.25,17.68,778.75,177.56,0.23,High,Net Banking
ORD-14925,2023-05-21,May,2023,Julie Wilkins,New,Consumer,East,Guatemala,Nebraska,New Daniel,Technology,Laptops,Space,6,499.38,0.08,40.68,2756.58,626.38,0.23,Medium,UPI
ORD-14926,2024-02-03,Feb,2024,April Martinez,Returning,Corporate,Central,Albania,Tennessee,Nataliefort,Furniture,Chairs,Use,2,785.57,0.28,38.33,1131.22,-8.19,-0.01,Medium,Net Banking
ORD-14927,2023-01-26,Jan,2023,Jordan Anderson,New,Corporate,Central,Cook Islands,Maryland,Port Jessica,Office Supplies,Paper,Step,5,679.17,0.3,39.52,2377.09,484.24,0.2,Critical,UPI
ORD-14928,2023-07-20,Jul,2023,Johnny Jones,Returning,Corporate,South,Afghanistan,New Hampshire,South Kevin,Office Supplies,Storage,General,8,422.82,0.01,34.02,3348.73,-218.73,-0.07,Low,Cash
ORD-14929,2024-05-22,May,2024,Christopher Robertson,Returning,Home Office,North,Micronesia,Texas,Kennethshire,Office Supplies,Paper,Have,2,117.0,0.2,13.0,187.2,52.85,0.28,Medium,Cash
ORD-14930,2023-05-09,May,2023,Susan Elliott,Returning,Consumer,North,Saint Barthelemy,Maryland,South Jennifermouth,Technology,Laptops,However,4,423.11,0.01,19.45,1675.52,-52.33,-0.03,Low,Cash
ORD-14931,2024-12-30,Dec,2024,Richard Brown,VIP,Corporate,East,Seychelles,Mississippi,North Justin,Furniture,Tables,First,6,20.65,0.19,28.61,100.36,29.78,0.3,Medium,UPI
ORD-14932,2025-08-25,Aug,2025,Jennifer Kane,Returning,Corporate,West,Panama,New Hampshire,North Saraport,Office Supplies,Binders,Sister,5,121.06,0.11,19.0,538.72,94.34,0.18,High,Card
ORD-14933,2023-05-29,May,2023,Michael Bruce,VIP,Corporate,North,Djibouti,Arizona,East Anna,Office Supplies,Paper,Provide,4,773.18,0.27,22.9,2257.69,5.53,0.0,Critical,Net Banking
ORD-14934,2023-04-09,Apr,2023,James Murray,Returning,Corporate,West,Saint Pierre and Miquelon,Michigan,Harristown,Furniture,Bookcases,My,9,51.29,0.24,21.35,350.82,1.62,0.0,Low,Net Banking
ORD-14935,2023-05-19,May,2023,Christina Love,New,Consumer,Central,Saint Helena,Nevada,Matthewmouth,Furniture,Chairs,Rule,10,489.47,0.25,27.06,3671.03,825.89,0.22,Critical,Net Banking
ORD-14936,2023-04-24,Apr,2023,Austin Fisher,Returning,Consumer,South,British Indian Ocean Territory (Chagos Archipelago),Louisiana,East Troy,Furniture,Chairs,Fly,2,162.81,0.13,36.69,283.29,8.87,0.03,High,Cash
ORD-14937,2023-10-23,Oct,2023,Christine Blanchard,New,Corporate,West,Kenya,Alabama,Mejiaview,Office Supplies,Paper,Land,6,758.66,0.13,24.61,3960.21,1071.67,0.27,Critical,Card
ORD-14938,2024-02-15,Feb,2024,Mrs. Stacey Campbell MD,Returning,Home Office,Central,Malawi,Colorado,East Barbara,Furniture,Tables,Order,5,186.44,0.09,30.37,848.3,34.83,0.04,Critical,Card
ORD-14939,2024-04-05,Apr,2024,Joseph Ross,VIP,Corporate,Central,Czech Republic,California,Stephanieport,Office Supplies,Binders,Right,10,594.34,0.24,29.71,4516.98,1083.07,0.24,High,UPI
ORD-14940,2025-09-03,Sep,2025,Felicia Vasquez,Returning,Consumer,East,Seychelles,Nevada,North Kaylashire,Furniture,Bookcases,Official,5,303.86,0.24,11.49,1154.67,-68.11,-0.06,Critical,UPI
ORD-14941,2025-02-15,Feb,2025,William James,VIP,Corporate,North,Denmark,Connecticut,Thomaschester,Furniture,Bookcases,Song,1,706.69,0.04,46.95,678.42,-7.31,-0.01,Medium,Net Banking
ORD-14942,2024-05-26,May,2024,Luis Owens MD,New,Corporate,East,Mayotte,Louisiana,Jamesshire,Technology,Accessories,Week,7,97.59,0.29,8.26,485.02,70.28,0.14,Low,Cash
ORD-14943,2024-08-02,Aug,2024,Jeffrey Ali,New,Home Office,Central,Tuvalu,Texas,Petersonmouth,Furniture,Bookcases,Use,10,199.22,0.1,27.14,1792.98,295.37,0.16,Critical,Card
ORD-14944,2025-10-18,Oct,2025,George Palmer,New,Home Office,Central,Sri Lanka,Delaware,Port Jeremystad,Office Supplies,Storage,Local,10,129.46,0.29,12.6,919.17,225.87,0.25,Low,Cash
ORD-14945,2024-06-04,Jun,2024,Jason Foley,New,Consumer,South,Syrian Arab Republic,Utah,Kimberlyport,Office Supplies,Binders,Determine,4,186.33,0.18,48.88,611.16,0.28,0.0,High,Cash
ORD-14946,2025-07-29,Jul,2025,Gerald Valdez,New,Home Office,East,Lao People's Democratic Republic,Wyoming,Garciaside,Technology,Phones,Personal,3,108.48,0.1,47.12,292.9,83.55,0.29,Medium,Cash
ORD-14947,2024-12-07,Dec,2024,Loretta Cox,VIP,Consumer,Central,Swaziland,Nevada,North Brittany,Office Supplies,Storage,Win,7,597.7,0.24,24.43,3179.76,92.97,0.03,Critical,UPI
ORD-14948,2024-11-24,Nov,2024,Wendy Vasquez,New,Corporate,South,Samoa,Alaska,Roblesside,Technology,Phones,Reality,8,422.66,0.22,14.36,2637.4,466.69,0.18,Low,UPI
ORD-14949,2023-07-06,Jul,2023,Dylan Walls,Returning,Consumer,North,Ghana,Minnesota,Miguelside,Office Supplies,Storage,Discover,9,27.23,0.0,47.91,245.07,52.44,0.21,Medium,Net Banking
ORD-14950,2025-05-19,May,2025,Victor Schultz,VIP,Consumer,West,Sri Lanka,Michigan,Johnchester,Office Supplies,Binders,Scene,8,543.0,0.14,33.16,3735.84,-17.02,0.0,Critical,Card
ORD-14951,2025-05-09,May,2025,Dawn Arias,New,Corporate,South,Dominican Republic,Missouri,Marvinchester,Office Supplies,Paper,Address,5,747.39,0.06,34.5,3512.73,-28.67,-0.01,Critical,UPI
ORD-14952,2023-08-27,Aug,2023,Theresa Taylor,New,Home Office,East,Panama,Missouri,North Charlestown,Office Supplies,Binders,Receive,1,749.24,0.15,15.48,636.85,-3.97,-0.01,Low,UPI
ORD-14953,2023-03-03,Mar,2023,David Mccall,VIP,Corporate,South,Argentina,South Carolina,Ronaldside,Furniture,Tables,Center,9,297.33,0.15,20.81,2274.57,59.57,0.03,Medium,Card
ORD-14954,2025-09-02,Sep,2025,Stephanie Wright,New,Consumer,East,Qatar,Arkansas,Lake Tiffanyport,Furniture,Chairs,Adult,7,702.81,0.12,47.57,4329.31,-96.05,-0.02,Low,UPI
ORD-14955,2025-05-25,May,2025,Randall Joseph,VIP,Corporate,West,Comoros,Nevada,Vanessabury,Technology,Accessories,Foot,6,26.79,0.22,29.56,125.38,24.72,0.2,Low,UPI
ORD-14956,2023-09-06,Sep,2023,Christopher Martinez,Returning,Corporate,West,Iraq,Pennsylvania,Perezburgh,Technology,Phones,Floor,5,514.16,0.08,32.52,2365.14,-177.68,-0.08,Low,UPI
ORD-14957,2025-06-10,Jun,2025,Robert Rush,New,Corporate,West,Estonia,Kansas,Schneiderville,Furniture,Chairs,Part,1,87.62,0.12,11.15,77.11,-4.44,-0.06,Low,UPI
ORD-14958,2025-08-24,Aug,2025,Gerald Henson,Returning,Consumer,North,Greenland,Ohio,Riveraborough,Furniture,Bookcases,Inside,4,556.93,0.26,34.77,1648.51,493.21,0.3,Critical,Net Banking
ORD-14959,2024-10-15,Oct,2024,Mr. Chad Odom,New,Home Office,West,Philippines,Illinois,Marthaville,Technology,Phones,Fill,9,442.35,0.2,41.76,3184.92,781.02,0.25,High,Net Banking
ORD-14960,2025-05-12,May,2025,Ashley Burns,New,Corporate,West,Tanzania,Idaho,Ryanborough,Furniture,Tables,Exactly,8,785.33,0.28,23.23,4523.5,-14.38,0.0,Low,UPI
ORD-14961,2024-05-20,May,2024,Julia Rose,VIP,Corporate,South,Zambia,Virginia,North Robertbury,Furniture,Tables,Plant,10,554.68,0.08,23.96,5103.06,-406.32,-0.08,Medium,UPI
ORD-14962,2024-09-20,Sep,2024,Clarence Wood,Returning,Corporate,South,Sudan,New Hampshire,Mccoyport,Technology,Phones,Board,6,271.0,0.05,31.22,1544.7,109.22,0.07,Low,Card
ORD-14963,2024-03-09,Mar,2024,Jesse Humphrey,Returning,Consumer,East,Finland,New Mexico,Lake Kristiburgh,Office Supplies,Binders,Decision,9,257.4,0.01,49.29,2293.43,-106.43,-0.05,High,UPI
ORD-14964,2023-04-13,Apr,2023,Michael Romero,New,Home Office,East,Romania,Nebraska,North Stephen,Technology,Laptops,Economic,3,561.29,0.18,43.78,1380.77,212.31,0.15,Critical,UPI
ORD-14965,2024-11-24,Nov,2024,Theresa Dunlap,New,Home Office,North,Netherlands,Oklahoma,Smithport,Office Supplies,Binders,Party,10,78.13,0.24,21.64,593.79,169.1,0.28,Critical,Net Banking
ORD-14966,2024-08-08,Aug,2024,Stanley Thompson,VIP,Consumer,Central,Finland,Wyoming,Samanthashire,Technology,Laptops,Cover,1,552.42,0.29,31.0,392.22,53.23,0.14,Critical,Cash
ORD-14967,2024-06-21,Jun,2024,Tonya Jordan,Returning,Consumer,East,Gambia,Washington,Port Robertomouth,Technology,Phones,Many,3,117.49,0.29,39.43,250.25,-13.53,-0.05,Low,Cash
ORD-14968,2024-12-25,Dec,2024,Curtis Gross,VIP,Consumer,North,Suriname,West Virginia,Port Ashleymouth,Office Supplies,Binders,Particularly,7,106.33,0.0,40.29,744.31,166.9,0.22,Medium,UPI
ORD-14969,2023-11-26,Nov,2023,Scott Hall,New,Home Office,West,Cambodia,South Dakota,Philliptown,Furniture,Bookcases,Indeed,2,533.43,0.27,41.14,778.81,143.41,0.18,Critical,Card
ORD-14970,2023-06-13,Jun,2023,John Martinez,VIP,Corporate,East,Netherlands Antilles,North Dakota,Lake Kimberlyview,Furniture,Tables,Ago,4,172.9,0.23,43.88,532.53,22.61,0.04,Critical,Net Banking
ORD-14971,2025-07-14,Jul,2025,Jose Gomez,Returning,Home Office,East,Brazil,Minnesota,Lake Crystalstad,Office Supplies,Paper,Day,9,734.89,0.22,42.96,5158.93,1318.13,0.26,Medium,Card
ORD-14972,2024-01-28,Jan,2024,Caroline Hill,New,Corporate,North,United Kingdom,Washington,Williamsmouth,Furniture,Bookcases,Girl,4,261.37,0.12,10.7,920.02,-85.2,-0.09,Critical,Cash
ORD-14973,2024-08-30,Aug,2024,Kevin Ortega,New,Home Office,West,Australia,Arkansas,West Katelyn,Furniture,Tables,Garden,5,121.62,0.24,39.2,462.16,-1.88,0.0,Critical,Net Banking
ORD-14974,2024-10-15,Oct,2024,Edward Hernandez,VIP,Consumer,South,United States Virgin Islands,Arkansas,North Jenniferburgh,Furniture,Chairs,Color,1,774.44,0.25,22.58,580.83,8.87,0.02,High,Card
ORD-14975,2023-10-15,Oct,2023,Dakota Mitchell,Returning,Corporate,Central,Djibouti,Hawaii,Taylorbury,Technology,Accessories,Move,5,504.58,0.14,6.8,2169.69,539.71,0.25,Medium,Cash
ORD-14976,2022-12-02,Dec,2022,Matthew Lozano Jr.,New,Corporate,North,Iceland,Maryland,Josephshire,Technology,Accessories,Response,10,533.89,0.29,32.55,3790.62,-273.51,-0.07,Low,Card
ORD-14977,2024-01-22,Jan,2024,Erik Hines,VIP,Corporate,East,Mauritius,Hawaii,Lynchmouth,Office Supplies,Paper,Interest,2,501.72,0.12,23.77,883.03,251.88,0.29,High,UPI
ORD-14978,2023-05-31,May,2023,James Miller,Returning,Home Office,Central,South Georgia and the South Sandwich Islands,New York,Keithchester,Technology,Accessories,Be,6,631.27,0.0,25.86,3787.62,887.26,0.23,High,UPI
ORD-14979,2023-01-31,Jan,2023,Ryan Torres,Returning,Home Office,East,Malaysia,California,New Matthew,Office Supplies,Binders,Parent,6,509.42,0.2,28.39,2445.22,155.51,0.06,Medium,Net Banking
ORD-14980,2024-11-06,Nov,2024,Lauren Robbins,VIP,Consumer,West,Singapore,California,Anthonyshire,Furniture,Bookcases,He,7,686.54,0.21,43.98,3796.57,-277.12,-0.07,Critical,Cash
ORD-14981,2023-03-25,Mar,2023,Michael Thomas,VIP,Home Office,West,Qatar,Oregon,South Matthewmouth,Furniture,Tables,Around,2,206.28,0.18,10.69,338.3,-16.24,-0.05,High,UPI
ORD-14982,2024-12-25,Dec,2024,Stephen Mason,VIP,Consumer,East,Guinea-Bissau,Arizona,Bonillaside,Technology,Accessories,Effort,7,261.4,0.16,42.63,1537.03,423.14,0.28,Medium,Card
ORD-14983,2023-06-17,Jun,2023,Kim Copeland,VIP,Home Office,South,Ireland,Delaware,East Jasmin,Technology,Phones,Month,1,787.31,0.05,31.05,747.94,-17.67,-0.02,Low,Net Banking
ORD-14984,2024-08-10,Aug,2024,Michael Velez,New,Corporate,Central,Lithuania,Delaware,New Michellebury,Furniture,Chairs,Practice,6,753.93,0.09,18.13,4116.46,776.66,0.19,Medium,Cash
ORD-14985,2023-02-25,Feb,2023,Lisa James,VIP,Home Office,Central,Tunisia,Colorado,West Saraborough,Furniture,Tables,Development,2,344.62,0.28,19.21,496.25,-10.74,-0.02,Medium,UPI
ORD-14986,2024-12-28,Dec,2024,Barbara Cervantes,New,Corporate,North,Tokelau,Nevada,Smithtown,Technology,Accessories,Visit,8,368.79,0.07,44.56,2743.8,139.41,0.05,High,Net Banking
ORD-14987,2023-11-18,Nov,2023,Amy West,Returning,Corporate,East,Mexico,Tennessee,Lauraside,Office Supplies,Storage,Relationship,3,419.48,0.06,34.53,1182.93,18.46,0.02,Low,Card
ORD-14988,2024-06-02,Jun,2024,Jerome Hester,Returning,Consumer,Central,South Africa,Iowa,North Dannyville,Office Supplies,Storage,Nor,9,394.99,0.24,42.19,2701.73,87.8,0.03,Critical,Card
ORD-14989,2024-02-17,Feb,2024,Thomas Wilkins,VIP,Home Office,North,Kuwait,Utah,Jamesburgh,Technology,Phones,Lawyer,4,497.32,0.21,22.47,1571.53,-82.81,-0.05,High,Card
ORD-14990,2025-03-12,Mar,2025,Michael Miller,New,Home Office,West,Algeria,Ohio,Port Brett,Technology,Phones,Tell,9,711.01,0.26,17.44,4735.33,560.05,0.12,Low,UPI
ORD-14991,2023-07-19,Jul,2023,Stephanie Jones,Returning,Corporate,South,Thailand,Oregon,Lake Derek,Office Supplies,Storage,Possible,6,318.7,0.23,48.25,1472.39,-94.13,-0.06,High,Card
ORD-14992,2024-08-26,Aug,2024,Anthony Duran,Returning,Consumer,West,South Africa,Missouri,Joshuastad,Office Supplies,Paper,Along,9,338.85,0.11,35.12,2714.19,82.86,0.03,Medium,Cash
ORD-14993,2024-11-19,Nov,2024,Joseph Baker,New,Home Office,Central,Ecuador,Indiana,Lake Michaelbury,Furniture,Tables,Long,8,492.68,0.18,13.71,3231.98,454.95,0.14,Critical,UPI
ORD-14994,2023-06-29,Jun,2023,Hayden White,Returning,Home Office,North,Algeria,Massachusetts,Matthewmouth,Office Supplies,Storage,Southern,3,731.57,0.19,30.42,1777.72,7.31,0.0,High,Card
ORD-14995,2024-03-10,Mar,2024,Michelle Gilbert,New,Consumer,Central,New Caledonia,Wyoming,South Lindsayburgh,Technology,Phones,Training,10,626.78,0.05,16.05,5954.41,1579.94,0.27,Low,UPI
ORD-14996,2024-10-20,Oct,2024,David Matthews,VIP,Home Office,West,Cameroon,Michigan,Port Andreview,Technology,Phones,Hundred,8,372.09,0.19,13.04,2411.14,75.42,0.03,Medium,Cash
ORD-14997,2023-04-22,Apr,2023,Rachel Mitchell,VIP,Consumer,North,Turkmenistan,Texas,Jesseberg,Office Supplies,Paper,Base,8,703.32,0.18,41.59,4613.78,-386.37,-0.08,High,Cash
ORD-14998,2023-07-12,Jul,2023,Mary Barton,Returning,Corporate,East,Greenland,Kentucky,Charlesfurt,Technology,Phones,Reduce,8,700.07,0.17,20.13,4648.46,1142.84,0.25,High,UPI
ORD-14999,2025-09-11,Sep,2025,Karen May,New,Corporate,South,Macedonia,Ohio,East Jillian,Technology,Accessories,Seven,7,231.06,0.27,49.66,1180.72,240.21,0.2,Critical,Card
